regime,prompt_length,seed,query,output_mse,jacobian_u_mse,jacobian_v_mse
isotropic,16,0,0,0.00600681404726271,0.025640894923353547,0.009875522773290209
isotropic,16,0,1,0.0072065579689689204,0.005632734345180627,0.01192104567076573
isotropic,16,0,2,0.006082585478739205,0.0062298369409100485,0.008975620961258328
isotropic,16,0,3,0.008360275843965386,0.048625714809798944,0.013017644681082942
isotropic,16,0,4,0.006230806792176919,0.0016146847364060324,0.010150352865827588
isotropic,16,0,5,0.007601924512181547,0.01057656511106208,0.012292320612110608
isotropic,16,0,6,0.006271815245522241,0.0012733812728880534,0.00971552710019969
isotropic,16,0,7,0.006447625204564243,0.002947001703953208,0.009629409513129971
isotropic,16,0,8,0.006952669517508864,0.011271419171562156,0.009780997611960423
isotropic,16,0,9,0.00817168299505543,0.010496029448265652,0.009477522062351253
isotropic,16,0,10,0.006902288028917767,0.0029268341702500945,0.010954190452441358
isotropic,16,0,11,0.010919734732449064,0.041733561050865044,0.016198635689255034
isotropic,16,0,12,0.009139392781754687,0.011690618954756626,0.009524405878114681
isotropic,16,0,13,0.005859175743088015,0.02480828700188334,0.009298161925184715
isotropic,16,0,14,0.008041906342911164,0.027911856597085973,0.012994066944650962
isotropic,16,0,15,0.006518484391328735,0.005339190230104575,0.00942375860051606
isotropic,16,0,16,0.007877541461201976,0.007099310175802799,0.009442906453220625
isotropic,16,0,17,0.006562093489786104,0.00084025966138785,0.010180944134049165
isotropic,16,0,18,0.006549683228662011,0.005743530697442861,0.01052884440814911
isotropic,16,0,19,0.006865240262970481,0.015934296927596497,0.011250511102511341
isotropic,16,0,20,0.007030689400743023,0.01707069487321553,0.01209297233712603
isotropic,16,0,21,0.006871348321889654,0.003066812889474204,0.00930637919677889
isotropic,16,0,22,0.006728180592149886,0.03275458119571139,0.010365797206644156
isotropic,16,0,23,0.006806103950503833,0.005457675356709907,0.00950867716175947
isotropic,16,0,24,0.007326945773997269,0.003243133867386134,0.009165122547203444
isotropic,16,0,25,0.007437764049187371,0.032642957708854,0.011965683678225515
isotropic,16,0,26,0.007506541003449201,0.01637252632939501,0.00891781069646497
isotropic,16,0,27,0.007711311209088188,0.004864489752757937,0.009337497640553234
isotropic,16,0,28,0.007268581353174234,0.006883261192805747,0.011531820295265931
isotropic,16,0,29,0.006198724004654618,0.009208519231954919,0.009734114432030193
isotropic,16,0,30,0.00672125283474981,0.0016036672727228478,0.009393029362648521
isotropic,16,0,31,0.006793494886639892,0.005329094837724347,0.009796137606320029
isotropic,16,0,32,0.006071204566446661,0.01520857663537446,0.010979575011644021
isotropic,16,0,33,0.006915733912041713,0.004490968779172012,0.011497509380993746
isotropic,16,0,34,0.006700625968939848,0.002965675516507545,0.010003989780996926
isotropic,16,0,35,0.006470565011792847,0.002185989620403007,0.009276378712571386
isotropic,16,1,0,0.03338940706923353,0.022981740869233266,0.02278297603343709
isotropic,16,1,1,0.034119701216016596,0.006566312300789931,0.01997601675454823
isotropic,16,1,2,0.035332333582887974,0.022830670310370393,0.021315349331703613
isotropic,16,1,3,0.035236435476816035,0.007852940445180413,0.02155446295766892
isotropic,16,1,4,0.02912842862008553,0.042334811240475195,0.021120541872510137
isotropic,16,1,5,0.02926152729020364,0.004021898890408087,0.0174275697636376
isotropic,16,1,6,0.03329310588025111,0.006360947876026098,0.01966465182877903
isotropic,16,1,7,0.043435754139831535,0.05556107953573543,0.027890183960629138
isotropic,16,1,8,0.04347862109365797,0.04374093739251045,0.025355510917629172
isotropic,16,1,9,0.02971077134971628,0.02326896297843682,0.018187568151962732
isotropic,16,1,10,0.03219751149565294,0.0010264319629829165,0.019439867098426964
isotropic,16,1,11,0.033624790772243486,0.008830776887186568,0.019353525752131295
isotropic,16,1,12,0.045871475171052487,0.07974257766082853,0.02875232250237859
isotropic,16,1,13,0.057477954658364076,0.10393222475734401,0.042819501524495124
isotropic,16,1,14,0.03221851309423301,0.011084745054600154,0.02179065070975104
isotropic,16,1,15,0.024599110552307152,0.01836055314668683,0.016032853888669284
isotropic,16,1,16,0.028497434325114358,0.0056115366460930075,0.01790388408154372
isotropic,16,1,17,0.03831798190862131,0.027607814637156905,0.02430790826541795
isotropic,16,1,18,0.03521436736146215,0.009485590229546424,0.02108265031682839
isotropic,16,1,19,0.03126388519488511,0.007356433149602584,0.01850070778926676
isotropic,16,1,20,0.03129782765674213,0.006871835309466859,0.019123485530091487
isotropic,16,1,21,0.04024420180981968,0.011468383613898327,0.024478361384300346
isotropic,16,1,22,0.023248985999993067,0.021553226329249046,0.015621961757176981
isotropic,16,1,23,0.055586319444889565,0.0313793479012274,0.03797220170498275
isotropic,16,1,24,0.02873669837582818,0.004563982771054666,0.016607675495505386
isotropic,16,1,25,0.04500582685028479,0.060016048911754584,0.0335398316874576
isotropic,16,1,26,0.025145949208336085,0.019294928859136737,0.015592672507029294
isotropic,16,1,27,0.04850717986488568,0.022597212722318304,0.03221239200810073
isotropic,16,1,28,0.027587622018177497,0.0062302670829633856,0.016493906900339198
isotropic,16,1,29,0.03100662543519905,0.0026362096209294633,0.01832863455471577
isotropic,16,1,30,0.023628608004309805,0.02376142976258723,0.015833309633166467
isotropic,16,1,31,0.030967005392780036,0.0069002174137917935,0.019275194771020777
isotropic,16,1,32,0.035800186687707694,0.007456839616833804,0.021213657526132204
isotropic,16,1,33,0.03174761428471372,0.008624227317450075,0.01969081634547393
isotropic,16,1,34,0.02298795031584804,0.016942430622317976,0.014614670505323111
isotropic,16,1,35,0.033750886972046874,0.008381878940783936,0.020010110897428934
isotropic,16,2,0,0.002788353484050468,0.01879240602902929,0.010444948182243226
isotropic,16,2,1,0.0023205972614605812,0.008305184935299928,0.009853050391049969
isotropic,16,2,2,0.0014356028335550791,0.00240478168155516,0.011136579595846493
isotropic,16,2,3,0.003110500427032306,0.015614443979000352,0.010036467672639262
isotropic,16,2,4,0.0022617029528068963,0.005538705420905317,0.010199591827932905
isotropic,16,2,5,0.0011514638994230824,0.017299056452698764,0.011118665177005852
isotropic,16,2,6,0.0031388066173826112,0.008617684164497229,0.010617411384717498
isotropic,16,2,7,0.0014934394721858196,0.025360143348329187,0.010253162498328043
isotropic,16,2,8,0.002091866581879144,0.007156823059741975,0.009211148826742937
isotropic,16,2,9,0.0019301415044310657,0.007860435756302896,0.013464708168870848
isotropic,16,2,10,0.004568654034744794,0.024386449607013472,0.012238972956696487
isotropic,16,2,11,0.0022571893445134925,0.009104542162389985,0.009225619648452962
isotropic,16,2,12,0.0014242183344571615,0.0022617225154221514,0.009142524265448333
isotropic,16,2,13,0.002232292165902185,0.007903098160613015,0.009541139149478758
isotropic,16,2,14,0.0016835756585424206,0.021905261407875812,0.008296335821721318
isotropic,16,2,15,0.0026557308229463255,0.00904887603050206,0.010225330768942713
isotropic,16,2,16,0.0026504810504115045,0.019712868102146112,0.017670105852605464
isotropic,16,2,17,0.0022757512097103688,0.012554243441835446,0.010989889802395913
isotropic,16,2,18,0.003106581548488729,0.026296369158867246,0.011051446184706819
isotropic,16,2,19,0.00139797664295725,0.0033926962504084706,0.009537917977750969
isotropic,16,2,20,0.002101052558269771,0.01059380339699764,0.012253123938923242
isotropic,16,2,21,0.0024858024108730475,0.0059564011109028,0.00983883775211541
isotropic,16,2,22,0.0012950309070392909,0.02801621159568613,0.010081327922875903
isotropic,16,2,23,0.0016151410470445077,0.02066088532134696,0.014636572346263272
isotropic,16,2,24,0.0026740341943983026,0.033393886331866046,0.012968214983974536
isotropic,16,2,25,0.001127296366386745,0.015005804455424265,0.012084583511549488
isotropic,16,2,26,0.0016517775216789996,0.0015746949664102571,0.010915239129019016
isotropic,16,2,27,0.0013868275241105093,0.0029348430101173075,0.011009614324131615
isotropic,16,2,28,0.002912628899286473,0.03097651937950744,0.009640812837995125
isotropic,16,2,29,0.0018576413025952715,0.006912630280333799,0.013043966476388554
isotropic,16,2,30,0.002400743705678277,0.006580911607982956,0.009892534775269194
isotropic,16,2,31,0.001348525954222505,0.005765799408374613,0.008621787079059173
isotropic,16,2,32,0.002610148773886486,0.01700129364436326,0.012477648769303695
isotropic,16,2,33,0.0021210620174519075,0.018037999334490684,0.009834752723251043
isotropic,16,2,34,0.0031897908898162633,0.020269362521153564,0.009830930806858552
isotropic,16,2,35,0.0013211088017862904,0.005769307280289155,0.010393099715795506
isotropic,16,3,0,0.00398677075544699,0.009331811771653433,0.011792324851036283
isotropic,16,3,1,0.0031188259303733066,0.0011083211020988543,0.0120073668538713
isotropic,16,3,2,0.0029308470850002116,0.002880852181386296,0.01192637048318963
isotropic,16,3,3,0.003527697969411659,0.016063728056395467,0.010904395234172623
isotropic,16,3,4,0.001932682572900875,0.0014074844156665646,0.009220692854964822
isotropic,16,3,5,0.002108626460455898,0.0010487702470990525,0.009355768382191574
isotropic,16,3,6,0.0037824151120211084,0.003867926000866434,0.015079668277504161
isotropic,16,3,7,0.00200329926225273,0.001698137035114166,0.009542276614059089
isotropic,16,3,8,0.0014838313105461946,0.010570313189943305,0.008418322054215603
isotropic,16,3,9,0.002541400224992204,0.0030618253590079204,0.011285008082832497
isotropic,16,3,10,0.0032734849941707445,0.007273063871139233,0.010964496213020704
isotropic,16,3,11,0.0035832861579318713,0.002795514405233252,0.012046268045310875
isotropic,16,3,12,0.003618052952874805,0.0030894000652272272,0.013953757619932297
isotropic,16,3,13,0.002527646584813137,0.01126624826531902,0.00970758118279401
isotropic,16,3,14,0.0054694631481464785,0.008012618739156274,0.01891454212664189
isotropic,16,3,15,0.006068926351281579,0.010844735193054657,0.017307441381753483
isotropic,16,3,16,0.003882128902028788,0.010297937359996819,0.012865633193933934
isotropic,16,3,17,0.0038085412976192915,0.0009451755376087912,0.013178597196138118
isotropic,16,3,18,0.0027405777588271328,0.003691215458005408,0.011884851163772876
isotropic,16,3,19,0.001976079559693091,0.0015207168348061652,0.009246794345664697
isotropic,16,3,20,0.002903279652023083,0.001353656736651351,0.011804911869138793
isotropic,16,3,21,0.00261159781219459,0.0056355773450418424,0.010975730069599524
isotropic,16,3,22,0.003424755914046294,0.001992582448019223,0.011517976645710694
isotropic,16,3,23,0.006475200224858825,0.009051555733744339,0.022455610985100266
isotropic,16,3,24,0.001968093903938652,0.0011184936461655823,0.009236940018888255
isotropic,16,3,25,0.005303618929316333,0.012689148557913293,0.020779948258147548
isotropic,16,3,26,0.0019346618535325455,0.012363302929548443,0.009140328997862083
isotropic,16,3,27,0.0029789016261006856,0.0018276055780756856,0.011362427842693677
isotropic,16,3,28,0.002847492242809601,0.002677373416880552,0.01020208583812373
isotropic,16,3,29,0.005462057762834905,0.004633003216614209,0.016902805827336803
isotropic,16,3,30,0.0024471070437382643,0.011173158480009888,0.009655358978747537
isotropic,16,3,31,0.00275775373022279,0.005295728854725489,0.009762492551398829
isotropic,16,3,32,0.0019468616182638176,0.002295687982841808,0.009299205687813804
isotropic,16,3,33,0.0014563470152061065,0.008886963035513468,0.00887743452116269
isotropic,16,3,34,0.002542806161806081,0.0038784547767572834,0.00996735196030761
isotropic,16,3,35,0.003976049256702394,0.0023804867357268243,0.013268865622732558
isotropic,16,4,0,0.005892739905102387,0.01387783136214909,0.007174591429656248
isotropic,16,4,1,0.008160723747125183,0.003421722880238967,0.007862278581833198
isotropic,16,4,2,0.005194365507433071,0.005783037453577119,0.006251701447431524
isotropic,16,4,3,0.005706602074029062,0.017160455096543126,0.005699089052080543
isotropic,16,4,4,0.010148810653056655,0.012135145098369248,0.009544266904462046
isotropic,16,4,5,0.006799448039585982,0.004890484194450274,0.0066430556224007665
isotropic,16,4,6,0.010044666963578109,0.015706985935041384,0.012308168603397084
isotropic,16,4,7,0.007711085819278233,0.008029727191445287,0.005785777703577976
isotropic,16,4,8,0.006614616967368546,0.013676565059147527,0.004936802229687315
isotropic,16,4,9,0.008013439645682319,0.007309336919541384,0.005878262571465059
isotropic,16,4,10,0.005872676411820441,0.02472606331880687,0.007666710158068475
isotropic,16,4,11,0.008495980230203006,0.007508606011976324,0.009996129403091277
isotropic,16,4,12,0.008103526345707818,0.005825651424696276,0.009119257650046585
isotropic,16,4,13,0.006224475879802511,0.006727973959040599,0.007725760157147045
isotropic,16,4,14,0.00477370401951915,0.01311807178624497,0.005534447862501633
isotropic,16,4,15,0.008945917606771929,0.017712094856396136,0.012630504257391144
isotropic,16,4,16,0.007012774405467971,0.008518826335165866,0.005622660520927674
isotropic,16,4,17,0.007585259031639283,0.010313458416916627,0.008030129418152876
isotropic,16,4,18,0.007099895529874353,0.0032313686898022952,0.007643993114405794
isotropic,16,4,19,0.006162213064383884,0.012037534618063575,0.005691135333475813
isotropic,16,4,20,0.008936272461656158,0.01070787330142335,0.007313366749829396
isotropic,16,4,21,0.006351438305768493,0.026763024970050422,0.009475629455892053
isotropic,16,4,22,0.00836509205419195,0.015691146442495765,0.007654687123446453
isotropic,16,4,23,0.009910044542987132,0.043369983559340665,0.0063406766805984
isotropic,16,4,24,0.005923244835852812,0.004656733441073452,0.0069760556232398106
isotropic,16,4,25,0.00737736644631907,0.0023225255647567854,0.006213553816073438
isotropic,16,4,26,0.008292555768536181,0.027495911645369724,0.005562800748764781
isotropic,16,4,27,0.0069471714069520366,0.003149462005238729,0.006573324386865829
isotropic,16,4,28,0.007038966359904858,0.007659243456904658,0.0054855320747044896
isotropic,16,4,29,0.008468538883792445,0.006861912216104363,0.010495357554289039
isotropic,16,4,30,0.005090772536315002,0.028538089968278314,0.008020252216502244
isotropic,16,4,31,0.009080046722930803,0.015453479709875014,0.008602501708450394
isotropic,16,4,32,0.006859145157867572,0.002858220519167452,0.007026514691112402
isotropic,16,4,33,0.008909094420131686,0.024302769164604023,0.010227039483851312
isotropic,16,4,34,0.008534508488018379,0.008137621077121338,0.008862784383308432
isotropic,16,4,35,0.007748458985233275,0.005055861670575555,0.007470302811850325
isotropic,16,5,0,0.015935468799976468,0.06731039020336288,0.017800446718748617
isotropic,16,5,1,0.011421554388133547,0.0007677967923903113,0.014485970690380908
isotropic,16,5,2,0.015330408938911896,0.013713191071304122,0.017485181904140085
isotropic,16,5,3,0.014691383483167461,0.01295355981101242,0.017440709884282847
isotropic,16,5,4,0.016456723323292465,0.014546863037914623,0.018237121379874148
isotropic,16,5,5,0.014428117198610022,0.035712971477295116,0.017327635182864242
isotropic,16,5,6,0.010722847457343171,0.009656070524220716,0.013861625857467044
isotropic,16,5,7,0.00976414033580528,0.008992604961386602,0.013857578385309861
isotropic,16,5,8,0.013189764547948988,0.012132689119323544,0.01628427510349672
isotropic,16,5,9,0.031217189958459714,0.08789349594223225,0.030856652160887003
isotropic,16,5,10,0.009053561107185231,0.02270843935067935,0.011966604142845227
isotropic,16,5,11,0.012130413642175885,0.011163700581548714,0.01613469241142572
isotropic,16,5,12,0.019343361473084086,0.028541125512584635,0.020552929250527985
isotropic,16,5,13,0.017550634529339443,0.022695655826360427,0.019201822851262956
isotropic,16,5,14,0.010164288594489344,0.01052472288142801,0.013307887970332624
isotropic,16,5,15,0.008066566917773566,0.011544410952543995,0.012103848499542687
isotropic,16,5,16,0.01502251699669339,0.009633332626338401,0.018403830971750704
isotropic,16,5,17,0.0071869919578236895,0.020646875104402884,0.009689776477053224
isotropic,16,5,18,0.0130553682986757,0.010237575905594784,0.015817246427960077
isotropic,16,5,19,0.01914746673340602,0.09362670497977468,0.02008219971595675
isotropic,16,5,20,0.0075843903820560065,0.05799331007241041,0.00999778368908891
isotropic,16,5,21,0.009157448033786836,0.005180265619191987,0.012514790966093309
isotropic,16,5,22,0.011495122809153893,0.024157154011149144,0.0135887112840642
isotropic,16,5,23,0.009135111493263593,0.013865891115415724,0.012162096918544196
isotropic,16,5,24,0.012765416733959051,0.03472918604785217,0.015712871585223855
isotropic,16,5,25,0.013268834515143619,0.026141647863546474,0.01629443772425421
isotropic,16,5,26,0.015567323238030315,0.046423497296182684,0.01660403090189962
isotropic,16,5,27,0.013950801253927239,0.012734150574400093,0.017796718774893194
isotropic,16,5,28,0.016422130754292233,0.02410556293172648,0.019297122126155367
isotropic,16,5,29,0.009781209228142476,0.030195923746865472,0.012754305746893754
isotropic,16,5,30,0.007631900657024658,0.01160205845840832,0.010572234427806644
isotropic,16,5,31,0.013368343208718055,0.007203398554764135,0.016562320769462107
isotropic,16,5,32,0.008194088502684363,0.012818403722656763,0.011799753632227126
isotropic,16,5,33,0.013249598862295677,0.026880514574006132,0.016265412091821477
isotropic,16,5,34,0.005265169833408568,0.05980514935248705,0.007294909638149549
isotropic,16,5,35,0.00948642617944855,0.01774303776110756,0.012524198321359911
isotropic,16,6,0,0.0014582559830934151,0.02404861125485657,0.024014569791738917
isotropic,16,6,1,0.0028245245292895494,0.008788561558288444,0.021335850661073474
isotropic,16,6,2,0.0032910080099476493,0.005508903324559923,0.015523535703975785
isotropic,16,6,3,0.010452977674699635,0.030531442308067466,0.022386372895785475
isotropic,16,6,4,0.0058795300895491,0.010098141019185365,0.012145099660606642
isotropic,16,6,5,0.010876102863629274,0.07396510644025628,0.026962163323853865
isotropic,16,6,6,0.003725280044477037,0.007065819218927176,0.01710887059793214
isotropic,16,6,7,0.027655657000692075,0.19782183757982197,0.022448448719629192
isotropic,16,6,8,0.00600821980071824,0.017356943193707553,0.017548062014979392
isotropic,16,6,9,0.0031666017210713396,0.013441664708385261,0.011786929065147448
isotropic,16,6,10,0.012528476402680892,0.02916125287537448,0.016090469953299037
isotropic,16,6,11,0.002625259482662848,0.012858787294884544,0.020156138565674612
isotropic,16,6,12,0.003456982434368659,0.01241508423111357,0.010024723241544133
isotropic,16,6,13,0.002842234638913066,0.0021733568084311783,0.015641718240955067
isotropic,16,6,14,0.004452545931973772,0.015226593939320745,0.011186471355729928
isotropic,16,6,15,0.0029943829527892415,0.002724734321890467,0.013155786963647621
isotropic,16,6,16,0.005457012438546391,0.02520051416549596,0.008075876103246163
isotropic,16,6,17,0.002198196094418146,0.005636897833745403,0.01939591728213684
isotropic,16,6,18,0.007807292752145365,0.049017419695050746,0.0175072926817003
isotropic,16,6,19,0.004053382871751947,0.021716884238718464,0.013184385294019786
isotropic,16,6,20,0.003884245301232675,0.002135753267254859,0.014385759976754238
isotropic,16,6,21,0.00453534896019684,0.057989676993124496,0.01660136649660351
isotropic,16,6,22,0.0036372120581661836,0.02190616900584528,0.032473507596056404
isotropic,16,6,23,0.0016759011957401381,0.02469555294097502,0.017686604205559172
isotropic,16,6,24,0.005324708183601683,0.008078550551350271,0.013755869350215373
isotropic,16,6,25,0.0026900278903254685,0.012616434842852341,0.01891587584483381
isotropic,16,6,26,0.006718714741419043,0.0176302910621449,0.014472545186301996
isotropic,16,6,27,0.004648297629701009,0.00422426673744145,0.013464908524172349
isotropic,16,6,28,0.008545907912666432,0.1275241344828266,0.011740978911818307
isotropic,16,6,29,0.0029935749937023085,0.009809147941710856,0.019223589858556007
isotropic,16,6,30,0.005852804834746485,0.03632571571680113,0.008488878139440117
isotropic,16,6,31,0.005546831164369017,0.027447192490115565,0.013141004178505031
isotropic,16,6,32,0.00198738463460832,0.008333228304074247,0.02190662900936732
isotropic,16,6,33,0.003613534578595471,0.0052335322838234855,0.01638689372313369
isotropic,16,6,34,0.0029868676839178137,0.013285061310765468,0.02032986836467447
isotropic,16,6,35,0.0028988792272550074,0.014875832171116175,0.010340086088662551
isotropic,16,7,0,0.009775513966724705,0.03538720208108127,0.013201237528052183
isotropic,16,7,1,0.0069845774633638304,0.016031518718301652,0.01041019886415297
isotropic,16,7,2,0.017512556106533766,0.049742668026654654,0.01974274383341023
isotropic,16,7,3,0.0065724357800834975,0.024935978272020688,0.009966925444254787
isotropic,16,7,4,0.007320510906400978,0.052383408945209375,0.01070148365093818
isotropic,16,7,5,0.01793663322537342,0.05798508427511992,0.02035655935245477
isotropic,16,7,6,0.012529611772660772,0.0833600406662329,0.014948220596787035
isotropic,16,7,7,0.011443596465381999,0.011924342537730972,0.014561498865060002
isotropic,16,7,8,0.005276902035343277,0.03238839261548997,0.008489440523641473
isotropic,16,7,9,0.005108119301613936,0.03509047709984256,0.008221410529636406
isotropic,16,7,10,0.005767617689406685,0.25263137290094345,0.008741024517513758
isotropic,16,7,11,0.006490649141995036,0.04672669713773999,0.009833277127841279
isotropic,16,7,12,0.008023080574733513,0.020238860816002156,0.01106422313264743
isotropic,16,7,13,0.011560415602465597,0.07531003963450386,0.012698244218221893
isotropic,16,7,14,0.005515232873689676,0.025962340899569177,0.008755212269488733
isotropic,16,7,15,0.011480798504084247,0.012082342566748566,0.013883308320824659
isotropic,16,7,16,0.0051827661994868395,0.04139269083928257,0.008337876181619124
isotropic,16,7,17,0.006449635910338749,0.042870983383462576,0.01050899296456935
isotropic,16,7,18,0.009376922818675417,0.011227119657405187,0.012941090697617657
isotropic,16,7,19,0.008795149288372618,0.02140937216146373,0.012337507467678397
isotropic,16,7,20,0.012607371766295785,0.02359200306811856,0.014621275753282523
isotropic,16,7,21,0.0058079556100138026,0.10142763948921026,0.009284822940463124
isotropic,16,7,22,0.010341678340726338,0.02089711025734691,0.013007678754039947
isotropic,16,7,23,0.010687419499916603,0.015752058482165272,0.014452690065263311
isotropic,16,7,24,0.013092553658671685,0.047268713632173,0.014546190685124822
isotropic,16,7,25,0.008422973933815288,0.056032827640669046,0.011761602251453986
isotropic,16,7,26,0.007007338335026057,0.09655027184435273,0.00966174337210234
isotropic,16,7,27,0.015210628045863771,0.044278792380885335,0.017205996509707566
isotropic,16,7,28,0.006922386958892739,0.012912396296828395,0.010324683387769134
isotropic,16,7,29,0.007781128250516284,0.04329551298103236,0.010796036675272484
isotropic,16,7,30,0.014354394707727513,0.027858218195847616,0.016349756899476056
isotropic,16,7,31,0.006836692966479984,0.05074916136392941,0.010243910384267588
isotropic,16,7,32,0.007221055967910145,0.07222155886996309,0.010780001868694659
isotropic,16,7,33,0.010986444801992653,0.03523495705924904,0.014647574716636535
isotropic,16,7,34,0.006147422327274736,0.1065152999597271,0.009282069781064224
isotropic,16,7,35,0.008133970017195418,0.026601966870968385,0.011661399655859932
isotropic,32,0,0,0.015038608813926603,0.0019321269173913304,0.0076504860834374026
isotropic,32,0,1,0.012510661359034178,0.007597133405755179,0.007713549179495451
isotropic,32,0,2,0.0244046366925512,0.010207467246808566,0.011086727086556641
isotropic,32,0,3,0.016195181644595758,0.0016920813794715375,0.00838930618546331
isotropic,32,0,4,0.012416808186324265,0.008627022745554807,0.007697084763187095
isotropic,32,0,5,0.023653733799923832,0.009199641667190457,0.010958220199735882
isotropic,32,0,6,0.012170292999057829,0.0141955502883293,0.007247066186702664
isotropic,32,0,7,0.02259529525158814,0.018508914830536197,0.010694919601189927
isotropic,32,0,8,0.012656119211009204,0.00844230496762405,0.0072304109896385894
isotropic,32,0,9,0.01987432243026432,0.005065399368126175,0.009558731528872107
isotropic,32,0,10,0.0119014843042586,0.006904546016434246,0.007383965246801871
isotropic,32,0,11,0.02042088416811492,0.009287190563714492,0.009495853640663701
isotropic,32,0,12,0.011592490785899525,0.008634574579523522,0.007257603055183049
isotropic,32,0,13,0.012802981508524536,0.009597482041457363,0.007096143811539002
isotropic,32,0,14,0.01747044547919097,0.005738139529711231,0.008130888805729366
isotropic,32,0,15,0.015395656244241246,0.0028162706232101736,0.007900664730541886
isotropic,32,0,16,0.013126432340691382,0.0005471654539842773,0.007308944197106451
isotropic,32,0,17,0.01588444584918066,0.00472692191386652,0.008505654975888873
isotropic,32,0,18,0.015062303798983545,0.006831657353928806,0.007301610130841366
isotropic,32,0,19,0.016726515396429328,0.002337141696175124,0.00819051431823769
isotropic,32,0,20,0.014291597482211796,0.0014204572361825553,0.007390327742721574
isotropic,32,0,21,0.010054078224446344,0.013248791481461405,0.0065383637592282785
isotropic,32,0,22,0.013085995189160338,0.00889915491030713,0.006673184584965346
isotropic,32,0,23,0.017804744794506694,0.0036882217867603272,0.008310803441164546
isotropic,32,0,24,0.01651920823657539,0.003663114696830794,0.008631159894661154
isotropic,32,0,25,0.014965531756174388,0.0060519686775623764,0.008196595951220029
isotropic,32,0,26,0.015028820135312308,0.0013561417296002647,0.007840413958689852
isotropic,32,0,27,0.01085026441536741,0.010430725912549324,0.007288872428502446
isotropic,32,0,28,0.021767670706207432,0.009499585968236945,0.010587374203984853
isotropic,32,0,29,0.019921515563308644,0.008882322120113202,0.009087386734011573
isotropic,32,0,30,0.012206137950705872,0.0067072238418269415,0.0075628682125437685
isotropic,32,0,31,0.012204940067777038,0.005058512995940825,0.007336353044380699
isotropic,32,0,32,0.0213889742510526,0.005321982399955954,0.009693261518608137
isotropic,32,0,33,0.01102934063072906,0.0064448171398225704,0.006345554204748184
isotropic,32,0,34,0.014193104125285827,0.003936683148371147,0.007926113714818085
isotropic,32,0,35,0.010795153398060496,0.005890050675481684,0.006623891530605846
isotropic,32,1,0,0.004478744352406919,0.005447279038610444,0.006297294764579815
isotropic,32,1,1,0.008064589246393328,0.018006207531914835,0.010413158076877704
isotropic,32,1,2,0.004950249485363049,0.009675534518013618,0.007394342484882953
isotropic,32,1,3,0.00498580553750302,0.0010938442257592386,0.007197597023720086
isotropic,32,1,4,0.004568265519794488,0.002774251847765331,0.006522094977793489
isotropic,32,1,5,0.005243779951432902,0.01466331373363032,0.007969214729070057
isotropic,32,1,6,0.005770404466224108,0.011028550920564408,0.008754453008022408
isotropic,32,1,7,0.007059727407282095,0.015694400595972744,0.010002326683000645
isotropic,32,1,8,0.0048705156731424434,0.011411086152356704,0.007373637052112866
isotropic,32,1,9,0.00731863222726773,0.023356899320896803,0.008653917349558827
isotropic,32,1,10,0.008528948125084888,0.022500495081126937,0.011663733273708208
isotropic,32,1,11,0.006440763363871391,0.015253219635391542,0.009036644685148747
isotropic,32,1,12,0.006423189533519667,0.03750476734248802,0.008797068841776211
isotropic,32,1,13,0.00660677690326446,0.018612048959024505,0.009038351957838288
isotropic,32,1,14,0.005504367679370575,0.01455832957287221,0.007291237532588727
isotropic,32,1,15,0.004897940465746469,0.005498700962179073,0.007467777829954598
isotropic,32,1,16,0.004788261912417033,0.007211028849291999,0.00744366434384983
isotropic,32,1,17,0.005215994818867083,0.014986252564051502,0.0076434407093309
isotropic,32,1,18,0.007677368932436993,0.01565176656797323,0.009713518409234945
isotropic,32,1,19,0.004677279697786072,0.014850518370259042,0.005849243209688544
isotropic,32,1,20,0.007613582792319388,0.022137223495504323,0.009845658469826291
isotropic,32,1,21,0.005023269084973034,0.023504992339158672,0.007494405023800088
isotropic,32,1,22,0.0048287639792266995,0.0042326043027999145,0.006828217230503355
isotropic,32,1,23,0.008686855376494693,0.014940791298260104,0.011815286829674199
isotropic,32,1,24,0.00921546858910197,0.02911958805922072,0.012039518077483484
isotropic,32,1,25,0.005674695587580996,0.003619392236906857,0.00808984359179353
isotropic,32,1,26,0.005182692907484952,0.014713312399557874,0.007591800334153248
isotropic,32,1,27,0.004607543738573956,0.009390809023659897,0.0067674406877055605
isotropic,32,1,28,0.005945770212089391,0.00935764075633704,0.007316812844441552
isotropic,32,1,29,0.006966140095689292,0.030554499130699096,0.009340181403485543
isotropic,32,1,30,0.007090449894212808,0.025284288038201014,0.00774818258687444
isotropic,32,1,31,0.00613538617631002,0.0057945173702854255,0.008576706594064202
isotropic,32,1,32,0.009270914139183985,0.024392693196593235,0.012453726759254137
isotropic,32,1,33,0.007657987230510876,0.014365394887647282,0.00968350836639166
isotropic,32,1,34,0.007632189482938916,0.015190849249142031,0.010187708083371768
isotropic,32,1,35,0.005465168511467444,0.02293911974518998,0.00758112830309938
isotropic,32,2,0,0.0029536202389137916,0.0027385125956160567,0.00344501882469366
isotropic,32,2,1,0.0032996680682154285,0.00905508210402838,0.0034455409800153132
isotropic,32,2,2,0.003030915422559938,0.011618412250499503,0.0038738884918820098
isotropic,32,2,3,0.0029647194860207195,0.0015011288303609094,0.003321767451153335
isotropic,32,2,4,0.003910618386534328,0.011054518453337228,0.004006401979753464
isotropic,32,2,5,0.0028748248138384647,0.0013808260800278914,0.003062764526235176
isotropic,32,2,6,0.006218770307196362,0.010430319549874287,0.003990958699068748
isotropic,32,2,7,0.002127596833377597,0.014814986008716852,0.0027993808041250475
isotropic,32,2,8,0.002559220197277528,0.008508369407291598,0.00372342467949066
isotropic,32,2,9,0.00452469281813374,0.003721553078595484,0.0036772663103388386
isotropic,32,2,10,0.0029940274265545658,0.02233609808048642,0.0039558484894716625
isotropic,32,2,11,0.0034049764310160532,0.00605249824785396,0.0033042034971003022
isotropic,32,2,12,0.002342858883566665,0.0005664404552182784,0.0029631917607193924
isotropic,32,2,13,0.0030374223856679742,0.006392880514131013,0.003315429041137012
isotropic,32,2,14,0.0036108311292234237,0.003678485382949898,0.003262038581137397
isotropic,32,2,15,0.003690146594827157,0.003929418255525783,0.0034657279500129225
isotropic,32,2,16,0.0026413252132606356,0.005978266376673879,0.003471435022200807
isotropic,32,2,17,0.002537001826701857,0.0033973069057606758,0.0028362473420050363
isotropic,32,2,18,0.002750817086272199,0.009115702460875931,0.0034291172257244263
isotropic,32,2,19,0.002435678984241683,0.0021301575360383415,0.0029504983971681154
isotropic,32,2,20,0.0019144801008175564,0.00622448860854351,0.00275987712771035
isotropic,32,2,21,0.0036191827255251394,0.00446835830622298,0.003578049275604239
isotropic,32,2,22,0.003529813844431912,0.0018614247316030982,0.003297090493945709
isotropic,32,2,23,0.002498145039228819,0.008531177048051225,0.002962361374013388
isotropic,32,2,24,0.0023708515872890735,0.008640407857971977,0.0032130021761476867
isotropic,32,2,25,0.003270172213871863,0.0033970720877022353,0.003587272576898594
isotropic,32,2,26,0.002446495111996412,0.0023796502524018664,0.0028616361745101224
isotropic,32,2,27,0.0022705023982429362,0.004464675942496395,0.0031455808565391203
isotropic,32,2,28,0.0037429329439998948,0.012693570204770788,0.0034763496814434447
isotropic,32,2,29,0.0037770443661197923,0.017899629920108726,0.0036963106650342676
isotropic,32,2,30,0.0029329293945758294,0.019268878148079552,0.003470993684910512
isotropic,32,2,31,0.003185818051080582,0.017016811295187964,0.0035303327706863157
isotropic,32,2,32,0.0034741428676900456,0.015436150414072798,0.0035718277862456242
isotropic,32,2,33,0.002765395955355068,0.010567533905989461,0.003014685077451431
isotropic,32,2,34,0.0022725632106281373,0.013301436818595884,0.003138244464632305
isotropic,32,2,35,0.004965472177244308,0.007955975130773322,0.003858900782763224
isotropic,32,3,0,0.004852372675674989,0.0038111295011548545,0.004239650041278277
isotropic,32,3,1,0.005037751133543026,0.0013957501987069232,0.004715032391451232
isotropic,32,3,2,0.005801516924189727,0.0038493603780391855,0.005778465138289694
isotropic,32,3,3,0.0045726819294940645,0.004475781912932356,0.0038871125785576977
isotropic,32,3,4,0.00407365606176836,0.007274806507372226,0.003322363901083985
isotropic,32,3,5,0.005023265102962313,0.004099724549083122,0.00456320868287912
isotropic,32,3,6,0.005011725750403141,0.0011363944398720483,0.004588965215508236
isotropic,32,3,7,0.006675039716180003,0.004078381333957334,0.007006145548567563
isotropic,32,3,8,0.0066267135372137355,0.009528426973780622,0.00680354613233763
isotropic,32,3,9,0.004655340029387154,0.004155250374371198,0.004309188683670042
isotropic,32,3,10,0.0044807688415548445,0.002523715399906422,0.0038677094634084926
isotropic,32,3,11,0.005170434805708259,0.002144423945377359,0.0046269392157265
isotropic,32,3,12,0.005781950344891458,0.0023144970229943378,0.005508204887269486
isotropic,32,3,13,0.00609304578312852,0.0023454269854501202,0.006043818066250227
isotropic,32,3,14,0.0070032587775916725,0.005022003906331169,0.007190503344599992
isotropic,32,3,15,0.0050313700120539874,0.008986801737225103,0.0046696067769389634
isotropic,32,3,16,0.005115015705531502,0.0005500081920573012,0.004691701955129591
isotropic,32,3,17,0.005536106014748573,0.0024598909267068247,0.00515759736475099
isotropic,32,3,18,0.005406665432784986,0.0032535496328659342,0.005173587786996723
isotropic,32,3,19,0.005277984134897194,0.004203358938970284,0.0046376304116763955
isotropic,32,3,20,0.005915389474571026,0.00402642691783967,0.006021007508413055
isotropic,32,3,21,0.005275692012985051,0.0026062253810904996,0.005007940756570581
isotropic,32,3,22,0.00739144560960815,0.012741532805890333,0.007215766974121417
isotropic,32,3,23,0.006619869931695648,0.003982959256232179,0.006836575088929585
isotropic,32,3,24,0.005572479669064696,0.0007946009166308477,0.0052857623235456775
isotropic,32,3,25,0.005667041011604999,0.0014628538567419377,0.005522963869923207
isotropic,32,3,26,0.006070906584521638,0.003839551172580262,0.006000469896699834
isotropic,32,3,27,0.006065895317141287,0.002585586026946929,0.00587598611915607
isotropic,32,3,28,0.006908147591370892,0.0043137265080567455,0.007268939625550983
isotropic,32,3,29,0.006455217228307217,0.004492963560204732,0.00659933925703006
isotropic,32,3,30,0.006590176749724043,0.0038600034440820696,0.006914600095283389
isotropic,32,3,31,0.004766620183190314,0.0019068160399292188,0.004205562866473782
isotropic,32,3,32,0.005483393579694213,0.003914401052423001,0.005099164136392309
isotropic,32,3,33,0.005738407753519384,0.00795603677041162,0.005269742529907966
isotropic,32,3,34,0.0052433779712377435,0.002335970637051831,0.004848282707519644
isotropic,32,3,35,0.005614906883679528,0.0009198374717231765,0.005394809215007013
isotropic,32,4,0,0.03698601130448068,0.03914463825857909,0.02611539677385001
isotropic,32,4,1,0.019366876692361493,0.0010513610456670147,0.018915418429053178
isotropic,32,4,2,0.015813503590815233,0.003451001195450709,0.019147384804944375
isotropic,32,4,3,0.013746888064082962,0.022663899109115034,0.01658003600337398
isotropic,32,4,4,0.013688901860688243,0.004580688157158542,0.017154150608801613
isotropic,32,4,5,0.01940484492356969,0.008856233708891856,0.01700363065050778
isotropic,32,4,6,0.017179240422209426,0.009258952909575057,0.016695090649434034
isotropic,32,4,7,0.019712330486678163,0.004964065683755248,0.021819824860365707
isotropic,32,4,8,0.010250760378437638,0.02023342601781484,0.01345643309469401
isotropic,32,4,9,0.01780614023836683,0.013784324713601272,0.020189792323135027
isotropic,32,4,10,0.01632723321323694,0.002346959906132635,0.017873681811658097
isotropic,32,4,11,0.026129655816142943,0.008940004416824084,0.021546045214224107
isotropic,32,4,12,0.017047711710015078,0.0063209019083439386,0.016828759870596104
isotropic,32,4,13,0.024809788483873364,0.010477529604987325,0.020714746160223167
isotropic,32,4,14,0.01615591317758063,0.015266763638353671,0.018107210631295202
isotropic,32,4,15,0.015004216757182089,0.008304043455175165,0.018367535757987725
isotropic,32,4,16,0.014456779073104827,0.007070153107225484,0.01767918765447303
isotropic,32,4,17,0.025754253963599715,0.006085619771283392,0.02091074333702487
isotropic,32,4,18,0.016649534966788528,0.014903675345779722,0.02111349355593815
isotropic,32,4,19,0.014280218075026599,0.009050643020347554,0.017661539582174635
isotropic,32,4,20,0.015440406945789714,0.008405995031622076,0.020277560600688447
isotropic,32,4,21,0.015369984790159176,0.021581239298671666,0.020188122520096045
isotropic,32,4,22,0.016059606250918082,0.001009288109447819,0.01879040495484797
isotropic,32,4,23,0.01741605218991041,0.004269999061339843,0.01982277455227581
isotropic,32,4,24,0.022431996059598558,0.016487908861646226,0.01962404695447856
isotropic,32,4,25,0.020747006849871522,0.008211018495276598,0.018534294401677098
isotropic,32,4,26,0.02487481806468579,0.004422509510630116,0.020516500255636318
isotropic,32,4,27,0.02202436955910053,0.004304723606174906,0.020043437385121377
isotropic,32,4,28,0.020905342953810673,0.0077953456032839475,0.021576384276573834
isotropic,32,4,29,0.020067555382378643,0.0011657853488332014,0.018810693959467946
isotropic,32,4,30,0.014840925215156987,0.010485330878171245,0.015707263510959545
isotropic,32,4,31,0.016572404000989544,0.0056838307710937,0.017664099272567603
isotropic,32,4,32,0.015150261695157053,0.0025855861335941006,0.016946069170763668
isotropic,32,4,33,0.019016352009414934,0.01193399359380236,0.01787301356529594
isotropic,32,4,34,0.017951421515741316,0.0011489795213545874,0.018443196522604906
isotropic,32,4,35,0.011329940201038191,0.011663074339082929,0.015480681516996135
isotropic,32,5,0,0.025658746079135552,0.004321065257083748,0.020160644269247276
isotropic,32,5,1,0.024813586644374892,0.024054413522529683,0.026067230006397286
isotropic,32,5,2,0.025268491911890217,0.00971458491551015,0.022620002894548585
isotropic,32,5,3,0.024512265286107327,0.0024445059330436354,0.0211527035268107
isotropic,32,5,4,0.024520014636277173,0.009607765759110163,0.019242073495434504
isotropic,32,5,5,0.024850118603491317,0.006251453224750074,0.01984238258685182
isotropic,32,5,6,0.02423321822933635,0.003168789116005329,0.02051350438942235
isotropic,32,5,7,0.021687702324443267,0.01832804394510541,0.021114720348497644
isotropic,32,5,8,0.021957774049931596,0.010548517114619536,0.018073543396590463
isotropic,32,5,9,0.020475292195793714,0.011132482731940405,0.016964894437479984
isotropic,32,5,10,0.023710023379821393,0.012470476588253267,0.02051212538242346
isotropic,32,5,11,0.02201833638835141,0.017067699309377894,0.01777866423172655
isotropic,32,5,12,0.02150118541768613,0.005938252984901451,0.01731977198991779
isotropic,32,5,13,0.025529004685921418,0.0042257785400458305,0.020026767010092535
isotropic,32,5,14,0.023126694024005787,0.003842530685804902,0.0173422124121694
isotropic,32,5,15,0.021285436877189354,0.009136284600206747,0.015736935248147343
isotropic,32,5,16,0.025480224841423215,0.009396643045733425,0.022974411493820672
isotropic,32,5,17,0.022240540571908007,0.03627481460739933,0.022679366256004453
isotropic,32,5,18,0.02167922538762303,0.02015531538844197,0.018455221836298635
isotropic,32,5,19,0.026307954501566064,0.022442100722543636,0.02446358585773446
isotropic,32,5,20,0.025891812404969183,0.0100343097395092,0.02222971700879097
isotropic,32,5,21,0.02448850712351801,0.01635320286983228,0.020685000019326365
isotropic,32,5,22,0.024804929893145075,0.0038151950709277194,0.018712787946849507
isotropic,32,5,23,0.02213628591682027,0.01687639107526739,0.0185715403958419
isotropic,32,5,24,0.024198553764120945,0.0029102114011598295,0.021792124364257787
isotropic,32,5,25,0.023307021069999163,0.0015955300212445343,0.018771712628984645
isotropic,32,5,26,0.022958120592353033,0.0016508881887486527,0.01769344265117537
isotropic,32,5,27,0.02367766058022096,0.0016856522204340711,0.019091820888187894
isotropic,32,5,28,0.024038753871412397,0.005971081212055324,0.019620567739613275
isotropic,32,5,29,0.024000980048688607,0.004924201180495386,0.02252839081416604
isotropic,32,5,30,0.024233986822816002,0.0024645723736646057,0.021804887634806935
isotropic,32,5,31,0.02668908380112904,0.01917893151900656,0.021661676724354907
isotropic,32,5,32,0.02379050316799428,0.0029462125459593924,0.02011559593445082
isotropic,32,5,33,0.023582931651577464,0.007519419035671126,0.021754702557857882
isotropic,32,5,34,0.022676170411512608,0.0027448918184729996,0.018518884116080676
isotropic,32,5,35,0.023744477109697126,0.0054621208159194405,0.020352102638601776
isotropic,32,6,0,0.002003556631982424,0.013152129108997608,0.0027020952419886403
isotropic,32,6,1,0.0007842187847864079,0.0036864064245746833,0.000983399816138016
isotropic,32,6,2,0.0006418761190950594,0.002268809229338734,0.0014051651101046239
isotropic,32,6,3,0.0010680487001634294,0.003147619056724505,0.0018210667418636084
isotropic,32,6,4,0.0009092368260285252,0.0006610476168853982,0.0013808921463550762
isotropic,32,6,5,0.0014274844485976453,0.006949539713186713,0.0017933544996105505
isotropic,32,6,6,0.0006767592094279124,0.005285384513246475,0.0011600815910906203
isotropic,32,6,7,0.0029607307679866786,0.019517587063322676,0.0040405725320136554
isotropic,32,6,8,0.0018136952634800656,0.014814015041077358,0.002041782419146375
isotropic,32,6,9,0.0006381346126654084,0.004445078472992309,0.0008638528325853943
isotropic,32,6,10,0.0010750514211567916,0.0023176047289153465,0.0014605096376273726
isotropic,32,6,11,0.00109283748045386,0.0022111516186141917,0.0014563303392649402
isotropic,32,6,12,0.000646540794499937,0.0032477932040719058,0.0011478776234270054
isotropic,32,6,13,0.0003579747076983325,0.018676512071387666,0.0007064850925994398
isotropic,32,6,14,0.0009394644940510102,0.0006492334356212634,0.001300071523342074
isotropic,32,6,15,0.0005210501183997045,0.006926894206135431,0.0013433369193224158
isotropic,32,6,16,0.0012401092215749148,0.0048048900418491275,0.0016781044222388423
isotropic,32,6,17,0.0010524821033463371,0.0013077594274599408,0.0014206696846367853
isotropic,32,6,18,0.0007190107303609517,0.0012654450618832882,0.0012750118866874352
isotropic,32,6,19,0.0012065204587185265,0.009760524775942529,0.0016889048367626225
isotropic,32,6,20,0.000600452825867815,0.031258911388344315,0.0009400027938540802
isotropic,32,6,21,0.0009030099818214886,0.0009774347848936038,0.001332576359261676
isotropic,32,6,22,0.0015949052826481984,0.003766996732445225,0.002235118778129265
isotropic,32,6,23,0.0013694234432331765,0.0020907632552450385,0.001982825311875911
isotropic,32,6,24,0.0007973140922675557,0.007398596091259951,0.0010429399719081918
isotropic,32,6,25,0.001071211288912715,0.015810445517563162,0.0010727597147549496
isotropic,32,6,26,0.0014691649162838082,0.0025707552804371796,0.0019227739777118195
isotropic,32,6,27,0.0013602013710023082,0.004752192964635066,0.0017308171394054756
isotropic,32,6,28,0.0009560173427595767,0.011744375049470988,0.0015219133995087325
isotropic,32,6,29,0.0011307945253737645,0.00878432848591697,0.0019225341132837277
isotropic,32,6,30,0.000700588029251209,0.003466134191773722,0.0013740705319641815
isotropic,32,6,31,0.0008306299573659434,0.002788927168812908,0.0010385188922466388
isotropic,32,6,32,0.0014333650968465523,0.004764671820727189,0.0020246565031203966
isotropic,32,6,33,0.0007998032662373814,0.008084834984461279,0.0016216135944548764
isotropic,32,6,34,0.0009865724406246798,0.009451048135757804,0.001482436051769151
isotropic,32,6,35,0.0006757845794931165,0.003777624917367256,0.0009463455812739482
isotropic,32,7,0,0.017845701781203427,0.013142939474885084,0.01805445769048867
isotropic,32,7,1,0.014731899204933164,0.0024039220369411743,0.014758185064152088
isotropic,32,7,2,0.01103319888797309,0.0007389752982799574,0.011120290154469126
isotropic,32,7,3,0.010062931486577319,0.0013249672599314052,0.010032084369500975
isotropic,32,7,4,0.01632551913690355,0.005621925909294934,0.016495437738758077
isotropic,32,7,5,0.009774588685749649,0.0032853421553289425,0.009766350859996824
isotropic,32,7,6,0.011442454449948965,0.0007421898556908327,0.01218424258594009
isotropic,32,7,7,0.014255440516417396,0.0026228931460856152,0.014106739802000265
isotropic,32,7,8,0.00809956283353115,0.003799040727408085,0.00919498487618884
isotropic,32,7,9,0.014455046043949574,0.017067697708034277,0.014703560515216867
isotropic,32,7,10,0.012403310490718251,0.007354367333212491,0.01235282700581848
isotropic,32,7,11,0.011491518560201669,0.0006984063309327437,0.01183255624165682
isotropic,32,7,12,0.010640404445982965,0.0005821630461485961,0.01068924161245101
isotropic,32,7,13,0.010399653965515543,0.0008467432986937853,0.010794337960751618
isotropic,32,7,14,0.010848542434467074,0.0008793645113764604,0.011666898719664878
isotropic,32,7,15,0.014681557114112153,0.0035032966936489737,0.014725432697482884
isotropic,32,7,16,0.010137418906658924,0.002691240838022537,0.010115647944695052
isotropic,32,7,17,0.008608343197878591,0.0017200588855844669,0.008915391287042827
isotropic,32,7,18,0.015000458830837787,0.0053829639198368796,0.015451194228744605
isotropic,32,7,19,0.011594625184438791,0.004198590373769457,0.012920583924301298
isotropic,32,7,20,0.007906763000746019,0.0032286088230581156,0.009479081160771802
isotropic,32,7,21,0.011306837872643612,0.0006983749769652719,0.011369419764329522
isotropic,32,7,22,0.013879469623208872,0.004223528026155212,0.014046549292735024
isotropic,32,7,23,0.011138727867471566,0.001358295915269273,0.01130785560405936
isotropic,32,7,24,0.010972075288698927,0.0008704398312846186,0.011310435078754358
isotropic,32,7,25,0.011624149219471736,0.0026423550379882687,0.011660178445913156
isotropic,32,7,26,0.012120494012103265,0.0011161232443611543,0.012028412922920985
isotropic,32,7,27,0.010741270630331215,0.0013248608166184363,0.010727854184195501
isotropic,32,7,28,0.010340860708690548,0.002582329948080605,0.011286300621906924
isotropic,32,7,29,0.009146095760554,0.0019933697482177673,0.010200259804025037
isotropic,32,7,30,0.012868727104050006,0.0048413069003775235,0.012972681220568855
isotropic,32,7,31,0.010744999966108379,0.0033671644192950815,0.010726967340322703
isotropic,32,7,32,0.012638461880259251,0.0054270600274037035,0.012441012530658779
isotropic,32,7,33,0.00985330220218633,0.0007123731011400751,0.010410668190116408
isotropic,32,7,34,0.008908015434079364,0.0010943283892843711,0.00945075791627374
isotropic,32,7,35,0.013861211987389576,0.0009738939885767426,0.013858350192139567
isotropic,64,0,0,0.004239348428420792,0.006032959025935017,0.0029668885071821634
isotropic,64,0,1,0.0017624572343210565,0.004747299705919752,0.002404292916315824
isotropic,64,0,2,0.001643513432396667,0.0004396544462105965,0.0019085908969581683
isotropic,64,0,3,0.0014852673426049342,0.0021458842370368964,0.0015998739972021797
isotropic,64,0,4,0.00490708592892217,0.016966030937897503,0.002790918275026615
isotropic,64,0,5,0.0019874975512138805,0.0007814486017426467,0.001989281644410882
isotropic,64,0,6,0.0010679738372738026,0.006353347775495376,0.0013052771878281108
isotropic,64,0,7,0.003029905616125305,0.004184999422713926,0.002698221204530761
isotropic,64,0,8,0.0027824219188430804,0.003928504741797612,0.0030445654615813018
isotropic,64,0,9,0.0026497749386771526,0.000867474701612046,0.0022618872340899026
isotropic,64,0,10,0.0024498405006239056,0.0061436456336482585,0.0022830811926519657
isotropic,64,0,11,0.0026052325317134028,0.0011397306272573856,0.0024010551125314868
isotropic,64,0,12,0.003779378335938412,0.004254189952611868,0.002915295491035526
isotropic,64,0,13,0.0013447166179321032,0.005449559793982307,0.001761692502881516
isotropic,64,0,14,0.0031143097586538945,0.0070239266598791615,0.002533569545567735
isotropic,64,0,15,0.0025259726485773568,0.001546930384885411,0.0021411062369592533
isotropic,64,0,16,0.003025078285673925,0.002020942998633834,0.0026094183333697073
isotropic,64,0,17,0.002797679014619272,0.000886327251992632,0.002222851682211497
isotropic,64,0,18,0.0012377348868118016,0.003503243154930808,0.001645884065049765
isotropic,64,0,19,0.0032596384897965987,0.0033899682951417523,0.002316319890461417
isotropic,64,0,20,0.0038121928081319215,0.015282875852087272,0.002520807796171142
isotropic,64,0,21,0.0021835971345670188,0.004765696212540823,0.0014688216071934612
isotropic,64,0,22,0.003206569157473036,0.0023931826742978938,0.002161440153076344
isotropic,64,0,23,0.002129967363868468,0.0024954138798883346,0.001577954453255136
isotropic,64,0,24,0.002629195708216865,0.0013610412311867743,0.0023632193595262492
isotropic,64,0,25,0.002900110435972875,0.0033558584819146637,0.001895525622282745
isotropic,64,0,26,0.003606727395156513,0.0074536097394861545,0.002335095696246365
isotropic,64,0,27,0.0026771417699049667,0.0017090054077245117,0.002431026281160008
isotropic,64,0,28,0.0036852524275272423,0.0038206596738787108,0.0025846394441140907
isotropic,64,0,29,0.0022458995846881455,0.004412737013471614,0.0018208521946704807
isotropic,64,0,30,0.002045823611985217,0.0020823832621827227,0.0019430717309599412
isotropic,64,0,31,0.0015674791247873774,0.002265531332513582,0.0021635631438544235
isotropic,64,0,32,0.0026105722519449235,0.0019128647594822334,0.0021757985848574572
isotropic,64,0,33,0.0022583866209922414,0.005026781344884827,0.0026555404733498702
isotropic,64,0,34,0.003969163724089272,0.0039513636605693105,0.0030126377134672183
isotropic,64,0,35,0.0011437745466958693,0.0034721530953964004,0.0018191060662230865
isotropic,64,1,0,0.0030448366108660665,0.0011728441235703616,0.003686112883364137
isotropic,64,1,1,0.0032734183334883955,0.000825484432511745,0.0034139331891350037
isotropic,64,1,2,0.004232023021337896,0.004252009563408902,0.003640585831852644
isotropic,64,1,3,0.0046817394182482285,0.003239723069992621,0.003522204622151899
isotropic,64,1,4,0.003713062115499502,0.0020622925149942637,0.0029891965861615897
isotropic,64,1,5,0.0038850497433213513,0.001377578338899386,0.0029128721177091397
isotropic,64,1,6,0.003711222751440025,0.01013430408141202,0.003976953289256406
isotropic,64,1,7,0.0027417946247599596,0.007367136169102438,0.004654236737403097
isotropic,64,1,8,0.0025930022780694052,0.002619423313623231,0.0034877238309610884
isotropic,64,1,9,0.0028407518485415624,0.001617872095266567,0.004149762981472371
isotropic,64,1,10,0.0038535288422036442,0.002319840335985468,0.0034773472511250526
isotropic,64,1,11,0.004114360994060492,0.003843525554914281,0.003598017480361043
isotropic,64,1,12,0.003346596796903268,0.004971610227693843,0.0044513828386079255
isotropic,64,1,13,0.0026909621939797622,0.0020923905111484417,0.0035086591045306714
isotropic,64,1,14,0.003775819233978804,0.0015625117399324145,0.00361306114889421
isotropic,64,1,15,0.003555274546980462,0.004990324092455551,0.003725960496953497
isotropic,64,1,16,0.003451089263208851,0.0034412206844161948,0.0029720373728040045
isotropic,64,1,17,0.003373062209258436,0.007209204059589595,0.004419801720127841
isotropic,64,1,18,0.003293042311379245,0.002796597027476717,0.0036393106422634098
isotropic,64,1,19,0.00309911712921976,0.0011750989433121216,0.003980657466824148
isotropic,64,1,20,0.0031933064445479205,0.006700121429843881,0.0036436753002423946
isotropic,64,1,21,0.003326582073878441,5.836349308909395e-05,0.0034170741350340894
isotropic,64,1,22,0.00393832392541269,0.0012056952977305975,0.0035589018448830834
isotropic,64,1,23,0.0030361369659626185,0.004585448263011226,0.004335491481332336
isotropic,64,1,24,0.003696319429562056,0.005985276420252892,0.003194575727930209
isotropic,64,1,25,0.003685774725370609,0.0030295836769781742,0.003123956669038436
isotropic,64,1,26,0.003980880709131931,0.0013635432778268826,0.0035549414399171945
isotropic,64,1,27,0.003623363943849535,0.0031782047950087264,0.002675659674016924
isotropic,64,1,28,0.0030456868897128955,0.0043097434410723535,0.004338342530490612
isotropic,64,1,29,0.003401325421703812,0.0013683424167003683,0.0029203424363334566
isotropic,64,1,30,0.003856719848312461,0.00861077734925023,0.0039025080528412854
isotropic,64,1,31,0.003184739973222635,0.0005489560659092643,0.0032411626519821385
isotropic,64,1,32,0.0038917745307309884,0.00120003077139396,0.0030284427560312356
isotropic,64,1,33,0.0036484661119488156,0.003265605238236824,0.0032194185894176236
isotropic,64,1,34,0.0031614085817996455,0.006378940334907713,0.0029351444527020588
isotropic,64,1,35,0.003397808338944363,0.004743488943970033,0.003382521540867822
isotropic,64,2,0,0.0005971442308409347,0.001811772841962838,0.0008614526843790373
isotropic,64,2,1,0.000130663783306092,0.0035791059589466616,0.00017922072642328468
isotropic,64,2,2,0.00021778707866858577,0.000984596716529366,0.0003235323557114322
isotropic,64,2,3,0.0002478343908807636,0.0019235866010014026,0.0002250456050025203
isotropic,64,2,4,0.0004464838712938376,0.00682714496110038,0.0007410347563277329
isotropic,64,2,5,8.65560264514113e-05,0.004768430798280819,0.0001249047996165947
isotropic,64,2,6,0.0004443935138335938,0.0067358214800715705,0.0004510425519575772
isotropic,64,2,7,0.0017430185207663452,0.0157942593038938,0.0012906639124209143
isotropic,64,2,8,0.00017082832252345037,0.004442734920360647,0.00032161975858115317
isotropic,64,2,9,0.0009676385714463023,0.005507469429376013,0.00104960849074593
isotropic,64,2,10,0.00019835211552965865,0.0048100810840037405,0.0002828197662240925
isotropic,64,2,11,0.00042858626756485016,0.009937542026234439,0.00043796551953529956
isotropic,64,2,12,0.00148584959281786,0.015488344312972994,0.0012275648124382725
isotropic,64,2,13,0.0006596250294279835,0.003269227992743525,0.0008733976279345208
isotropic,64,2,14,7.385019928468455e-05,0.0052215358163194385,7.090373120976233e-05
isotropic,64,2,15,0.00011150475129801162,0.0029256173180340324,0.0001612674198086248
isotropic,64,2,16,0.0005614824931189955,0.005646129418608113,0.0009201169759190892
isotropic,64,2,17,0.00046656941347270644,0.005545863243474671,0.0005371849715866205
isotropic,64,2,18,0.0002390640053886789,0.00037206873432863975,0.0003594942696776276
isotropic,64,2,19,0.0005148670376068132,0.0012600424957909656,0.0007291890454123554
isotropic,64,2,20,0.0021578912871200204,0.01684278079317018,0.001737501489089595
isotropic,64,2,21,0.0005360388002733391,0.0014266500290952265,0.0007435713620173739
isotropic,64,2,22,0.0002936232314283994,0.005195075175955539,0.00028841024313497766
isotropic,64,2,23,0.000590219068757469,0.0037572873238546495,0.0005992670885095484
isotropic,64,2,24,0.0004680194597776881,0.0018702586898649396,0.000655725827532323
isotropic,64,2,25,0.00033024631677057214,0.0006205547850049258,0.0005085250361187912
isotropic,64,2,26,8.956680891564973e-05,0.0015682904120912365,0.00014907259215534436
isotropic,64,2,27,0.0004930890471747749,0.002389075035415079,0.0005978534288554841
isotropic,64,2,28,0.0002547555774832716,0.0002765622749890545,0.00040353176071969497
isotropic,64,2,29,0.0003826131430109244,0.0033744531276682305,0.0005313464797457527
isotropic,64,2,30,0.0002514581224512986,7.893753626915138e-05,0.000385040532775915
isotropic,64,2,31,8.914151535202087e-06,0.011699952273612459,0.00011481158425129845
isotropic,64,2,32,0.00029108798824164177,0.0007074781515401746,0.000437388578827682
isotropic,64,2,33,0.0005497804861842369,0.005681785192783862,0.0006803144375087564
isotropic,64,2,34,0.0005313516309102186,0.0036423400734003518,0.0006332792938711241
isotropic,64,2,35,0.0002453821962416935,0.0001339104230043693,0.0003758729073667964
isotropic,64,3,0,0.0005704192991028976,0.001131031875437001,0.0004696822981821556
isotropic,64,3,1,0.00015762651141327505,0.004055147121616223,0.0006812956390411881
isotropic,64,3,2,0.0004997201317575225,0.0033540728229089433,0.0003276489936217414
isotropic,64,3,3,0.0008411213306637528,0.0022063682561537894,0.0016679965783199624
isotropic,64,3,4,0.0009460569923224285,0.0023583935022620526,0.0016877143832305823
isotropic,64,3,5,0.00034710947695333134,0.003248827572320116,0.0009637502090661524
isotropic,64,3,6,0.00045873040242207415,0.004375678619416421,0.000322492359448274
isotropic,64,3,7,0.00022307282225097645,0.0053977091376079195,0.0004382474990814498
isotropic,64,3,8,0.0004427616428175366,0.004624315483583918,0.00044208289189680603
isotropic,64,3,9,0.0008412452838864329,0.002643927274631849,0.0014873342082616606
isotropic,64,3,10,0.0006394771761066873,0.0056180523642778025,0.0010940175377766135
isotropic,64,3,11,0.0002265586717831103,0.0034975063732714338,0.0002226116169383831
isotropic,64,3,12,0.000512305819086124,0.0034386724535247536,0.0008518544300393607
isotropic,64,3,13,0.0004765062567799853,0.0009276126590890625,0.0006248510629923527
isotropic,64,3,14,0.0004428778818744602,0.0019733892825188177,0.0006052085695874684
isotropic,64,3,15,0.00033953659340488706,0.0011147059262913972,0.0007503217248434775
isotropic,64,3,16,0.0005597293066390881,0.0004462421415278483,0.0010406888919180831
isotropic,64,3,17,0.00030091544061360833,0.0028599512218961004,0.0004023353216144275
isotropic,64,3,18,0.00022494133093176782,0.002659906550641474,0.0004851229711360401
isotropic,64,3,19,0.0008622516402198004,0.005772106354619841,0.0013263785332408835
isotropic,64,3,20,0.0005375986261366569,0.003647055878136212,0.0013088509678796287
isotropic,64,3,21,0.0005701919861006839,0.0007121773786631082,0.0004756274825798612
isotropic,64,3,22,0.0005602457217045417,0.0025672258418389044,0.0011359595500505327
isotropic,64,3,23,0.0003372007711357008,0.0045166458076072395,0.0005333081738048695
isotropic,64,3,24,0.000668542046619604,0.0027472860742773914,0.0005507562996296673
isotropic,64,3,25,0.00023423081265196207,0.0032890256301707733,0.0005073314497179363
isotropic,64,3,26,0.0007100907435045145,0.002399632470812637,0.0004202697266343094
isotropic,64,3,27,0.0005228880602401062,0.0009569593708830849,0.001169827691904388
isotropic,64,3,28,0.0005607456762716746,0.0011781739260227477,0.0011271819211417606
isotropic,64,3,29,0.0006430211839782299,0.001763945272319687,0.0012533713182647868
isotropic,64,3,30,0.0011687048564160618,0.006409176482508331,0.0006930016624020837
isotropic,64,3,31,0.0005484694065905482,0.0032152490449181836,0.0007034768600890997
isotropic,64,3,32,0.0004767817014883924,0.00046354508911345603,0.0007490036068087943
isotropic,64,3,33,0.0008594564663542908,0.004667803231285146,0.001763787920907641
isotropic,64,3,34,0.0006082234354810431,0.001547420580663996,0.0005074763425401211
isotropic,64,3,35,0.0005635431764791995,0.005254705655258744,0.0003429653441767847
isotropic,64,4,0,0.0009719397247279401,0.0034019779193724007,0.0014680973576383892
isotropic,64,4,1,0.0018101911374213424,0.002154228159929898,0.001494801998028131
isotropic,64,4,2,0.0029888670594249577,0.005587647189404327,0.0021335331429632285
isotropic,64,4,3,0.0009728448984517062,0.005290159020955821,0.0007797053762570652
isotropic,64,4,4,0.001018413258117499,0.00998961182124344,0.0008366051357740889
isotropic,64,4,5,0.0015164088896555876,0.004539097502617034,0.0013570070194712709
isotropic,64,4,6,0.0017245871499576646,0.0008438015763721242,0.0013237624392094358
isotropic,64,4,7,0.0012338549641417933,0.0013853176909265409,0.0008944923924109577
isotropic,64,4,8,0.0010321878963310885,0.0020402480688479167,0.0011442957731237363
isotropic,64,4,9,0.0023702989341096757,0.015484848309552707,0.0021554879434952053
isotropic,64,4,10,0.0013672008941456237,0.0034615478171593603,0.0010467871954370205
isotropic,64,4,11,0.0009122949552395539,0.0021496554014000394,0.0007496603603150134
isotropic,64,4,12,0.0018932724572212868,0.01442496898372492,0.0019853361238391953
isotropic,64,4,13,0.0008775724254261042,0.005109266076028051,0.0008028147045902401
isotropic,64,4,14,0.0015188612231029621,0.0014450010817422527,0.0011130890662130464
isotropic,64,4,15,0.0013153841146758543,0.011510614020563126,0.0012687189078206713
isotropic,64,4,16,0.0017070901191054574,0.009419600671614584,0.0012887367095304678
isotropic,64,4,17,0.0013092846042028752,0.005771745849604489,0.0015267500466239845
isotropic,64,4,18,0.0013054449384672826,0.0008488883326440152,0.001102505056441078
isotropic,64,4,19,0.001143944887902678,0.0020774798426249227,0.0008552443028292565
isotropic,64,4,20,0.0026842834794735485,0.003534882261358197,0.0019448262826842354
isotropic,64,4,21,0.0011207867201291361,0.008246701405427121,0.0007515843992128506
isotropic,64,4,22,0.0014261368396951664,0.0014130742462888837,0.0012657271752996833
isotropic,64,4,23,0.0011718910937106725,0.0019086441019432123,0.0008366321243817499
isotropic,64,4,24,0.0012668085457836877,0.006068619183750948,0.0012351523392174573
isotropic,64,4,25,0.0012882010077777087,0.00022650757324172642,0.001022887998229339
isotropic,64,4,26,0.0010128688874499554,0.0019361352186631322,0.0007825872182820523
isotropic,64,4,27,0.0010197366816508543,0.001328553752834364,0.0010779798147508607
isotropic,64,4,28,0.0016221542000589974,0.0032326829719178246,0.001166424665150632
isotropic,64,4,29,0.0009690575528002018,0.0018085880738296259,0.001000233853787503
isotropic,64,4,30,0.0013027873990391434,0.004390423942597108,0.0012558016892297839
isotropic,64,4,31,0.004122228119441367,0.011155464862966414,0.0030473939389856226
isotropic,64,4,32,0.0016367066350047271,0.0011098065727353486,0.001230046814030092
isotropic,64,4,33,0.0017736530565602992,0.003817106955462132,0.0015074024275378683
isotropic,64,4,34,0.002433943116706774,0.006651257894306194,0.001977027909894035
isotropic,64,4,35,0.0011957966920519514,0.0013469940921875937,0.001026489320007947
isotropic,64,5,0,0.003246371991474274,0.016115518959798146,0.002287489063218046
isotropic,64,5,1,0.0010360926019339024,0.005409708157876889,0.0008890232418519151
isotropic,64,5,2,0.0015841886451816425,0.026878042121136377,0.0010957632693345746
isotropic,64,5,3,0.003687853294718365,0.023985479781742543,0.002710807502582866
isotropic,64,5,4,0.0004834843286384298,0.012199647377056963,0.0009790889428498118
isotropic,64,5,5,0.00014661732186969093,0.00344134479825534,0.0006618105876355204
isotropic,64,5,6,0.00028206536761154913,0.005396845777121167,0.0007080981789734372
isotropic,64,5,7,0.00019272884005095195,0.0019476809598242685,0.0007790851251370291
isotropic,64,5,8,0.0004047100590781514,0.020324799123880806,0.0005682452734799386
isotropic,64,5,9,0.0002805510835888958,0.004195685069649552,0.0009612641069509631
isotropic,64,5,10,0.00021190576760614463,0.002621080304669947,0.0004233555177015344
isotropic,64,5,11,0.0014862303661363502,0.013287065317479547,0.0008716306660216853
isotropic,64,5,12,0.00016632347421246797,0.00327512035627668,0.0003748765777515327
isotropic,64,5,13,0.0009359196127055943,0.020281917033908334,0.0006996028724257123
isotropic,64,5,14,0.0005233630609465021,0.010251583737744499,0.0011115773583703205
isotropic,64,5,15,0.0003920237863548442,0.00545819053284902,0.0006363779177207003
isotropic,64,5,16,0.0004473337988987474,0.008524061786251695,0.000810443515196504
isotropic,64,5,17,0.00016132004709218866,0.004619534582594148,0.0005805130493225089
isotropic,64,5,18,0.00047189553185019367,0.0051146732520079355,0.00035650111091996745
isotropic,64,5,19,0.00016964595958924542,0.0005765355061629776,0.0004289191283551331
isotropic,64,5,20,0.0007894242126829231,0.0016806206020903104,0.0006145470080014119
isotropic,64,5,21,0.0005147579504334278,0.0029088944367663327,0.0005353166784445289
isotropic,64,5,22,0.0011471830730307227,0.01042815118004768,0.0019267630886589415
isotropic,64,5,23,0.0003490349353369645,0.011310615007827,0.00032224256685024896
isotropic,64,5,24,0.0005256676453573978,0.00566890298758318,0.0009249823031235642
isotropic,64,5,25,0.0006131396038779603,0.004586045087030201,0.0004065103738176829
isotropic,64,5,26,0.00015481162188740196,0.0035566153937080297,0.000574592343731795
isotropic,64,5,27,8.329232648529979e-05,0.00851018728855878,0.0007641558087996816
isotropic,64,5,28,0.0009339135874222495,0.004911012321415569,0.0007284166823438515
isotropic,64,5,29,0.0007064792789996843,0.006690685540912912,0.0007361018064343072
isotropic,64,5,30,0.0013487181749241028,0.00431550365502571,0.0009365053026852195
isotropic,64,5,31,0.0003518146156697411,0.022106482217326737,0.0006868330533466461
isotropic,64,5,32,0.0009763688524676794,0.0035609612582418633,0.0007942459139331133
isotropic,64,5,33,0.0002582535415724548,0.004992996181984689,0.0007162583061576135
isotropic,64,5,34,0.0008115283360603502,0.0136943874265941,0.0008851406591368536
isotropic,64,5,35,0.001244140393800051,0.003911316777842734,0.0008246766987870284
isotropic,64,6,0,0.00043850746398410123,0.0009069320920863927,0.0005217911644100699
isotropic,64,6,1,0.0005221805276568102,0.00262697853566187,0.0009418955879875905
isotropic,64,6,2,0.001089706914332722,0.0025433327442981432,0.001153305068178589
isotropic,64,6,3,0.0006332225068497457,0.0011050779755673828,0.0006901152186598073
isotropic,64,6,4,0.0005596902910033267,0.0005736288018571322,0.000687772840078402
isotropic,64,6,5,0.00029753740863534074,0.0034820887168019662,0.000719820306070935
isotropic,64,6,6,0.00043136477988547206,0.0031470819864586348,0.0004009977381186455
isotropic,64,6,7,0.0002825692539384204,0.00020642532277315964,0.0005212616846410249
isotropic,64,6,8,0.00037482168472304607,0.006956536944017277,0.000952967042825023
isotropic,64,6,9,0.001801584722976502,0.009382912835162849,0.002430605224107407
isotropic,64,6,10,0.0003043127200726547,0.0011655853499924498,0.0004607985927678711
isotropic,64,6,11,0.00028886829513096064,0.00048793970578815747,0.00032450986328224745
isotropic,64,6,12,0.0030833202824506615,0.01266663491296756,0.0032746957015811736
isotropic,64,6,13,0.0012320378563859095,0.004737131704672482,0.0011401032469161715
isotropic,64,6,14,0.0013795317318928118,0.004305475924844871,0.0013697453526927035
isotropic,64,6,15,0.0014788497738688787,0.0033499882129902573,0.0018117239187075932
isotropic,64,6,16,0.0007365307839157602,0.0009497531356199789,0.0009075579500789739
isotropic,64,6,17,0.0005254971791863225,0.002154510143876951,0.00046469211590110724
isotropic,64,6,18,0.00039667040090108003,0.0025958129650404684,0.00034648721488636546
isotropic,64,6,19,0.0007986065735086573,0.0019062880789459534,0.0007257186255476276
isotropic,64,6,20,0.0014064579313276932,0.003161509814185933,0.0013675414538583154
isotropic,64,6,21,0.0002529870187328485,0.0005242975967114455,0.0003481239832703991
isotropic,64,6,22,0.00024870643718419267,0.003552420229369532,0.00024011447835476713
isotropic,64,6,23,0.0004810913588837515,0.0012394812954984065,0.00039137503165819935
isotropic,64,6,24,0.00048211244475290804,0.002319082425656311,0.000514250248180862
isotropic,64,6,25,0.0005292400960634032,0.0007911262805664049,0.00048021363824126334
isotropic,64,6,26,0.0009371548297176877,0.0034458110568548854,0.0013005993481287079
isotropic,64,6,27,0.0002851309780705383,0.0005441570497476255,0.0006522381209654493
isotropic,64,6,28,0.000921086217925931,0.009363391262473233,0.0018205384406544147
isotropic,64,6,29,0.0006091275965248147,0.0013810959030981537,0.0007300468288011522
isotropic,64,6,30,0.00032199721493586655,0.0018430162350247582,0.0009789034334169962
isotropic,64,6,31,0.000534260745049362,0.002597981238730268,0.0006051761711391848
isotropic,64,6,32,0.0003443488770745208,0.0031017185670299983,0.0010228342769847561
isotropic,64,6,33,0.0003258301725091594,0.0021313834863476828,0.00031983063998988233
isotropic,64,6,34,0.000617156762342693,0.003982791939931405,0.0011357105933862582
isotropic,64,6,35,0.0005721531815673861,0.0007143445547597864,0.0006593803904049993
isotropic,64,7,0,0.009899020092478637,0.0036429968522009356,0.007836073866114634
isotropic,64,7,1,0.009691640068240576,0.021157855418775014,0.011305150708878713
isotropic,64,7,2,0.010591088910498685,0.0070551267444560195,0.009218424250877438
isotropic,64,7,3,0.009696464493721746,0.0011973315221103153,0.008044248811946805
isotropic,64,7,4,0.009469362156091354,0.0033497680490492815,0.008386346796882405
isotropic,64,7,5,0.009484579018200526,0.005947003747479012,0.008087844890078574
isotropic,64,7,6,0.010908750958919472,0.014377575805369011,0.007793724862729443
isotropic,64,7,7,0.010537881123310673,0.014442096881618339,0.009980510349983377
isotropic,64,7,8,0.009604609079226478,0.007544791092433438,0.00879547170301572
isotropic,64,7,9,0.010579059100938065,0.005377284380095656,0.008925350891421255
isotropic,64,7,10,0.010963538160409115,0.0106370675612649,0.009027152649669773
isotropic,64,7,11,0.010802803262573771,0.017195182400295675,0.007855439819731783
isotropic,64,7,12,0.013074682532469295,0.1075412426394006,0.01583354897408982
isotropic,64,7,13,0.010428562044376252,0.0015605278684608782,0.009043004259138971
isotropic,64,7,14,0.009868398614200389,0.000587516920333416,0.008198876679383908
isotropic,64,7,15,0.008917512221402853,0.01663995852338286,0.008736027772740842
isotropic,64,7,16,0.010037555888292204,0.007535062570249377,0.009698349836536993
isotropic,64,7,17,0.009313084450395475,0.017975848034587433,0.008888028230605203
isotropic,64,7,18,0.009387729379237647,0.0026913870127384222,0.008244776463144516
isotropic,64,7,19,0.011222496843780114,0.013803823734351177,0.01023069414924344
isotropic,64,7,20,0.010719768196396365,0.01268408187227962,0.009894875039632326
isotropic,64,7,21,0.009123131521357998,0.013151626143568261,0.008256380407874655
isotropic,64,7,22,0.010097991792557938,0.008519390648097229,0.009379373724273015
isotropic,64,7,23,0.009704757420965977,0.004252739739336206,0.009064713562667746
isotropic,64,7,24,0.011421923671279905,0.006246695439152374,0.00970768347534526
isotropic,64,7,25,0.011046392639345926,0.00712479856569629,0.009671842340389002
isotropic,64,7,26,0.008854645851300195,0.02015664040344187,0.009456879296309183
isotropic,64,7,27,0.00919628939076245,0.009843410984321942,0.0073909418766539125
isotropic,64,7,28,0.009517973304088427,0.014672830104154846,0.009248582436725399
isotropic,64,7,29,0.0109671137763904,0.02046926037530722,0.010575318599202948
isotropic,64,7,30,0.01120141325543034,0.008980832876241896,0.010621853762465678
isotropic,64,7,31,0.010584785996686646,0.01644495294761105,0.008928776389264391
isotropic,64,7,32,0.00875111420528095,0.009955077294679048,0.008222890182680857
isotropic,64,7,33,0.010408588873902069,0.0021270125077011556,0.00895345288046047
isotropic,64,7,34,0.010533789031079344,0.004490707851751735,0.00827288202659928
isotropic,64,7,35,0.01017996776853139,0.005845398487621506,0.007698294857803193
isotropic,128,0,0,0.0006399017163055969,0.0021739986494509526,0.001885828864133111
isotropic,128,0,1,0.000607428609322517,0.0009101668230486534,0.00092831424996924
isotropic,128,0,2,0.0009845763785180058,0.00411263961362531,0.0011080470450290799
isotropic,128,0,3,0.0007405170739486735,0.0005140725625762685,0.00115774336860604
isotropic,128,0,4,0.0008503642022993636,0.0003587016424422105,0.0012520099171766568
isotropic,128,0,5,0.0007987899698104556,0.0023414199632902978,0.0009836565367319196
isotropic,128,0,6,0.0005552756957559287,0.004427662947761981,0.0021442339732324666
isotropic,128,0,7,0.0007674658107818004,0.000910367764742868,0.0010043305295081672
isotropic,128,0,8,0.0009707771562896242,0.00033923000006087176,0.0009621036617264718
isotropic,128,0,9,0.0009194245336881083,0.003979592815778222,0.0007579973831336693
isotropic,128,0,10,0.0007369940447179479,0.0003389267888474133,0.000907197931731919
isotropic,128,0,11,0.0010652564202922308,0.0007400263997318623,0.0009051130955309292
isotropic,128,0,12,0.0005734504011269279,0.001537680992261069,0.0012043974393849128
isotropic,128,0,13,0.0006458974876433787,0.000675268935111285,0.0011030490274050193
isotropic,128,0,14,0.0008858405122764125,0.00032332247043219463,0.0010733701956657307
isotropic,128,0,15,0.0009490850774151718,0.0003728493606139706,0.001108578184440319
isotropic,128,0,16,0.0007450976964788242,0.0004173147623759396,0.0013085253588825162
isotropic,128,0,17,0.0005546480738661974,0.0017025563041410759,0.0011169364355847324
isotropic,128,0,18,0.0006856945308682576,0.0006053846661044165,0.0009478746521451196
isotropic,128,0,19,0.001115634945007665,0.0035279145060492225,0.0010393733027768625
isotropic,128,0,20,0.000675058650941959,0.002136945989853466,0.0017030453760709056
isotropic,128,0,21,0.0008248849268173185,0.00039353450957095777,0.0010145101597368793
isotropic,128,0,22,0.0007225077885551587,0.0007940089272209835,0.0010126350321543606
isotropic,128,0,23,0.0008408413451413838,0.001318205494570794,0.001563596428558953
isotropic,128,0,24,0.0009175902123282687,0.000516153866867758,0.0009999686260407843
isotropic,128,0,25,0.000744142014659004,0.0009157413360638003,0.0009018465140956749
isotropic,128,0,26,0.000906498142976034,0.0008003847997299118,0.0011473793305857337
isotropic,128,0,27,0.0007763639776412689,0.003664815958676026,0.0022003769370343273
isotropic,128,0,28,0.0009272098656741451,0.003195997535831723,0.001114173133598686
isotropic,128,0,29,0.0008031460777963696,0.0006630320359637441,0.0013883256102149215
isotropic,128,0,30,0.0007947848459248576,0.0002909725654293426,0.0008909588741068464
isotropic,128,0,31,0.0006688973587418019,0.0010650481926600779,0.0015656747896169976
isotropic,128,0,32,0.0009754358176002042,0.0022662827459502227,0.0015568529867166481
isotropic,128,0,33,0.0007250478497027971,0.001828523552684909,0.0008577043940282877
isotropic,128,0,34,0.0007110228590720175,0.003207915623468336,0.0015692187654177414
isotropic,128,0,35,0.0009422299339172976,0.0005819196142851091,0.0009887594655374277
isotropic,128,1,0,0.00041716350311150826,0.002398384487614342,0.0007720882549354808
isotropic,128,1,1,0.00011664370005752256,0.0010883787394821455,0.00018435026571400024
isotropic,128,1,2,0.0003764179705894965,0.005987339382319951,0.0005380827391056908
isotropic,128,1,3,0.0002778883809523993,0.001527763034367165,0.00027978188200859186
isotropic,128,1,4,0.00020944813816470818,0.0003463913587983128,0.0003530898833092299
isotropic,128,1,5,0.00020869843742940794,0.004538448012208213,0.00026196159763331215
isotropic,128,1,6,0.00015936840092718577,0.004630420976580984,0.00022803685590279814
isotropic,128,1,7,0.00035266968141119576,0.002003917257287833,0.00023841060809551122
isotropic,128,1,8,0.0007636493174008641,0.006541036190367521,0.0004534402665966205
isotropic,128,1,9,0.0004582366041782373,0.003915390757915187,0.0009343019084469357
isotropic,128,1,10,0.0002755120351317916,0.0023433555858859046,0.00022896668899044018
isotropic,128,1,11,0.00025585464391847927,0.0023789723589906202,0.00032919843496625583
isotropic,128,1,12,0.0008065456737763637,0.007433051803741711,0.0004423782011414886
isotropic,128,1,13,0.00027246038526435837,0.002119498373603054,0.0004743474818354842
isotropic,128,1,14,0.00018937769605229196,0.0014370854910685927,0.00022179817437029898
isotropic,128,1,15,0.0001170515143065222,0.006531017432086011,0.00020290112026466643
isotropic,128,1,16,0.00032468372456555467,0.003404749766659694,0.0005230218650646219
isotropic,128,1,17,0.0003441897118298444,0.0019233504694300967,0.000505393979945802
isotropic,128,1,18,0.0003223122079616856,0.0008412863990018812,0.0005766223230104989
isotropic,128,1,19,0.0001685670276424646,0.0015340616957012756,0.00024093902999201199
isotropic,128,1,20,0.00020734749945547923,0.00039074380229021005,0.00026720419543565187
isotropic,128,1,21,0.00015088108098101595,0.001900921118246347,0.0002103872619989568
isotropic,128,1,22,7.141882031861237e-05,0.004823487133447562,0.00013069122460375476
isotropic,128,1,23,0.00014596528635961757,0.005485345564184078,0.0002943305108720805
isotropic,128,1,24,0.0004653915830229692,0.0022636939248322583,0.0007787830394602728
isotropic,128,1,25,0.00015916774174974804,0.001259619314139404,0.000253387631569473
isotropic,128,1,26,0.00043186262413183197,0.003571705270263464,0.0008996111540737239
isotropic,128,1,27,0.00010160122356198531,0.003834169034425545,0.00015968127379995293
isotropic,128,1,28,0.0002861435605034534,0.0008587874146828259,0.0005659709319704601
isotropic,128,1,29,0.0005669322569413134,0.003063288023443358,0.0008870760734079228
isotropic,128,1,30,0.0003532976952307373,0.0016802710567301346,0.00024066438579502087
isotropic,128,1,31,0.00021495309623460903,0.003412183131650849,0.00018692142112618134
isotropic,128,1,32,0.0002898803838508463,0.0009705920071751906,0.0004718093928637754
isotropic,128,1,33,0.00016432517968131466,0.0012298182350184972,0.00023189341261573243
isotropic,128,1,34,0.00020025550701427273,0.00021898676732056641,0.0003522585550127216
isotropic,128,1,35,0.00020454900960001067,0.001985915184751909,0.0001627582587447838
isotropic,128,2,0,0.0020145763995572464,0.0053771220103995265,0.0014480780982900124
isotropic,128,2,1,0.0034287699860068386,0.0012850526714374953,0.0026698774683429024
isotropic,128,2,2,0.002904936537122313,0.002217488685826438,0.0022693549137140353
isotropic,128,2,3,0.003502480554585921,0.0010995957917767775,0.003847196633600185
isotropic,128,2,4,0.0015788594610029083,0.003267067491884973,0.0023308288583798677
isotropic,128,2,5,0.0030375186645984695,0.0002654725561524353,0.0027512862051250783
isotropic,128,2,6,0.002076512446281258,0.002542615321774886,0.0018213779248851475
isotropic,128,2,7,0.003210939313060716,0.006342804262814419,0.0021112593072882325
isotropic,128,2,8,0.0032053586833516484,0.002303937537208515,0.0036706771191810745
isotropic,128,2,9,0.0034130512797638864,0.0019167384555302367,0.002903753195281799
isotropic,128,2,10,0.0023156078511237625,0.0024463754223712905,0.0032999474904508094
isotropic,128,2,11,0.002339239889093259,0.003905058271814282,0.0031462981966127695
isotropic,128,2,12,0.003014537039598077,0.003929103897290657,0.002044967643947294
isotropic,128,2,13,0.005026483994093252,0.002787197956161067,0.0033716171345085097
isotropic,128,2,14,0.0009482706358698658,0.004233350751939525,0.0016348815516607615
isotropic,128,2,15,0.003849149247360901,0.0014389602419766087,0.003894103023241948
isotropic,128,2,16,0.0035269887377045368,0.0005333319359517332,0.0035115733880638892
isotropic,128,2,17,0.005102222216588892,0.002005326407064513,0.0038258778274450223
isotropic,128,2,18,0.003140355483885484,0.0011769007681755558,0.0041127063782290816
isotropic,128,2,19,0.002868710674536967,0.0009529768824959823,0.004040586065882068
isotropic,128,2,20,0.0032391186988913,0.00022746430255564138,0.0029227546410592912
isotropic,128,2,21,0.002782432707811879,0.0011424671539838626,0.003546625380056709
isotropic,128,2,22,0.0017920819219049778,0.0016926004296615878,0.0022982051013033735
isotropic,128,2,23,0.0026164775597323393,0.00258041037371251,0.0030913862660371023
isotropic,128,2,24,0.005098284402088446,0.0036166785642443196,0.0033620753230147
isotropic,128,2,25,0.0019127708413604826,0.0021465998371483263,0.0023804770367284074
isotropic,128,2,26,0.002705453574731066,0.0015455092590758173,0.002443249531171304
isotropic,128,2,27,0.0033591984289403146,0.0018238519291947234,0.0027030621695114014
isotropic,128,2,28,0.003164386533949435,0.0034847391548284245,0.0028208275241694385
isotropic,128,2,29,0.0030769825098695735,0.0023192932813428315,0.003021467285983105
isotropic,128,2,30,0.001908707064954347,0.004033853275448339,0.005355884928221473
isotropic,128,2,31,0.0020329380328642324,0.0005872023827472375,0.0023775193702239693
isotropic,128,2,32,0.0017855145648668228,0.0037474616390445977,0.004097184053841269
isotropic,128,2,33,0.003459515886546783,0.0006171190911827011,0.0028754651433372425
isotropic,128,2,34,0.001945395372168225,0.0025184195558147016,0.002820253744303558
isotropic,128,2,35,0.003307990916580926,0.0011774003963910505,0.002639908135264035
isotropic,128,3,0,0.0012314779699921941,0.002125797309760503,0.0014681374459280497
isotropic,128,3,1,0.001706139261573702,0.008899111586216063,0.002480083288999495
isotropic,128,3,2,0.00043214747964406846,0.0005381010596455164,0.0006947410652434336
isotropic,128,3,3,0.000500531902885753,0.0029348718829170293,0.0006542029484442142
isotropic,128,3,4,0.000380266585264609,0.0032632663119694753,0.0008853655756787051
isotropic,128,3,5,0.00037637830780821107,0.0006201684697226067,0.0006619333106460712
isotropic,128,3,6,0.0003705603925041329,0.001389861464411756,0.0008135107392748557
isotropic,128,3,7,0.0008449155306766191,0.000560307827265522,0.0009239025063799276
isotropic,128,3,8,0.00046955075770598655,0.000297250386370084,0.0006938557667552309
isotropic,128,3,9,0.0002742377537963248,0.005339099945002748,0.000791657283470344
isotropic,128,3,10,0.00041624974616745166,0.00361959440398707,0.0006962078171575811
isotropic,128,3,11,0.0008934592842224846,0.008834449073299895,0.0008433874907944357
isotropic,128,3,12,0.00040679137707984965,0.0014148934265228843,0.0007348814499738137
isotropic,128,3,13,0.0015087134880498732,0.005243095136211259,0.0012258432092335327
isotropic,128,3,14,0.0010542406889765762,0.002117240267091452,0.0014787740384213108
isotropic,128,3,15,0.00040531717668074765,0.0035645231084671437,0.0006481098245314989
isotropic,128,3,16,0.0011974899462347164,0.002590826235488705,0.0010770343259473103
isotropic,128,3,17,0.0007283019030240092,0.003623003444843629,0.000795672181875461
isotropic,128,3,18,0.001332171097287822,0.009583392211415557,0.0012065891536369067
isotropic,128,3,19,0.000333820624487727,0.0016179721784832573,0.0007660121788277234
isotropic,128,3,20,0.000987224221717479,0.0037444238270288826,0.0010674049899287656
isotropic,128,3,21,0.0005249576374062861,0.0026986654799849167,0.000874110115319537
isotropic,128,3,22,0.0012428212775929294,0.0020215229150272003,0.0013050772261578238
isotropic,128,3,23,0.00043128928051136496,0.0018080684106500922,0.0006189504544752445
isotropic,128,3,24,0.0017165741123961844,0.007661447882823477,0.0024243846775812835
isotropic,128,3,25,0.00040543917976699405,0.0012913004195527838,0.0008453662080171872
isotropic,128,3,26,0.0008131256179475609,0.0038189216664341386,0.0010647153364693213
isotropic,128,3,27,0.0005678525388668409,0.0035381705409742734,0.0007043261619160781
isotropic,128,3,28,0.00042529060584927314,0.0007307886258729564,0.0006329479455012
isotropic,128,3,29,0.0011176499743314864,0.002751047890551585,0.0009999661400673383
isotropic,128,3,30,0.0006369002665366416,0.0017761112115822922,0.0007506484451938773
isotropic,128,3,31,0.0015392361201295069,0.005812806642838628,0.0021184995797053313
isotropic,128,3,32,0.0011841704715896998,0.008079273791989826,0.0010221782232792645
isotropic,128,3,33,0.00038166240794053184,0.0016824653187842852,0.0009092441901905133
isotropic,128,3,34,0.0026002719891910792,0.01402296265519631,0.0028871815680252175
isotropic,128,3,35,0.0005118314226957111,0.0032054386607884918,0.0006573735773447723
isotropic,128,4,0,0.0015654703211055913,0.002806039791793888,0.001609611782483496
isotropic,128,4,1,0.0018073178523733656,0.0030765298699826295,0.00203109438734116
isotropic,128,4,2,0.0012547644424054168,0.0014576759932615133,0.001440668794339015
isotropic,128,4,3,0.00045438888901595413,0.0017010072868230129,0.0007044142393769692
isotropic,128,4,4,0.0004110308542872384,0.0019913918393814675,0.0005752530592139148
isotropic,128,4,5,0.0005062992141057825,0.001037249699401081,0.0005447086135783341
isotropic,128,4,6,0.0003713701272527132,0.001296212227438863,0.0004305851239492679
isotropic,128,4,7,0.000403140471123025,0.0022781575840004325,0.0007576379252017163
isotropic,128,4,8,0.00032947703607793584,0.0013029708708853704,0.0005105603888390736
isotropic,128,4,9,0.0009311766833808877,0.0037499991988736475,0.0011628961735041948
isotropic,128,4,10,0.0004702184081234394,0.0019197458416949035,0.0005523522738014264
isotropic,128,4,11,0.0005463593352483921,0.0003948110654374768,0.0006573247522245534
isotropic,128,4,12,0.002884268621513414,0.009455455856104793,0.003311871362663866
isotropic,128,4,13,0.0013635705063302288,0.0019826028243266403,0.0015715653716435948
isotropic,128,4,14,0.0004617084233019303,0.0022306840676703933,0.0007322406411329906
isotropic,128,4,15,0.0012614362130402702,0.00013404976539012527,0.0013730145317648135
isotropic,128,4,16,0.0006886602642877567,0.0011845704986826148,0.0007477553314815962
isotropic,128,4,17,0.0008236599045275353,0.0015702051391375987,0.0009378416154720997
isotropic,128,4,18,0.0011049783045309941,0.002661140830333813,0.0010685677990786755
isotropic,128,4,19,0.0005906674749237555,0.004815027986328087,0.0009028725764652009
isotropic,128,4,20,0.001740346341636303,0.002648085898633516,0.0019295484573518436
isotropic,128,4,21,0.0013129627988051613,0.0006800442380426897,0.0013537984688609345
isotropic,128,4,22,0.001181590099385143,0.005422431149033348,0.00123146946555662
isotropic,128,4,23,0.0009035033630963353,0.0003231864011336258,0.0009609569624497496
isotropic,128,4,24,0.000675162454991861,0.0008527479353474073,0.0008166425352651767
isotropic,128,4,25,0.0011861924555906535,0.0018704522216247414,0.0012387923414396576
isotropic,128,4,26,0.00044897319444986417,0.00162634642997027,0.0004916053296137411
isotropic,128,4,27,0.0018074443024171092,0.0022392896368552693,0.00207606102286824
isotropic,128,4,28,0.0011027126898734674,0.0010949699140765765,0.001114414856629495
isotropic,128,4,29,0.00042941108811332635,0.0005209576073478917,0.0005351085516695712
isotropic,128,4,30,0.0010897681405003666,0.0025884560754781656,0.0011299522322260004
isotropic,128,4,31,0.0012886124720460884,0.0014467547029905587,0.0013081836133049963
isotropic,128,4,32,0.00042620613659205824,0.0006772524747519751,0.0005910858630773863
isotropic,128,4,33,0.001203701009074756,0.0007933780775572554,0.0012858127172734248
isotropic,128,4,34,0.0007269280987631812,0.005952176291411546,0.0010108343462701095
isotropic,128,4,35,0.0007120834443636483,0.0002349071997537083,0.0007983114979347779
isotropic,128,5,0,0.0012870606600709896,0.0014393613043352052,0.003330235003543489
isotropic,128,5,1,0.001609611197228643,0.004710366834190932,0.0025272456647482296
isotropic,128,5,2,0.0014937879858882485,0.00919327022671524,0.0040404751606896855
isotropic,128,5,3,0.0012852451757940507,0.002890670835157441,0.003764962048736869
isotropic,128,5,4,0.001686666754197352,0.0033213000104998706,0.0028711386563187225
isotropic,128,5,5,0.0007914615869556751,0.0007399681894855096,0.003196934297226526
isotropic,128,5,6,0.0014620415141711417,0.003461208418483494,0.0033776119359818927
isotropic,128,5,7,0.0007588605512530065,0.002245099420636318,0.0031939091519366043
isotropic,128,5,8,0.0011207932572067062,0.0011408745287947264,0.0032456786142792816
isotropic,128,5,9,0.0012411929421744167,0.003561251221560678,0.004015695127435009
isotropic,128,5,10,0.001286804098626991,0.0033008587964338506,0.0032695771824643814
isotropic,128,5,11,0.0008558059856012081,0.0036315204116435258,0.003479272746591191
isotropic,128,5,12,0.0009183017767188367,0.0008276483384034919,0.002845957307133221
isotropic,128,5,13,0.000698368717654385,0.0036018507578160124,0.0032721173426095602
isotropic,128,5,14,0.0010378799161869182,0.006058791689796087,0.0022331618966474434
isotropic,128,5,15,0.0005842135225298925,0.0030828299479636694,0.0034883092258377628
isotropic,128,5,16,0.0009925466362534757,0.0031034520965442795,0.0030562429006715033
isotropic,128,5,17,0.00026640557852215764,0.011776238355185334,0.003352800586935714
isotropic,128,5,18,0.0008988133571351318,0.0004826580280176016,0.0030573653871632175
isotropic,128,5,19,0.0007574745140111145,0.0011580943425590702,0.0025794067890668026
isotropic,128,5,20,0.0018606045774318995,0.0039572697889698714,0.002916600806167592
isotropic,128,5,21,0.0008285592888851973,0.0011349740609556905,0.0032350361195021605
isotropic,128,5,22,0.0017424137178553747,0.004986679070031206,0.004003821772978197
isotropic,128,5,23,0.0006054255206036894,0.001925386197433285,0.0028629122411239624
isotropic,128,5,24,0.0005862421866827461,0.001097791154183294,0.002964309157503766
isotropic,128,5,25,0.0010130877845127553,0.00024334851775246173,0.002995912102512314
isotropic,128,5,26,0.0005550119259594003,0.007306061494106049,0.0025516193792802554
isotropic,128,5,27,0.00095777101189299,0.0011951779249228345,0.0030343224925171303
isotropic,128,5,28,0.0016987453101724786,0.006399985135236687,0.0035819352612162132
isotropic,128,5,29,0.0017446272691951088,0.0023880580968916407,0.003190641119323949
isotropic,128,5,30,0.0008484303789263941,0.0012468468884053716,0.003205133333199049
isotropic,128,5,31,0.0011514028588978122,0.0015383575321170424,0.003223325506869842
isotropic,128,5,32,0.001330446886316781,0.008186240631606471,0.004095570746307146
isotropic,128,5,33,0.0005407052334488444,0.001560423075501514,0.0028832739855204448
isotropic,128,5,34,0.0014811206857527194,0.003187765168895797,0.00400706666587963
isotropic,128,5,35,0.0007943978825014388,0.0016967356172497543,0.0025216124806196013
isotropic,128,6,0,0.002821037096602486,0.001862247723962902,0.004265467466143498
isotropic,128,6,1,0.0023652899556258333,0.003998914645743245,0.0038869234424395204
isotropic,128,6,2,0.0037354891040595056,0.001208191847646923,0.006436823957112879
isotropic,128,6,3,0.002915439207666739,0.0004542008321679049,0.004582581477287619
isotropic,128,6,4,0.0030455736938271444,0.0020608133910222275,0.004553368171013346
isotropic,128,6,5,0.003164897931725681,0.0002632791180670934,0.005214913686268932
isotropic,128,6,6,0.0036010419231584526,0.0010429933296252744,0.0057778415960462355
isotropic,128,6,7,0.004573000222490103,0.002792483281965406,0.008120546847107368
isotropic,128,6,8,0.003769539603909796,0.0008466353885811858,0.006222344499319302
isotropic,128,6,9,0.0032403110163402088,0.0006085964954595198,0.005679414843184542
isotropic,128,6,10,0.0036895721093273496,0.001034210939182243,0.0060793948256716995
isotropic,128,6,11,0.0034247811818277013,0.000650010583339614,0.006022052791322802
isotropic,128,6,12,0.002956904034511142,0.0018159494308850922,0.004593196991127946
isotropic,128,6,13,0.0036985206672140065,0.00044089880669861796,0.006414076595670477
isotropic,128,6,14,0.004122922723708197,0.0012053406263693941,0.007639189180642069
isotropic,128,6,15,0.00308320160482241,0.0014698885968022302,0.004390583167717854
isotropic,128,6,16,0.0024911937673321063,0.009475166722704858,0.002793012209036111
isotropic,128,6,17,0.002913427551770124,0.0006743372324178008,0.004783350393004688
isotropic,128,6,18,0.0027819537841913787,0.0013896741340622477,0.004051600785899185
isotropic,128,6,19,0.0035613447919227437,0.003865212724418942,0.007231553530500829
isotropic,128,6,20,0.0038025251381297084,0.0026812087091889134,0.0063711928362191386
isotropic,128,6,21,0.0032651139496336994,0.0017398721954596165,0.004659930089850989
isotropic,128,6,22,0.0034526136847079234,0.0005274407597363449,0.005565095904775958
isotropic,128,6,23,0.004195530695684829,0.002596349030045072,0.007515136201172958
isotropic,128,6,24,0.0034533025449211326,0.0027451623153407975,0.004688090511670027
isotropic,128,6,25,0.003517916310481939,0.0008930636136612357,0.006145329778845125
isotropic,128,6,26,0.0035953652973353236,0.00417246815097367,0.005523429288328321
isotropic,128,6,27,0.003482941885869801,0.005034180093973488,0.004626373329146954
isotropic,128,6,28,0.0036121881432078103,0.0003421490799010195,0.006216209230665928
isotropic,128,6,29,0.002657899027512374,0.004751118860663156,0.004346330410137575
isotropic,128,6,30,0.002777916769383667,0.0009213157348933333,0.004246806043790066
isotropic,128,6,31,0.0035615456083460144,0.000670040301058321,0.006228753600206896
isotropic,128,6,32,0.0028086101883986014,0.0008081942816024666,0.00455728519516853
isotropic,128,6,33,0.0031103007241960307,0.0007726895448311232,0.005336952338485683
isotropic,128,6,34,0.00312117821246674,0.0004505882599484748,0.004775764050893085
isotropic,128,6,35,0.0027691358889327805,0.0013711583705260664,0.004021254565594028
isotropic,128,7,0,0.0022938199934831125,0.00488139021666613,0.0014855924407963688
isotropic,128,7,1,0.001096800906756232,0.004776583498123981,0.0005531947513173032
isotropic,128,7,2,0.0016654749074608527,0.003949092448062865,0.0011213322143887208
isotropic,128,7,3,0.0016583496682269793,0.006601241662289183,0.001075130724513594
isotropic,128,7,4,0.002608512192033581,0.00882260964394696,0.0018422053953316383
isotropic,128,7,5,0.0015398957654201907,0.002471251204846296,0.0008249217966181118
isotropic,128,7,6,0.0017885378868881725,0.003783046426915655,0.0008207779085142592
isotropic,128,7,7,0.0033203246981022396,0.005138187941094311,0.0023964974272294055
isotropic,128,7,8,0.0017899396199786317,0.0006467256387368968,0.0009174771601411452
isotropic,128,7,9,0.002504154087876447,0.003326020365080679,0.0017363871980123954
isotropic,128,7,10,0.0021773061218836025,0.0037455205938305724,0.0012590045979600996
isotropic,128,7,11,0.0014593117210230273,0.0009969896593162077,0.000709852561285737
isotropic,128,7,12,0.00040989016331853843,0.006151384414563756,0.0002448751696519627
isotropic,128,7,13,0.0007424275976782072,0.004725747136539961,0.0004321958588466504
isotropic,128,7,14,0.00195417997433758,0.0008051690608309916,0.0010446628202767127
isotropic,128,7,15,0.0010472871825689342,0.0038740332363526855,0.0006321399811884073
isotropic,128,7,16,0.0021144553662393473,0.0030211959596933933,0.0013168876587783987
isotropic,128,7,17,0.001651215499398306,0.0035988660420739923,0.0008012973233373706
isotropic,128,7,18,0.0009279919826952415,0.0023797296968746736,0.0005854678601482444
isotropic,128,7,19,0.0006604596289200754,0.0014343849525737045,0.00043227924377484367
isotropic,128,7,20,0.0020739222196887778,0.002204943484826678,0.00108315690418929
isotropic,128,7,21,0.0017071221461491337,0.0025128067608066814,0.0009877822854345252
isotropic,128,7,22,0.0016409297819141302,0.0019755669549600887,0.000901747985435481
isotropic,128,7,23,0.0025019775235103296,0.004497457961229109,0.001644811159915825
isotropic,128,7,24,0.0032173565152898423,0.006749658427801512,0.002349892114506908
isotropic,128,7,25,0.0006908861139915507,0.004319201299302196,0.0005332137819591276
isotropic,128,7,26,0.0010835297760365997,0.0005649650757809912,0.0005053846683272463
isotropic,128,7,27,0.0019952996053584633,0.004100605154310273,0.0012605001518144398
isotropic,128,7,28,0.001109907160506336,0.0017998364209513447,0.0005547004023406318
isotropic,128,7,29,0.0014138821940202716,0.0031700203878071744,0.0006755604132037776
isotropic,128,7,30,0.0018995453873850512,0.005145826882895027,0.0008771379031140036
isotropic,128,7,31,0.0005587548150768412,0.0025390918102130705,0.00037502006012456976
isotropic,128,7,32,0.002965597257447908,0.006719222003901909,0.0020284905262183627
isotropic,128,7,33,0.0013362587862950615,0.0007737780070027396,0.0006350750178886991
isotropic,128,7,34,0.0012572809006476827,0.0006420654743442262,0.0006128269814712364
isotropic,128,7,35,0.0029169228154378437,0.00883017912263456,0.0016731874161232695
isotropic,256,0,0,0.00022997065276101936,6.511317821774382e-06,0.000327176182523602
isotropic,256,0,1,0.00028711497041946743,0.0005104169835430082,0.0004124128587955837
isotropic,256,0,2,0.00019866937208531883,0.0003642180930218771,0.0002998246961253905
isotropic,256,0,3,0.0002712130376108287,9.436935446715722e-05,0.0003922689650380103
isotropic,256,0,4,0.0002556139109337967,0.0007030983880839038,0.00037081312864501484
isotropic,256,0,5,0.0002953316566985191,0.0004708559224871574,0.00042217877542861655
isotropic,256,0,6,0.000223952346288723,9.443827409102735e-05,0.000313580975354529
isotropic,256,0,7,0.0002082078047293173,0.000439683387498296,0.00027718085137211563
isotropic,256,0,8,0.00018782748230910593,0.0008515420334443547,0.00028407170487723747
isotropic,256,0,9,0.00022367913032347395,0.0006935222348076725,0.00033672683416235234
isotropic,256,0,10,0.00018772918368550382,0.00023140980550912673,0.00027582782836832687
isotropic,256,0,11,0.00024390151474792154,0.0007378863018405657,0.00036546918303578693
isotropic,256,0,12,0.00018768593077847748,0.000561660188634267,0.0002659047164974145
isotropic,256,0,13,0.0002691194363056674,0.0005391230256626351,0.0003791128165564584
isotropic,256,0,14,0.00027518298612493075,0.0006468900458623612,0.00033676064837379825
isotropic,256,0,15,0.0003485870196060386,0.0008955756452208219,0.0005065547321276944
isotropic,256,0,16,0.00038338859977045766,0.000930209472388711,0.0005531184406035221
isotropic,256,0,17,0.00027136558742419157,0.0005866874327378223,0.00035942297662104594
isotropic,256,0,18,0.00024597821971153493,0.0006431730832986521,0.00031413987358407
isotropic,256,0,19,0.0002042974869023974,0.00020343942410886557,0.0002753450754557452
isotropic,256,0,20,0.0003142456860359471,0.00029157002937343446,0.0004547430784114265
isotropic,256,0,21,0.00037852406409686186,0.0013864301439167734,0.0005256217082252241
isotropic,256,0,22,0.00016183217096125637,0.0007458752613318453,0.00022971838410059032
isotropic,256,0,23,8.925069692385088e-05,0.0014775262069980934,0.00014917370886206145
isotropic,256,0,24,0.00015663667702287028,0.0007093767425906858,0.00021672101639283678
isotropic,256,0,25,0.00017883949592728407,0.0004050370814599534,0.00024418826742175656
isotropic,256,0,26,0.0002849306972298679,0.0006466442085469774,0.0004189461629921004
isotropic,256,0,27,0.00038348199770852086,0.0014838164587825443,0.0005079059426795112
isotropic,256,0,28,0.000142632153007497,0.0011205141078780491,0.00020490997353163424
isotropic,256,0,29,0.00027717810109807565,0.0005952103258972417,0.00040262123438943747
isotropic,256,0,30,0.00010898985138557955,0.0019277950847954063,0.00014469073134550802
isotropic,256,0,31,0.00019388627400895335,0.0005251010514258818,0.0002592506317586826
isotropic,256,0,32,0.00018130868546389247,0.00019393445062796804,0.000258580185219799
isotropic,256,0,33,0.00025244363537962525,0.0005134447483422244,0.0003483951053772797
isotropic,256,0,34,0.0002335684322113999,0.0010831739353906595,0.0002672095141881789
isotropic,256,0,35,0.0002441451587158147,0.0004157104578926634,0.0003482903167413491
isotropic,256,1,0,0.0007438075789682106,0.001520483198441423,0.0011144139627267296
isotropic,256,1,1,0.0008002492959262864,0.0002219012113774707,0.0011911253567185355
isotropic,256,1,2,0.0008592686033693246,0.0008006966074306771,0.001250920449186478
isotropic,256,1,3,0.0017660056445444705,0.0023318547424892536,0.0017350976674751042
isotropic,256,1,4,0.0011597725199239321,0.002527501073635208,0.0017145955927357084
isotropic,256,1,5,0.0007326313563836011,0.0013388190822931699,0.0010761746493767792
isotropic,256,1,6,0.0009775086428575695,0.002796949956923702,0.0013359123423330543
isotropic,256,1,7,0.0006944937335166691,0.0005477783157397469,0.001044971342366936
isotropic,256,1,8,0.0012663751709651424,0.000965976972501562,0.0013177962006168723
isotropic,256,1,9,0.0007469570923413845,0.0003935941262702985,0.0011252294542307645
isotropic,256,1,10,0.0006727870499880343,0.001468308641123614,0.0009822838132362433
isotropic,256,1,11,0.0010339495081183097,0.0013305795980401778,0.0011874626900116722
isotropic,256,1,12,0.0007265851534896966,0.0005535129076621318,0.0010661847629068104
isotropic,256,1,13,0.0008813820595382311,0.0012723850996155745,0.0012929374573557233
isotropic,256,1,14,0.0011815759380709747,0.002361197147598449,0.0015540074597716555
isotropic,256,1,15,0.0009403033786730944,0.0010187798153773258,0.0013802748100852364
isotropic,256,1,16,0.001773421663415753,0.00240780175007784,0.0017728748241015798
isotropic,256,1,17,0.0008682952257695281,0.0005441039510538834,0.0011212501070052578
isotropic,256,1,18,0.0013210149209382004,0.0036381822527932,0.0015680316898617768
isotropic,256,1,19,0.0008321775313048998,0.001423556408540912,0.0011348155560203027
isotropic,256,1,20,0.0007353464073703654,0.0009580111439291734,0.0010733842229595993
isotropic,256,1,21,0.0008735924986368211,0.0021886289710164675,0.0013186562130648634
isotropic,256,1,22,0.0009026646847188342,0.0007236586190914232,0.001259480336895318
isotropic,256,1,23,0.0008551955550128281,0.0010659397385481206,0.0012018572031496208
isotropic,256,1,24,0.0007207062659785368,0.0003674065549558992,0.0010599504917365053
isotropic,256,1,25,0.001162869561271618,0.000575094764177023,0.0014018133476789586
isotropic,256,1,26,0.0009644589535900244,0.0006115216231120859,0.001415316500044932
isotropic,256,1,27,0.001230186712761865,0.002208148446435434,0.0012910300301458523
isotropic,256,1,28,0.0009548432630234118,0.002622647478318742,0.0013958589686864768
isotropic,256,1,29,0.0010200031147427372,0.002430634616329906,0.0013557613559642499
isotropic,256,1,30,0.0010209050192988808,0.00041040581563472835,0.0013537218035415623
isotropic,256,1,31,0.0006237795256370743,0.0012874357879470756,0.0009109144008066913
isotropic,256,1,32,0.0005498331809621676,0.0019257698560859353,0.000820521436072655
isotropic,256,1,33,0.000798384978393166,0.0012913581759762217,0.0011298415988144517
isotropic,256,1,34,0.0009320899923828143,0.0009877114582245985,0.001325252871275428
isotropic,256,1,35,0.0011868917050094324,0.0010944692133839512,0.0014109720259620924
isotropic,256,2,0,0.0006731726352015529,0.0008273929820024206,0.0007180575308230585
isotropic,256,2,1,0.0006631983050238506,0.000769352745550767,0.0007195517090237758
isotropic,256,2,2,0.0006106713747519087,0.0005548583726619129,0.0005080195081052633
isotropic,256,2,3,0.0005528591756669108,0.0021560019975336627,0.000515409044908412
isotropic,256,2,4,0.0006387406736335559,0.0007900742478878706,0.0005352600511317515
isotropic,256,2,5,0.0005680291276365072,0.0002861866431895794,0.0005083547778222511
isotropic,256,2,6,0.0005104130533804241,0.002768426056183349,0.0006347022961986779
isotropic,256,2,7,0.0007093956080559598,0.0005935022420351924,0.0007819079576462007
isotropic,256,2,8,0.0006450268193401471,0.0006624303862221524,0.000621863040633318
isotropic,256,2,9,0.0008632857662634098,0.0012525351665530534,0.0005959098165996407
isotropic,256,2,10,0.0010465838000848424,0.0020896264910064246,0.0012708323991397564
isotropic,256,2,11,0.0005892767506330969,0.0011974327401288367,0.0006698298172533456
isotropic,256,2,12,0.0005970348714989583,0.00023069223505827846,0.0005247270646893102
isotropic,256,2,13,0.0006119555497889985,0.0010756785868653365,0.00048143475332212927
isotropic,256,2,14,0.0008081391330321198,0.0029976951185374376,0.0007188077154406253
isotropic,256,2,15,0.0005175725350401269,0.00189733391864685,0.00043682452907897734
isotropic,256,2,16,0.0009915214529782202,0.002679754341584081,0.0006548981286236675
isotropic,256,2,17,0.0004639482617446365,0.0019189521585068314,0.0004559747720083424
isotropic,256,2,18,0.0007401230260791656,0.0005702755196907807,0.0005530943297225458
isotropic,256,2,19,0.0006918613922791961,0.0008090427534791784,0.0005652350374404949
isotropic,256,2,20,0.0006477092759214096,0.0005544377955692564,0.0005264463627533801
isotropic,256,2,21,0.0006688526849735613,0.00017966114935712808,0.0006406442234642962
isotropic,256,2,22,0.0005587338722947203,0.00025113442386802816,0.0005009466220825075
isotropic,256,2,23,0.0006515441981447134,0.0009701840612766854,0.0006413907137985552
isotropic,256,2,24,0.0007321366417111494,0.0003781744187144358,0.0005383904565042843
isotropic,256,2,25,0.0007141252681114798,0.000814451017651513,0.0007427366498602764
isotropic,256,2,26,0.0005379819913049926,0.0021873017682207804,0.000502075865350107
isotropic,256,2,27,0.0006408236055547052,0.000477376386583118,0.0004929312389238454
isotropic,256,2,28,0.0008015543289861959,0.0019465063020198791,0.0006029585725366366
isotropic,256,2,29,0.0006108769721848949,0.0002787698499628107,0.0006650307839953292
isotropic,256,2,30,0.0006537546084890376,0.0004754200405577309,0.000517062063720513
isotropic,256,2,31,0.0008038710037234196,0.0008824363259545422,0.0009300067454021371
isotropic,256,2,32,0.0006182706563863086,0.0004979031164285869,0.0005024406874009856
isotropic,256,2,33,0.0008595478576810693,0.005773392053170251,0.0006411760391817786
isotropic,256,2,34,0.0009028703369587662,0.001555987172709112,0.0010764282398948053
isotropic,256,2,35,0.0008286192997991093,0.0013724328631412772,0.0010308206129310473
isotropic,256,3,0,0.0006481874379016365,0.0004936080522279205,0.0005700604872759729
isotropic,256,3,1,0.0004018486250019933,0.0026394043130485573,0.0004544628110201385
isotropic,256,3,2,0.0008954572465616459,0.0010453818935711547,0.0008656687769891516
isotropic,256,3,3,0.0008416388563385875,0.0009609212979134537,0.0007418727573823259
isotropic,256,3,4,0.0007142964769600712,0.00025035205349987306,0.0006395399839775066
isotropic,256,3,5,0.0005463109766517662,0.0005309061434471125,0.0004302158971721417
isotropic,256,3,6,0.0007179306122518431,0.000391580796377647,0.0006241658878814078
isotropic,256,3,7,0.0009168602825688542,0.0006763403971324537,0.000850185719580211
isotropic,256,3,8,0.0007603307966310381,0.0011128945252505788,0.000678810613076429
isotropic,256,3,9,0.0005763996825073278,0.00039379324949243504,0.0005011737364556381
isotropic,256,3,10,0.0005820935260533365,0.00018430194477631772,0.0005027145769769103
isotropic,256,3,11,0.0007282108887447403,0.00017206073239093965,0.0006368601598697628
isotropic,256,3,12,0.000260262271392973,0.0013206644399287764,0.0001827814978464873
isotropic,256,3,13,0.0004955585323183317,0.00039036164616577793,0.0003883949071489005
isotropic,256,3,14,0.0008241621197740605,0.00038843405985461356,0.0007373795565252443
isotropic,256,3,15,0.0004638502915065324,0.0003932571062959453,0.0003657079638969277
isotropic,256,3,16,0.0009259000030660082,0.0007072406520469103,0.000853494877333681
isotropic,256,3,17,0.0005616608626977102,0.0014786369615616848,0.00044415555117368255
isotropic,256,3,18,0.0006821959719227671,0.0003846402815168379,0.0006160509522059357
isotropic,256,3,19,0.0005471604854027657,0.00017146781426242692,0.00045437993944476914
isotropic,256,3,20,0.0009143794541389831,0.001438192382902109,0.0008433093300889661
isotropic,256,3,21,0.0008224456634121084,0.00040226719154663434,0.000745931829632111
isotropic,256,3,22,0.0007245927558400991,0.000886997671310334,0.0006504243077647238
isotropic,256,3,23,0.0003840847367005809,0.0005270382301719322,0.0002756643493677246
isotropic,256,3,24,0.0004928175460222576,0.00017071584350421265,0.0004049928971578751
isotropic,256,3,25,0.0004993598620871651,0.00014951184291378807,0.000391028276660038
isotropic,256,3,26,0.001159404546873897,0.001664109041182469,0.001125667965548542
isotropic,256,3,27,0.0004291664983704514,0.0011443012149177283,0.0004020607505729126
isotropic,256,3,28,0.0005747181293294921,0.0006175139575129181,0.0004593318971038107
isotropic,256,3,29,0.0005093413321346704,0.0011637883460164278,0.00048213729038656066
isotropic,256,3,30,0.0005701313421233326,0.00020137738234117934,0.0004677795041186077
isotropic,256,3,31,0.0008665486847546108,0.0006787483675565146,0.0007808440053525588
isotropic,256,3,32,0.0005078211366783422,0.00019517415803771198,0.00039786510952618886
isotropic,256,3,33,0.0006523009155907864,0.0011149114903076904,0.0005754894593907745
isotropic,256,3,34,0.00027445780328022953,0.003878678898715276,0.00030953611804313875
isotropic,256,3,35,0.0007069495177186862,0.00015865702194898683,0.0006137801554560863
isotropic,256,4,0,0.00030414374338506183,0.0004623683794877754,0.0002733323288213516
isotropic,256,4,1,0.00019509628201409992,0.002380177950625331,0.00037361568023738594
isotropic,256,4,2,0.0005147068087098872,0.0010224882008271988,0.000453235857340546
isotropic,256,4,3,0.0002526713609062665,0.0005201130959488892,0.00027143126591657986
isotropic,256,4,4,0.0005899375990914496,0.002366353198823397,0.0007994929254972107
isotropic,256,4,5,0.0002712682278952204,0.0018698871114737278,0.0008857737575512004
isotropic,256,4,6,0.00030108830301939384,0.0006163733625441839,0.0003401330019722978
isotropic,256,4,7,0.00031346667055498896,0.0009015219630333709,0.0002555368228621197
isotropic,256,4,8,0.00018756224717570103,0.0008407100188686566,0.000578144438261787
isotropic,256,4,9,0.00022939817885170817,0.000681138069173851,0.0003342152212485228
isotropic,256,4,10,0.00023007082339886097,0.00028553539169314885,0.00027698038330479504
isotropic,256,4,11,0.00021329680504297193,0.002187382313402123,0.0007214573413277337
isotropic,256,4,12,0.000345608857863269,0.0005596387938791442,0.0004443109767387801
isotropic,256,4,13,0.00027842741532364736,0.0002686434501238173,0.0002899363120813327
isotropic,256,4,14,0.00026003490941497396,0.00014136436659110388,0.00038639514978623907
isotropic,256,4,15,0.00016020769236291233,0.0005458098174196052,0.00023931670545272396
isotropic,256,4,16,0.00042439028607026976,0.0005020161010099587,0.0005122917869967953
isotropic,256,4,17,0.00029087388663945156,0.0012887237073409097,0.0006454949741493858
isotropic,256,4,18,0.0002886624823363313,0.0009527420529502264,0.0006951044736545281
isotropic,256,4,19,0.0005187510285898921,0.0018494525010129687,0.00047298667468085334
isotropic,256,4,20,0.00029211503525106695,0.0005503965406025252,0.0005146850487047628
isotropic,256,4,21,0.00020691782899349433,0.0005247990405821092,0.00045698991394955
isotropic,256,4,22,0.0007488050206017315,0.0018118029383565964,0.0006549013762058581
isotropic,256,4,23,0.00024388588477658192,0.00037597054957284035,0.0003505159584295968
isotropic,256,4,24,0.00043014376608501115,0.0011640135577133826,0.0003121657703880565
isotropic,256,4,25,0.0001763559699467154,0.0006031590255864214,0.00022391615597434092
isotropic,256,4,26,0.00021335948848170402,0.0010141145352651087,0.00032047812060897844
isotropic,256,4,27,0.00035401162467250984,0.0006189482454319554,0.0002849654449810008
isotropic,256,4,28,0.0002770429631282614,0.0023407410087630757,0.0007640922150509272
isotropic,256,4,29,0.0003123473849554404,0.00018386008285140598,0.0003108141445841829
isotropic,256,4,30,0.0004716496043802319,0.0014882472116818954,0.0005862155884374928
isotropic,256,4,31,0.0005006609949130506,0.0011672450010155478,0.00046910999647304134
isotropic,256,4,32,0.00014905479448206244,0.0006930000224835698,0.0002315055238962221
isotropic,256,4,33,0.00017531339044974225,0.0012677889377469848,0.000535112041907334
isotropic,256,4,34,0.00016948614418127846,0.001609684028199594,0.00020260863714436064
isotropic,256,4,35,0.00042814412862718875,0.0020688273089730217,0.0003825612772934799
isotropic,256,5,0,9.589833305442732e-05,4.638077069937814e-05,0.00017560430738239235
isotropic,256,5,1,7.942192223357359e-05,0.0003548609006528724,0.00017136290671325598
isotropic,256,5,2,0.00010738897195162058,0.0007364154218846964,0.00018832410348105984
isotropic,256,5,3,0.00010071022880360981,0.0002255658754862093,0.0001054471200463105
isotropic,256,5,4,8.43154574765799e-05,0.000241493831895623,0.00012820261176472552
isotropic,256,5,5,0.0001421615681130692,0.0005907481520114285,0.0002415937278577224
isotropic,256,5,6,0.00013641955247477866,0.0008944437198046502,0.00018716316144147134
isotropic,256,5,7,9.53475076495026e-05,7.417788836457822e-05,0.00011042351486167616
isotropic,256,5,8,9.887034964353562e-05,0.00046162904194344635,8.706166812700194e-05
isotropic,256,5,9,0.0001355266026412543,0.00043305284457115516,0.0003064206790808607
isotropic,256,5,10,0.00012899820319975416,0.0012465138087264973,0.00016958287110585752
isotropic,256,5,11,0.00011278198979504028,0.00024052800633784604,0.00023990375814652583
isotropic,256,5,12,0.00011447508658684244,0.0005913330272938722,8.522868240329681e-05
isotropic,256,5,13,0.00013907224047574708,0.0005813579759609243,0.0002483356983987078
isotropic,256,5,14,0.00017199861579414503,0.0006563360839545044,0.00019298732416685594
isotropic,256,5,15,0.0001175552111383094,0.0002756274670602932,0.00010667632968727422
isotropic,256,5,16,0.000128012020644766,0.0004800111966759142,0.00011305895000629878
isotropic,256,5,17,0.0001433166637694889,0.00025533858693246826,0.0001674587914839509
isotropic,256,5,18,7.871738715926641e-05,0.00020566416642358687,8.832925235433621e-05
isotropic,256,5,19,0.00011901876657184801,0.00044136811326083976,9.764636363828668e-05
isotropic,256,5,20,7.07232607892018e-05,0.001927112146117564,7.836144776430066e-05
isotropic,256,5,21,0.00012346995265761666,0.00020528105914737962,0.00016124216743774433
isotropic,256,5,22,0.00013741990107165501,0.00030544526551634887,0.00022296400978571098
isotropic,256,5,23,9.240337193365413e-05,5.498554618831806e-05,0.0001683955984904479
isotropic,256,5,24,7.003119804776555e-05,0.0006332052875540446,0.00010319944510962793
isotropic,256,5,25,0.00013117393536417495,0.00011374988508169255,0.000206394125571939
isotropic,256,5,26,0.00017714561459320258,0.0006561368167030514,0.00018961116048357856
isotropic,256,5,27,0.00013623753933150002,0.000596296177266367,0.00010535052548600149
isotropic,256,5,28,0.00013309208629564656,0.0005155330645973402,0.00011255190736124938
isotropic,256,5,29,0.0002744933382382642,0.0016680302536965814,0.00045689844070398276
isotropic,256,5,30,0.00012622929837357417,0.00040325400480043406,0.00019616256579015645
isotropic,256,5,31,0.00010975329573858192,0.0006002192805051485,0.0002443045990106638
isotropic,256,5,32,6.53278344233454e-05,0.000294350466928965,6.605513405192157e-05
isotropic,256,5,33,0.00013810309649572524,0.0004907629601210663,0.00013581919097911904
isotropic,256,5,34,9.542367195211114e-05,0.0001275240479263774,9.438380164864468e-05
isotropic,256,5,35,0.00012981562635447803,0.00016025058731536279,0.00024032350816026953
isotropic,256,6,0,0.0034005100822611014,0.003625698590104395,0.004238690867096025
isotropic,256,6,1,0.00233016412136259,0.0007187837560566181,0.002943288490363117
isotropic,256,6,2,0.003066623928850344,0.0018207614623413234,0.0038698152977506236
isotropic,256,6,3,0.002213716297459771,0.0015196560778085672,0.0028256252498406052
isotropic,256,6,4,0.002433759876128764,0.0026244697721480425,0.0031648554628585473
isotropic,256,6,5,0.0027798845197821312,0.0010883435505067431,0.0030737182716354455
isotropic,256,6,6,0.005359346195092645,0.018227466749523115,0.0058463003080926335
isotropic,256,6,7,0.0021193075933042,0.002582520776525766,0.002567280355245856
isotropic,256,6,8,0.0022575088564068405,0.0009363984481116057,0.002718423520765031
isotropic,256,6,9,0.002400340664122666,0.001065041198690006,0.003086113346273909
isotropic,256,6,10,0.0025699671479282216,0.0017646174101421054,0.0033174133619794928
isotropic,256,6,11,0.0024483457142641073,0.0026560377354056044,0.002992355445671709
isotropic,256,6,12,0.0023105605325401232,0.0008072141634438202,0.0027567438094167
isotropic,256,6,13,0.0022934183721329496,0.00046731475656485767,0.002831346128131124
isotropic,256,6,14,0.0023641494220148934,0.001286507583879173,0.002794792011773393
isotropic,256,6,15,0.002053920166569484,0.00312135933990042,0.00268762030709897
isotropic,256,6,16,0.002273923160627451,0.0017705248204193927,0.0029798421092297137
isotropic,256,6,17,0.002445833604530867,0.0031247044414820834,0.0030319744048803235
isotropic,256,6,18,0.0031747795562896888,0.0021858686719593828,0.003977315820710786
isotropic,256,6,19,0.0023225586617217886,0.0007751242261089281,0.002939835827763
isotropic,256,6,20,0.0024824078142748982,0.0015880676741045052,0.0031329089857017995
isotropic,256,6,21,0.0023896188162082607,0.0015626024925241445,0.0029665106714884737
isotropic,256,6,22,0.002363012663018774,0.0006771844891897078,0.0028943524103374604
isotropic,256,6,23,0.002227616576764381,0.0016664959145063307,0.0026597410932987504
isotropic,256,6,24,0.0024084484307019785,0.0006306380090761125,0.0028807377343646836
isotropic,256,6,25,0.0023329966340305533,0.0032107026622871225,0.002769738556090865
isotropic,256,6,26,0.001903201231855965,0.004210333186637646,0.00239008519117216
isotropic,256,6,27,0.0022854547495508456,0.001992123157898252,0.0028847211957743193
isotropic,256,6,28,0.0029052335883636487,0.0065226032490408835,0.0036953587745482447
isotropic,256,6,29,0.002398653046418924,0.0009389838741589728,0.003106587735710582
isotropic,256,6,30,0.0024846186822923303,0.0025205287072994154,0.0030415366080433297
isotropic,256,6,31,0.0022833514303234907,0.0035153984688219902,0.0025200343759645212
isotropic,256,6,32,0.002293510319487153,0.0001735289407847652,0.0027985159063534195
isotropic,256,6,33,0.003813662265524119,0.006241647147975088,0.0046375792021157575
isotropic,256,6,34,0.0023022070286858798,0.0007178795357810815,0.002832175076884144
isotropic,256,6,35,0.002667485546995755,0.0027266671531483346,0.003122783445768917
isotropic,256,7,0,0.00016112317983411713,0.00021074805380218818,0.0003595799148030436
isotropic,256,7,1,0.00022731474523496797,0.0007882420685081137,0.00044708383204840167
isotropic,256,7,2,0.00020334024821917255,0.00015870919057260784,0.000401547643880517
isotropic,256,7,3,0.0001110932266930271,0.0002729145008496205,0.0004573641363038071
isotropic,256,7,4,0.00012088130329757153,0.000423114769887506,0.0005014025681438338
isotropic,256,7,5,9.767074029863007e-05,0.0005141992093348174,0.0004777341326697242
isotropic,256,7,6,0.00028937036748287784,0.0008564944846578248,0.00048788478704230563
isotropic,256,7,7,0.0001929587422408982,0.00030147214590387736,0.00035340162339618443
isotropic,256,7,8,0.00013584088188658183,2.8713683669020038e-05,0.00039925946338088077
isotropic,256,7,9,0.00013966161481846775,0.00023158683667683989,0.000450071301617053
isotropic,256,7,10,0.00018963133438354998,0.00014288933101648825,0.00033659803757410617
isotropic,256,7,11,0.00011955814716973047,0.00023727451338392304,0.0004207720580051196
isotropic,256,7,12,0.00028053804151080905,0.000479258577049686,0.0005209129783605815
isotropic,256,7,13,0.00011340590097441319,0.0009670141207536984,0.00047733679720895545
isotropic,256,7,14,0.00017872445133791843,0.0007328071152021439,0.0004059717693575937
isotropic,256,7,15,0.00014097965301290748,9.704936142048229e-05,0.0004356107504427936
isotropic,256,7,16,0.00013663592900539038,0.0003330796027428483,0.00042191269637736775
isotropic,256,7,17,0.00016446879980556786,0.0003723492389910226,0.00039353981972653
isotropic,256,7,18,0.0001096145703019125,0.00024308172398142196,0.00046303340269883636
isotropic,256,7,19,0.00013675479375838346,0.00034252697533863484,0.0004003871140556931
isotropic,256,7,20,0.0002980870648734071,0.0011816764436599287,0.0003102497338885762
isotropic,256,7,21,0.00011576520982666685,0.00019721786153535932,0.00045081529564532503
isotropic,256,7,22,0.00021485334950650274,0.0004917899952905822,0.0004178159759120276
isotropic,256,7,23,0.00015959801401262082,0.00019800896276544618,0.00041220325362249056
isotropic,256,7,24,0.0002095360493974851,0.00033037417961234413,0.0003197463420042511
isotropic,256,7,25,0.00014533669306234604,0.00016580665039314923,0.00038985799452383857
isotropic,256,7,26,0.00017161718380122082,0.0010659392540762111,0.0003671979848459596
isotropic,256,7,27,0.00015589943202389393,0.00028207460957803437,0.0003849797627096203
isotropic,256,7,28,0.0001740302153661723,6.678901949789391e-05,0.0004370773165605712
isotropic,256,7,29,0.00017112440634094978,0.00011495321294918835,0.0003654280051210017
isotropic,256,7,30,0.00011240186288827542,0.0005227932544248107,0.00048062106952037793
isotropic,256,7,31,0.00022558060348170213,0.000621548497085954,0.0003363258308098201
isotropic,256,7,32,0.00017561615214991438,7.702148627500615e-05,0.00039820666827112655
isotropic,256,7,33,0.0001919335263337479,0.0001299106199308115,0.000419771764797327
isotropic,256,7,34,0.00017419406395236523,0.00028798716715428896,0.0003402310658623135
isotropic,256,7,35,0.00017178365829113946,0.00023872983473731518,0.0003646988446990941
isotropic,512,0,0,0.0003155973681586348,0.006790904436622828,0.0003490797655915225
isotropic,512,0,1,0.0004154219963308554,0.00026364694362940533,0.0004188503784964475
isotropic,512,0,2,0.0002687298759045829,0.0002800170258928146,0.0003391964754754767
isotropic,512,0,3,0.000256352819413102,0.001006812037533927,0.00034832690439245826
isotropic,512,0,4,0.0001296401555643571,0.001823677520142131,0.000204657253244599
isotropic,512,0,5,0.0003308203812061869,0.0002646431660433665,0.00039636929940669864
isotropic,512,0,6,0.000134873617365194,0.0007161319584017032,0.00020014176276819012
isotropic,512,0,7,0.0002174437369014767,0.0009529701825713459,0.0002704021426270218
isotropic,512,0,8,0.00025851150090709467,0.0001651916674648954,0.0003291751573682601
isotropic,512,0,9,0.00043640717830041185,0.0005540920058937184,0.00041865410056545106
isotropic,512,0,10,0.00022994706866370985,0.0004661437075257069,0.00029371699975891635
isotropic,512,0,11,0.0002195580969962209,0.0003786053740418955,0.0002930765416493817
isotropic,512,0,12,0.0001727193955436249,0.00012833145970529648,0.0002613215364544532
isotropic,512,0,13,0.00016175052088240888,0.00040633417981562414,0.0002319524275580596
isotropic,512,0,14,0.0002813269512692327,3.0994595515665394e-05,0.0003529315955428173
isotropic,512,0,15,0.0003272572796831866,0.0003985496832562843,0.00040525459287946527
isotropic,512,0,16,0.0003008909546641711,5.3479511156796294e-05,0.0003588294154806878
isotropic,512,0,17,0.00025760157068757607,0.00011757635439834142,0.00033290248606863195
isotropic,512,0,18,0.00030738495640846117,0.00015277053249446152,0.0003626507260376341
isotropic,512,0,19,0.0003018573205138363,6.777540452866693e-05,0.0003703979448561791
isotropic,512,0,20,0.0003555209061766489,0.00014083940197189454,0.0003866250426039226
isotropic,512,0,21,0.00037733378612520604,0.00018094856055004562,0.00042285948552075716
isotropic,512,0,22,0.00028526134780188644,0.0009837504230893845,0.00038233964131955084
isotropic,512,0,23,0.00032798688051007235,0.0005990771204851345,0.000379206381354043
isotropic,512,0,24,0.0003382767887817814,0.00015971717438048136,0.0003867966786685438
isotropic,512,0,25,0.00015925407880979908,0.0008287818219813758,0.00024611229826690466
isotropic,512,0,26,0.00016270767977171534,0.003538128077490585,0.00021665264747289367
isotropic,512,0,27,0.00030528391994650406,9.086208402366331e-05,0.0003677824122438095
isotropic,512,0,28,0.00022033076701829946,0.00019878751104715356,0.0002799873639332766
isotropic,512,0,29,0.00017963187900612492,0.0001862043326915487,0.00026187732775723865
isotropic,512,0,30,0.0001696441490515142,0.0002086012650703037,0.00025191367909119076
isotropic,512,0,31,0.00028193705324100764,0.0002764210273564216,0.0003656053928160985
isotropic,512,0,32,0.00048360452123247504,0.0007030214910125785,0.00047667051539794
isotropic,512,0,33,0.0003298013892738328,0.000923281696415435,0.00033433570019413325
isotropic,512,0,34,0.000312908504345476,0.00017562485612654106,0.00036144568267302646
isotropic,512,0,35,0.000302347723134188,8.65462325062148e-05,0.00037153299592259043
isotropic,512,1,0,0.00035884159845993774,0.0010914343832210086,0.000465444753246092
isotropic,512,1,1,5.793086225800406e-05,0.0008572769433241582,0.00017647127120885465
isotropic,512,1,2,4.262984341938971e-05,0.0001815680051870124,9.568596575394931e-05
isotropic,512,1,3,0.00032067902346982204,0.000685061501396689,0.0004441461288764267
isotropic,512,1,4,9.894348703229112e-05,0.00019361988270446268,0.00023100570802754724
isotropic,512,1,5,9.147911461300346e-05,0.00018075259888925536,0.00018946942979405107
isotropic,512,1,6,9.243493723950728e-05,0.0008478238573432983,0.00010511628316667586
isotropic,512,1,7,0.00012581163712190247,0.0005565114010902006,0.0003099336014567851
isotropic,512,1,8,4.4680268782638615e-05,0.0001228243995387966,0.00010375949559734221
isotropic,512,1,9,7.848902991389834e-05,0.0004978039850614566,0.0001230300927385385
isotropic,512,1,10,5.22086926541635e-05,0.0003331276760149247,0.00017965816071678623
isotropic,512,1,11,5.841312978362677e-05,0.00014538722973981953,0.00015589142665079153
isotropic,512,1,12,0.000150305924459318,0.00036184773847908506,0.00026110567669411413
isotropic,512,1,13,0.000294927600661025,0.001539791101997981,0.0004801747052695214
isotropic,512,1,14,0.000235628553262224,0.0006050564014876858,0.00038656748268411635
isotropic,512,1,15,0.00010277856920024046,0.0003897644709640522,0.00017763181739265007
isotropic,512,1,16,3.6030425496416915e-05,0.0007822216036352178,9.136017542558398e-05
isotropic,512,1,17,4.5156598729922506e-05,0.00036956454021262394,8.445375982515353e-05
isotropic,512,1,18,6.009569411880891e-05,0.0006769688510114224,0.0001428256304182049
isotropic,512,1,19,0.00018174166341252963,0.0003689134135162278,0.0003526958807948086
isotropic,512,1,20,0.00012317366691910238,0.0012682040881667298,0.00014958999331816144
isotropic,512,1,21,6.420771559505593e-05,0.0011380582711876862,8.426747861135177e-05
isotropic,512,1,22,6.707387947515049e-05,3.794755368884401e-05,0.00014817255832642173
isotropic,512,1,23,4.37721585764933e-05,0.000485859850893078,9.939335605722701e-05
isotropic,512,1,24,0.00011584439833462943,9.171063137835645e-05,0.0002195067929744487
isotropic,512,1,25,8.424515905597601e-05,8.845926195506459e-05,0.00016993994932475368
isotropic,512,1,26,5.8203826581327376e-05,0.00037841436706533916,0.00016344714828406666
isotropic,512,1,27,4.6871447800862586e-05,0.00023647100457289963,8.752832604633161e-05
isotropic,512,1,28,0.0002632213159342326,0.0008885833238444727,0.0003404160380104994
isotropic,512,1,29,0.00013575337850039966,0.00027033539952328925,0.0002014442680089881
isotropic,512,1,30,0.0001706713781474884,0.0018085004741727297,0.00024524358167164886
isotropic,512,1,31,8.321192189340691e-05,0.0005925878834526878,0.00013549046760211894
isotropic,512,1,32,0.00010448043162077343,0.00013825928611553925,0.00023717059661436325
isotropic,512,1,33,0.0001688259653836152,0.0004536189107273013,0.0003334725417434091
isotropic,512,1,34,0.00032116200027589427,0.0018492214040481637,0.0004425752782670543
isotropic,512,1,35,0.00010105530580844363,5.472301257488133e-05,0.00022716542942384678
isotropic,512,2,0,0.0005628324056424373,0.0001331801522931799,0.001552958346319259
isotropic,512,2,1,0.0005893899501620936,0.00023175620023619856,0.0016181955169021845
isotropic,512,2,2,0.0005833016838734581,9.615327486354073e-06,0.0014779497556221995
isotropic,512,2,3,0.0005821439714873934,0.0002487315193861492,0.001533800381287402
isotropic,512,2,4,0.0006817387578897896,0.00014532679876853334,0.001499280647540356
isotropic,512,2,5,0.0011477617269903936,0.003053732740515973,0.0022621807097886124
isotropic,512,2,6,0.000616402048324064,0.00011471272243497623,0.0015469160131847562
isotropic,512,2,7,0.000571637734624352,0.00011911487213392481,0.0015070875460658998
isotropic,512,2,8,0.0006886087477085721,0.00012346712278874203,0.001521931385530782
isotropic,512,2,9,0.001465015863153541,0.0017505322442385822,0.00227915392970284
isotropic,512,2,10,0.000711917168346592,0.00027398533512592183,0.0014885190218588032
isotropic,512,2,11,0.0006274412849376364,0.00019252373870826627,0.0015156449401802223
isotropic,512,2,12,0.0008246116754098861,0.0004737562680311078,0.0015985738488105497
isotropic,512,2,13,0.0007179595524845479,0.00014917644679339077,0.0015476239165250587
isotropic,512,2,14,0.0005724689461904964,3.2894246359412214e-05,0.0014464996735837118
isotropic,512,2,15,0.0006287644767207089,4.0223184632300386e-05,0.0014886545476360865
isotropic,512,2,16,0.0005413433288975623,9.672691037077553e-05,0.0014439091859654134
isotropic,512,2,17,0.0005571732681923455,0.00012213506590050274,0.0014961200320206245
isotropic,512,2,18,0.0005722586774336238,2.3643060847505566e-05,0.0014496441081130258
isotropic,512,2,19,0.0005287830999664815,0.0001857848342818885,0.0014561772842542795
isotropic,512,2,20,0.0005446029322143753,0.00030492253198060476,0.0015299259923671335
isotropic,512,2,21,0.0005385831589974025,0.00042899611577150757,0.0015706613280739097
isotropic,512,2,22,0.0005392281016300126,0.00021944100261159005,0.0014607354823175656
isotropic,512,2,23,0.0006042171433377733,6.414687553228376e-05,0.0014308448909872156
isotropic,512,2,24,0.0005818737534606757,0.00014109575534577574,0.0015130565005083496
isotropic,512,2,25,0.0005006279965037338,0.0003390392070964668,0.001490916491521891
isotropic,512,2,26,0.0004858892164534878,0.0003655607424118647,0.0015123611591444615
isotropic,512,2,27,0.000602957506399834,0.0005676497582144803,0.0016979628521190606
isotropic,512,2,28,0.0006246808928356401,0.0001678544014715043,0.001529644179461873
isotropic,512,2,29,0.0005908696824648988,0.0005136042159251933,0.0016799228414744937
isotropic,512,2,30,0.0007470652714349471,0.00047676442201050084,0.0015354425968926197
isotropic,512,2,31,0.0006172989884408321,0.0001151936573155241,0.001451830157716513
isotropic,512,2,32,0.0008081569240461674,0.0006990165507771747,0.0018122229584357633
isotropic,512,2,33,0.0005632677039592869,1.5768656997326553e-05,0.0014840030227096252
isotropic,512,2,34,0.0006672651304841055,0.0002554431613411124,0.0015994383878982547
isotropic,512,2,35,0.0007259336374673373,0.00026207475330825545,0.00166825117187543
isotropic,512,3,0,0.0001880957344319339,0.0008692747615530887,0.0001705267341105858
isotropic,512,3,1,0.00010777295315732928,0.0018657311168778497,0.00017811703015752325
isotropic,512,3,2,9.527515497936052e-05,0.0010766620577883764,0.0001302029747993982
isotropic,512,3,3,0.0002469762286012688,0.0004486787514229997,0.00023423853185678155
isotropic,512,3,4,0.00015487585124266537,0.0002726522882349811,0.00016627253787767152
isotropic,512,3,5,0.0001632949075864049,0.0005929763534582026,0.00019596739297763545
isotropic,512,3,6,0.0001456919645277496,0.00043172698556525333,0.00015025697250483787
isotropic,512,3,7,0.0002804691399662642,0.0015034219903783126,0.00026686904827274527
isotropic,512,3,8,0.00012829589649855237,0.0005640543087179318,0.00016438867952101857
isotropic,512,3,9,0.0001768201516514052,0.0019526288008671836,0.0002430210518433826
isotropic,512,3,10,0.0001593729444417303,0.0006382923594988629,0.00017515083715891424
isotropic,512,3,11,0.00045903340723102795,0.0027663209793841034,0.0004731912255209761
isotropic,512,3,12,0.00026074784358013573,0.0020838636151497662,0.00028352779132713175
isotropic,512,3,13,9.584117128460162e-05,0.0019063250842158846,0.000195562134167715
isotropic,512,3,14,0.00011775742569936964,0.000173943317935842,0.00013946704409551137
isotropic,512,3,15,0.00015892617515219292,0.0006967072860604333,0.00018913552277066484
isotropic,512,3,16,0.00013593554204428007,0.0002620118625338572,0.00016977951154253723
isotropic,512,3,17,9.878746428111136e-05,0.002425195503211827,0.0002854144314656047
isotropic,512,3,18,0.0001307688547114438,0.0006230981181251918,0.00014779274313873956
isotropic,512,3,19,0.00039546985459933137,0.002832998679845141,0.0004534843357606917
isotropic,512,3,20,0.0003280477321506077,0.0009775526269197965,0.0002578733232672884
isotropic,512,3,21,0.00018142484261281572,0.001584312423957499,0.00020503774451791383
isotropic,512,3,22,9.421778509957317e-05,0.000745805145496997,0.0001309387593198963
isotropic,512,3,23,9.913046242964863e-05,0.0008636520087872776,0.000157891805133785
isotropic,512,3,24,0.00016518934897859626,0.0008592783189197088,0.0001478042866134031
isotropic,512,3,25,0.00014153171065768574,0.0007185613869562436,0.00016960122460789697
isotropic,512,3,26,0.0001551569899454956,0.0009518240707706569,0.00018753372193592075
isotropic,512,3,27,9.206614972136318e-05,0.0012885937984943858,0.00018734014291421497
isotropic,512,3,28,0.00018529749850483115,0.0002182599097616002,0.0001746139241601994
isotropic,512,3,29,0.00016649356302278752,0.002825586201115769,0.0002575839218764315
isotropic,512,3,30,0.00015783646661297147,0.000621963740317335,0.00018221211332807567
isotropic,512,3,31,6.999871445811523e-05,0.0018330237783780864,0.0001139930477112853
isotropic,512,3,32,0.00024767685676178587,0.0013968828924445687,0.0002519790672014376
isotropic,512,3,33,0.0002300880533586528,0.0009132922191234928,0.00024083846836761433
isotropic,512,3,34,0.00011883376547153137,0.0027904296371335543,0.00022493424245222
isotropic,512,3,35,0.00033463544258789007,0.00214087539534743,0.00036161378099891587
isotropic,512,4,0,9.755328978201881e-05,0.0003005358871926017,0.00023828576993205314
isotropic,512,4,1,9.980729888230102e-05,0.0006665732786954373,0.0003281241420161405
isotropic,512,4,2,0.00010303869176836266,0.00029212922887218593,0.0003641038807061387
isotropic,512,4,3,9.850250477143067e-05,0.00044301897585559435,0.00015571357559657266
isotropic,512,4,4,0.00011761904219626348,0.000518504380638921,0.00016235295339666865
isotropic,512,4,5,0.00020189634521375642,0.0009117371735855593,0.0005865956157608052
isotropic,512,4,6,0.00011031861767129227,0.0003467060328573126,0.0003943789485710489
isotropic,512,4,7,8.435241079800702e-05,0.00025569727727558193,0.00028198686971748143
isotropic,512,4,8,8.088342789739435e-05,0.001065577271365077,0.00014364172656733125
isotropic,512,4,9,0.00013014162119559937,0.001326402599703862,0.00029509581337166526
isotropic,512,4,10,8.186312627618116e-05,0.0004330909479621876,0.00022223347315052702
isotropic,512,4,11,7.656478124142312e-05,0.0017907276399145757,0.00015746359398130077
isotropic,512,4,12,9.855862841035453e-05,0.0003652900040476337,0.00038177669271062835
isotropic,512,4,13,8.007409381323894e-05,0.0003211824575678542,0.000176093168284314
isotropic,512,4,14,0.00026548159009648256,0.005415135949902183,0.0008020413269178256
isotropic,512,4,15,6.055707099083864e-05,0.0002913951205873206,0.00023323761036068595
isotropic,512,4,16,0.0001070075432029769,0.00020052885580935657,0.00037308760384075575
isotropic,512,4,17,0.0001515377470439061,0.0004660200388850738,0.0003973841490319083
isotropic,512,4,18,0.0003402376716843009,0.0026678447583856507,0.000761447916881864
isotropic,512,4,19,6.487960931306277e-05,0.0017765579227210144,7.36918452875823e-05
isotropic,512,4,20,0.00022619461258229737,0.0020010136031260286,0.0007174261088423021
isotropic,512,4,21,0.00015836965027210559,0.0011735501414746549,0.00039927494907394907
isotropic,512,4,22,6.598195488178683e-05,0.0012560779191217722,0.00037734081695110197
isotropic,512,4,23,0.0001321474722509993,0.0016643981873772397,0.00025175679548949
isotropic,512,4,24,0.00010876676275709236,0.0005696193078981073,0.00016011189429651342
isotropic,512,4,25,5.0971442499688e-05,0.0013897036924578107,7.454450477898557e-05
isotropic,512,4,26,0.00012043124676083784,0.0011142735802798084,0.0001816672857489371
isotropic,512,4,27,0.00019991733670350186,0.002031511506716701,0.0006787425488846612
isotropic,512,4,28,0.00010176909141894737,0.0003325192630436765,0.0002704628804370819
isotropic,512,4,29,9.19551096569912e-05,0.0026134883073486073,6.0362424432110106e-05
isotropic,512,4,30,0.0001828943605847256,0.0015600405632934552,0.00015257754697602468
isotropic,512,4,31,0.00012878771905269512,0.0006209869133682003,0.00014350412896330274
isotropic,512,4,32,0.0001094816062909002,0.0004127819069920622,0.00034310768429993295
isotropic,512,4,33,0.00011068223727319292,0.0011418219331992279,0.0004298026397725536
isotropic,512,4,34,7.194042339314446e-05,0.0007348337154447457,0.0002425829807189552
isotropic,512,4,35,0.00018470857365580036,0.0015601730563263511,0.00019065634793164515
isotropic,512,5,0,0.0002091459097106511,0.0011671149514377716,0.0003236668201205051
isotropic,512,5,1,0.0004893302776899767,0.00044496650949866324,0.0007594340889485172
isotropic,512,5,2,0.00026918632381660817,0.0009430799669731254,0.0004280181718125897
isotropic,512,5,3,0.0006129296713509563,0.0001498694618714429,0.0009505652127936441
isotropic,512,5,4,0.000467478135042449,0.00021043651299621662,0.0007212056471147944
isotropic,512,5,5,0.0005725978044265389,0.0006940769342930395,0.0009238559224519936
isotropic,512,5,6,0.00038004737826330984,0.0009811447831841625,0.0005630988680930941
isotropic,512,5,7,0.0005183835384206656,7.618522411946229e-05,0.0008160217735918047
isotropic,512,5,8,0.0003291828402033414,0.00016020752396933547,0.000521194528221009
isotropic,512,5,9,0.0005172501475979697,0.00015930220232272907,0.0008089608287666157
isotropic,512,5,10,0.0006868083421613706,0.0004746300174946413,0.001041955013700036
isotropic,512,5,11,0.0005490106734911917,0.00027690969511964743,0.0008297618153738739
isotropic,512,5,12,0.00020521308524010262,0.0007223612413077413,0.0003217911128220755
isotropic,512,5,13,0.0004412728589436045,0.00014930499436931693,0.0006831941594093433
isotropic,512,5,14,0.0002962742868049356,0.00022819084514055115,0.00046494568382151805
isotropic,512,5,15,0.00043406209041599964,0.0001120771850212678,0.0006713273027849001
isotropic,512,5,16,0.00047554683896305016,0.00012829912411078332,0.0007534596499950968
isotropic,512,5,17,0.0005720748836978507,0.0001487862648914536,0.0008746603531446392
isotropic,512,5,18,0.0005694415126846865,0.00040662242303737275,0.0009117007378328294
isotropic,512,5,19,0.0007034911112773965,0.0007879944796308716,0.0011341885406131302
isotropic,512,5,20,0.000558783953464972,0.00017001771426598816,0.0008747462629472711
isotropic,512,5,21,0.00026765299497137965,0.0002450949070981951,0.00042876127268549804
isotropic,512,5,22,0.00026160403231495873,0.00020694317954134914,0.0004171852776996925
isotropic,512,5,23,0.00042690100682692036,6.0402438917539245e-05,0.0006641646755556343
isotropic,512,5,24,0.00038669503780549614,0.00010993549608076594,0.0006018709456146126
isotropic,512,5,25,0.00023982312876989504,0.0003224096995566968,0.0003813946115868335
isotropic,512,5,26,0.00029439573427561663,0.00022721187143521663,0.00047045994560268557
isotropic,512,5,27,0.0004057733227614123,0.00044111574562160895,0.0006187862932480782
isotropic,512,5,28,0.00042519776993847174,0.0001623334247348519,0.0006563514844442147
isotropic,512,5,29,0.0005375653585356466,0.0003056424188518426,0.0008415455194619822
isotropic,512,5,30,0.0003634159579799038,0.0009260108826490065,0.000544442118488281
isotropic,512,5,31,0.0004449254857227011,3.0842772609670686e-05,0.0006960328795493204
isotropic,512,5,32,0.0005944886298397433,0.0006384284823542773,0.0009217517587732989
isotropic,512,5,33,0.00035455012748120406,0.00017779904387572602,0.0005489968857872158
isotropic,512,5,34,0.0002879262565782115,0.0001867893618037543,0.0004538738403705951
isotropic,512,5,35,0.00030983419305246777,0.0002954445118378928,0.00048202173659117305
isotropic,512,6,0,0.0002318598848697829,0.00011019623685991428,0.0002555585904793598
isotropic,512,6,1,0.00026987174009567006,0.000551211787387559,0.0002641277901986614
isotropic,512,6,2,0.00040361198879511806,0.0006214521265826089,0.0002883670137549111
isotropic,512,6,3,0.00022012582930833066,0.00029232071860648366,0.00024669404332927945
isotropic,512,6,4,0.00026528484767473267,0.0008921240480971955,0.00031768699368964583
isotropic,512,6,5,0.00024365535147392498,0.0016112904041232958,0.00030040564897908836
isotropic,512,6,6,0.00025072573870182457,0.0003472084205203223,0.0002555510535618874
isotropic,512,6,7,0.00025846182318098803,0.00024832157979185566,0.00026636516205502724
isotropic,512,6,8,0.0003013614275484784,0.0005582832169814895,0.0002507540703880162
isotropic,512,6,9,0.0003294792946003823,0.00010029087876149436,0.0002744674110288655
isotropic,512,6,10,0.0002416125072721238,0.0010400793775404054,0.00027420215288921705
isotropic,512,6,11,0.00026758861816505303,0.00016516515800731003,0.00025377373435546256
isotropic,512,6,12,0.0003735221466008578,0.0002813057372207669,0.0003153683776791411
isotropic,512,6,13,0.00035491046493913553,0.0003282909491485815,0.0003050171277677637
isotropic,512,6,14,0.00025654616670111745,0.00022999638060608758,0.00019983010486667173
isotropic,512,6,15,0.00024150737774608847,1.968322459064358e-05,0.0002289075699110535
isotropic,512,6,16,0.0002646519075377948,0.0003765135041477513,0.0002475136544182765
isotropic,512,6,17,0.00026586748330476425,0.0009259871891850966,0.0003085471024192483
isotropic,512,6,18,0.0002444966399681944,0.0009474045333011055,0.00028626427983336714
isotropic,512,6,19,0.0003766429148235054,0.0004915721457482602,0.00025232726003242376
isotropic,512,6,20,0.0002573344269609089,0.00016233295608274816,0.00025630133825202
isotropic,512,6,21,0.0002464824182583633,0.000250009591548698,0.00021220746580259572
isotropic,512,6,22,0.0002411600894004362,0.0008665319153920807,0.0002747309754733326
isotropic,512,6,23,0.00022712954913769307,0.0003119351761877526,0.0002722940756426683
isotropic,512,6,24,0.0003151672991122592,0.0004135138418561755,0.00023343678639693206
isotropic,512,6,25,0.0002372537796127828,0.0004803916684887978,0.0002599431910211326
isotropic,512,6,26,0.0002782795508417286,0.0009472267584429568,0.0003307712531442257
isotropic,512,6,27,0.0002817431116178617,0.0016086829869225686,0.0002902713707127892
isotropic,512,6,28,0.0002846928163470221,0.000519423103660089,0.0002667846092257082
isotropic,512,6,29,0.0003533654462979075,0.00014528596184366091,0.00027046471288940993
isotropic,512,6,30,0.00022589634799384756,0.00042687742394773877,0.00021182470551984277
isotropic,512,6,31,0.00021769634398645865,0.00034101510043185463,0.00024836079360166793
isotropic,512,6,32,0.00024010389160761516,0.0007921702616034113,0.00024260153668122624
isotropic,512,6,33,0.00023440280349780479,0.0011121689312792017,0.0002792935282678525
isotropic,512,6,34,0.00029580115203620193,0.002692565023517738,0.00034735072378365813
isotropic,512,6,35,0.00036564169666389947,0.0006533087657720348,0.00026302856153880515
isotropic,512,7,0,0.0005415751938585079,0.0006651407541383094,0.0005511763434071337
isotropic,512,7,1,0.0002833696052677835,0.00010032761753320033,0.000423251595293351
isotropic,512,7,2,0.00023892492475699549,0.0007103992739158639,0.00029903006853277856
isotropic,512,7,3,0.00025905895523951216,0.0002516353136877022,0.00036887445053770875
isotropic,512,7,4,0.00037100062789810283,0.0004246114014967575,0.00041791731360614015
isotropic,512,7,5,0.00024465550551316923,0.000145265437999345,0.0004396386455509715
isotropic,512,7,6,0.00022736292172917318,0.00010502979643051784,0.0003897747429257409
isotropic,512,7,7,0.00015572715175318276,0.000392100262127961,0.0004409124564965641
isotropic,512,7,8,0.00018517176934020713,5.5717734551997016e-05,0.0003932615327120241
isotropic,512,7,9,0.00032556456876922554,0.00019097297318008882,0.00039605707994085624
isotropic,512,7,10,0.00020983795657894994,0.0003614224077342949,0.0003882621727032094
isotropic,512,7,11,0.00019752953115560057,0.0002320399875548797,0.0003520492270585884
isotropic,512,7,12,0.00022389544035090005,0.00012493651658437567,0.0003608908967259715
isotropic,512,7,13,0.00022073047582842078,0.000641739558629869,0.0003175614187579327
isotropic,512,7,14,0.00019556453720131283,0.0006950847135369422,0.0003225501374508916
isotropic,512,7,15,0.00019821330670633728,0.00018478149222300104,0.00034353856675350253
isotropic,512,7,16,0.0001864333234512885,0.00020946929274225358,0.00040006292803542224
isotropic,512,7,17,0.00018377184829629226,0.0002027153039889857,0.00039482746050809156
isotropic,512,7,18,0.00017470342429367746,0.00028641489445478273,0.0004255274378531373
isotropic,512,7,19,0.0002445836902139818,0.0017646645594309454,0.00032522001165011174
isotropic,512,7,20,0.00017449368037630603,0.0004193312689420451,0.00032154870030871077
isotropic,512,7,21,0.00048754117637399627,0.0009281369676117512,0.0005075417432034321
isotropic,512,7,22,0.0001582416059815283,0.0001108345495424261,0.00036473982332974454
isotropic,512,7,23,0.00019164531979370516,0.0004494897879387262,0.0003016513804996074
isotropic,512,7,24,0.00017800413378659384,6.296540856533772e-05,0.0003909683398650414
isotropic,512,7,25,0.0004349731394471424,0.0005381728018659555,0.00047351485063964555
isotropic,512,7,26,0.00030392626261792566,0.0004319997753007858,0.0003650780349313283
isotropic,512,7,27,0.00018614157945022767,0.00014225711894546436,0.00037139071451296754
isotropic,512,7,28,0.0002408311295639472,0.0002225968169265858,0.00043200731385863785
isotropic,512,7,29,0.00044277554889513514,0.0004076510165314388,0.0004937086998593247
isotropic,512,7,30,0.00023818758401657886,0.0004403624154697493,0.0003727717450128095
isotropic,512,7,31,0.00017124846826022068,0.0002632006669966905,0.000414287677717073
isotropic,512,7,32,0.00018383052945952007,0.00021294115595259713,0.000339932090142032
isotropic,512,7,33,0.00034881495092700394,0.0002054131797476515,0.00043218911669788956
isotropic,512,7,34,0.00018393709276152593,0.0010429063568218983,0.0003026999692082915
isotropic,512,7,35,0.00013138744923338146,0.0003269416354912567,0.0003740846581996248
isotropic,1024,0,0,1.579651866076339e-05,0.00028255048877661403,0.00016185588954085707
isotropic,1024,0,1,2.7652787778935064e-05,0.0004371413309650715,0.00011222002904223228
isotropic,1024,0,2,5.662962870920671e-05,0.00037743280847357143,0.00022844224323819454
isotropic,1024,0,3,1.6731350718059706e-05,7.353664525543282e-05,0.00012548764318208114
isotropic,1024,0,4,1.794883233480355e-05,0.001356855584428357,7.615449752291963e-05
isotropic,1024,0,5,1.997798063927016e-05,0.0003321936461531895,0.00012707240167545987
isotropic,1024,0,6,5.841418759495237e-05,0.00048751464523450307,6.648175103874609e-05
isotropic,1024,0,7,3.1739862230907456e-05,0.00017979986066847883,0.0001788795928367662
isotropic,1024,0,8,6.011452043809891e-05,0.0003999887677149518,0.00030977630993315065
isotropic,1024,0,9,2.5783343740315333e-05,0.00016195796677742004,0.00013865482997514259
isotropic,1024,0,10,2.0849612346273537e-05,8.39715016816174e-05,7.523081294515258e-05
isotropic,1024,0,11,0.00016362055668894712,0.002301302904454241,0.0001836789935460155
isotropic,1024,0,12,3.73597448422992e-05,0.0006034251972177537,0.00011095321617599791
isotropic,1024,0,13,1.2695613188718835e-05,0.0007750603766941812,9.309778315642405e-05
isotropic,1024,0,14,4.3265168521734456e-05,0.002001388759969583,9.60765751997348e-05
isotropic,1024,0,15,4.5200512595381364e-05,0.000529766997272144,9.516434485336993e-05
isotropic,1024,0,16,2.4041924566227075e-05,0.00018236602353901307,0.00011274354373746272
isotropic,1024,0,17,3.581100436393558e-05,0.0001877985990875689,8.948184507579697e-05
isotropic,1024,0,18,3.0211699124028678e-05,0.0003254435004528548,0.0001907410377654191
isotropic,1024,0,19,0.00010802202101128355,0.0012287022094883858,0.00010615013142759096
isotropic,1024,0,20,7.588361442766743e-05,0.000944840577218122,0.0002918032964563808
isotropic,1024,0,21,8.978444822097213e-05,0.0013412902567081805,0.00035945693843150375
isotropic,1024,0,22,2.007446960916448e-05,0.0003946419231699729,0.00023783245784252094
isotropic,1024,0,23,7.274151060456946e-06,0.00024720471269135347,0.00012371172858086874
isotropic,1024,0,24,1.603806548351676e-05,5.899903128302544e-05,7.732983851950206e-05
isotropic,1024,0,25,2.79708886210459e-05,0.000740055926745564,4.34136760523277e-05
isotropic,1024,0,26,2.5328009788427144e-05,0.0002266529625978181,0.0002220122151852014
isotropic,1024,0,27,4.6130489606808865e-05,0.001045194380383798,9.783368158393591e-05
isotropic,1024,0,28,0.00012395359320215555,0.0013556583658559202,0.00012614166939137113
isotropic,1024,0,29,3.126828190615703e-05,0.00012925724502076404,7.80922112143178e-05
isotropic,1024,0,30,7.627100975133827e-06,0.0002181825554722397,0.00013312551166213461
isotropic,1024,0,31,0.00011426571869352213,0.0014793922238497841,0.0001547796740923468
isotropic,1024,0,32,2.2945962066804858e-05,0.0005958487668164333,4.47203370335688e-05
isotropic,1024,0,33,1.0836756364861105e-05,0.00019915043145417134,0.0001129876586325925
isotropic,1024,0,34,2.3259502082230326e-05,0.00017651644667609345,9.324354783115077e-05
isotropic,1024,0,35,7.416477050398245e-05,0.0008539006430058041,8.152351992208173e-05
isotropic,1024,1,0,4.7215671909406736e-05,3.6740396690372625e-05,0.0002583565086214492
isotropic,1024,1,1,4.095038194411475e-05,2.022195441024395e-05,0.00019709758131973782
isotropic,1024,1,2,4.1301311869692116e-05,9.117991394981133e-05,0.00018325104873071526
isotropic,1024,1,3,3.186959073680832e-05,0.00034010039540989,0.0002202388547781236
isotropic,1024,1,4,5.393703998786528e-05,0.00028659572421211563,0.0002884193268376256
isotropic,1024,1,5,2.471993539207239e-05,0.0002778000763536821,0.00022292939152211038
isotropic,1024,1,6,2.9466617128564626e-05,0.0001341516044317568,0.00022462761812501548
isotropic,1024,1,7,5.890336722825879e-05,0.00015720866438326473,0.00029091269822753915
isotropic,1024,1,8,4.6862953746974504e-05,0.0003097945818280187,0.00021723882955524933
isotropic,1024,1,9,0.0001128655753123922,0.00032753468349642123,0.0003922128577067706
isotropic,1024,1,10,6.909811489446838e-05,7.981932778187258e-05,0.00030207597988312403
isotropic,1024,1,11,4.648429441167058e-05,0.0003711713087681857,0.000257377874959359
isotropic,1024,1,12,0.00021772212859257843,0.000503247981929275,0.0004215294558970347
isotropic,1024,1,13,3.8349036722362376e-05,0.00016675265493845643,0.00021157078936905616
isotropic,1024,1,14,7.806704116308428e-05,0.00012678659630407856,0.0003055476770560272
isotropic,1024,1,15,8.54652910062457e-05,0.00012126675487974708,0.00028613406392303164
isotropic,1024,1,16,4.167772400609599e-05,0.0002826144568827707,0.00017684163577138943
isotropic,1024,1,17,7.136006432066795e-05,6.523112743004155e-05,0.00028445141230123126
isotropic,1024,1,18,6.073115329165973e-05,8.41361557842525e-05,0.00022659607033171666
isotropic,1024,1,19,3.1288194813675767e-05,8.088674024204935e-05,0.00021664531005344763
isotropic,1024,1,20,0.00033824337220318245,0.0012503809627348174,0.0007626325765269051
isotropic,1024,1,21,0.00022475751537581092,0.0007575766690434457,0.0005413646088981585
isotropic,1024,1,22,4.490431291270514e-05,0.0004283405842382947,0.00018134311160374097
isotropic,1024,1,23,4.143503917208233e-05,0.0003674865522833231,0.0003438428721102375
isotropic,1024,1,24,3.174677705995735e-05,0.0002515515521141451,0.00028766153398618864
isotropic,1024,1,25,5.042289433322163e-05,3.437154723989453e-05,0.0002617917092360163
isotropic,1024,1,26,4.1801665291600634e-05,0.00016815794458981305,0.00016988315173630103
isotropic,1024,1,27,0.00016279332966448717,0.00020724396210210905,0.00034755698346945914
isotropic,1024,1,28,4.61640541724339e-05,0.00023961995813977764,0.00023380377808698139
isotropic,1024,1,29,6.08644717324396e-05,0.0005550837193217821,0.00039210196734996197
isotropic,1024,1,30,3.249258881413035e-05,0.0001674586528080636,0.00020915446080575051
isotropic,1024,1,31,4.758622345233292e-05,9.612433278603175e-05,0.00018125119865616812
isotropic,1024,1,32,3.0319344668930006e-05,0.0001511236406086286,0.0002607754381157385
isotropic,1024,1,33,4.067706610816319e-05,0.0003959204312290093,0.0002741397147564985
isotropic,1024,1,34,4.9546319190172086e-05,0.0003192681685204562,0.00025159554135610265
isotropic,1024,1,35,3.190536481699958e-05,0.00011074988307646637,0.00023637940685738995
isotropic,1024,2,0,0.00021466862679629266,5.0468214410130694e-05,0.00013529345213810664
isotropic,1024,2,1,0.0002577225328866763,0.0001072889106062181,0.00017631303642822992
isotropic,1024,2,2,0.00023059230097940346,0.00010013221335753509,0.0001465618853634238
isotropic,1024,2,3,0.0003114292970403215,0.0003077661350029614,0.00017245433566305546
isotropic,1024,2,4,0.00025619112945194614,5.9100225451506226e-05,0.00016145610176573482
isotropic,1024,2,5,0.0002798686134467629,0.0001283458218912359,0.00018097784129582497
isotropic,1024,2,6,0.00023947172185971957,0.00037827593004156017,0.00015265738132674183
isotropic,1024,2,7,0.0001812713884926576,0.00044727847980923917,9.574591747097788e-05
isotropic,1024,2,8,0.00021985254771468769,0.00024341877469193118,0.00012827000636872121
isotropic,1024,2,9,0.00021373071297549448,0.00042343774908859435,0.00014502543651821937
isotropic,1024,2,10,0.00011228617396520432,0.0005224179200000158,7.253170524011973e-05
isotropic,1024,2,11,0.00017842093449489343,0.0002441651522916578,0.00012352551846733458
isotropic,1024,2,12,0.00026163076693471495,0.00012134450996317406,0.0001674503433669839
isotropic,1024,2,13,0.0002043775684024815,8.716611497027807e-05,0.00013289323815055906
isotropic,1024,2,14,0.0001507570761825215,0.0006315718545343205,9.172147721345523e-05
isotropic,1024,2,15,0.00021397475097101955,5.1969518674524686e-05,0.00015250961030828397
isotropic,1024,2,16,0.00028837599688446864,0.00022712645525318554,0.00016747271551940604
isotropic,1024,2,17,0.0002307819711696296,2.2036860925392795e-05,0.000150793033205792
isotropic,1024,2,18,0.00024446877161006796,7.84932417168817e-05,0.00015668598407771
isotropic,1024,2,19,0.0002605374539919077,2.4016619533591456e-05,0.00016885661709257663
isotropic,1024,2,20,0.0002048193293189608,7.078753785015731e-05,0.00013324080025197844
isotropic,1024,2,21,0.0002816686917483036,0.00012240488468024557,0.0001867373211252497
isotropic,1024,2,22,0.0001793898901755979,0.0003344868105225833,0.00010688818297933212
isotropic,1024,2,23,0.0002445223321959084,0.0001589205695048952,0.000148933958484418
isotropic,1024,2,24,0.00022084088193996115,6.993293009529717e-05,0.0001512042290620863
isotropic,1024,2,25,0.00022289957805011765,0.00030191433033922925,0.0001407659804284994
isotropic,1024,2,26,0.00025972464516352175,0.00019498603372355422,0.00018362844494083613
isotropic,1024,2,27,0.0002991701308139133,0.000481540696846424,0.00017491892234994917
isotropic,1024,2,28,0.00027332846666657673,3.5954405098512794e-05,0.0001728693752921202
isotropic,1024,2,29,0.0002657410571246068,1.980400720221261e-05,0.00016925817285885205
isotropic,1024,2,30,0.000291346426402382,0.0002564192036690996,0.00017631711549969146
isotropic,1024,2,31,0.00012142430970012174,0.0006747506096420044,9.854360382492228e-05
isotropic,1024,2,32,0.00024836984072506625,0.0004882991021571232,0.0001497238792454909
isotropic,1024,2,33,0.00023463632737306727,0.000144570311493819,0.00014560395145068772
isotropic,1024,2,34,0.00025905988081475296,8.596321466685045e-05,0.00016286041492744998
isotropic,1024,2,35,0.00025442681767433404,0.0002702602611671854,0.00016737109573061452
isotropic,1024,3,0,0.0002376027405428969,0.00012702156332741805,0.00017163203007123452
isotropic,1024,3,1,0.00019709672915194337,0.00047225151783618715,0.00014393893455685693
isotropic,1024,3,2,0.0002658671516064014,0.00014045902902420405,0.0002333650663387705
isotropic,1024,3,3,0.00022713242048666657,9.743286096684717e-05,0.00019134961668189077
isotropic,1024,3,4,0.0001743628775093482,0.000355784606756581,0.00018331723008522795
isotropic,1024,3,5,0.00023498928543313097,0.0001591981902105574,0.0001719788981120796
isotropic,1024,3,6,0.00030016145089564695,0.00022894028494107463,0.00022264980471057007
isotropic,1024,3,7,0.00021484358814841307,0.00043511321945515884,0.0001935295479051626
isotropic,1024,3,8,0.00018887440138019677,0.0002419945627531183,0.00017710470446954607
isotropic,1024,3,9,0.00021538063827149858,0.0003056171527582031,0.0001756383576529164
isotropic,1024,3,10,0.00033154170557922393,0.00015527740773824779,0.00028549031061255744
isotropic,1024,3,11,0.000465146096561527,0.0007241323605997677,0.00043988785495869187
isotropic,1024,3,12,0.00024843054960881035,0.00014412974130406973,0.00019621614333221495
isotropic,1024,3,13,0.0004638756934604005,0.0006530551773890729,0.000440535193675453
isotropic,1024,3,14,0.0002978712264956088,0.00015116036273388802,0.00020423983563256439
isotropic,1024,3,15,0.0001391403516700567,0.0007158719496740888,0.00013128558125903155
isotropic,1024,3,16,0.00022280076886214083,0.0003149342016972547,0.0001569809203217719
isotropic,1024,3,17,0.00020762526173109642,0.0002639187263603071,0.00019569549107756153
isotropic,1024,3,18,6.79681270670467e-05,0.00067435707480394,8.778561884433114e-05
isotropic,1024,3,19,0.00021171791461487062,6.402459518868159e-05,0.00018219322360116982
isotropic,1024,3,20,0.0003357800456270807,0.00021193481896074394,0.0002999699336865327
isotropic,1024,3,21,0.00025829976075345326,0.00016490766857104423,0.00018220309207052018
isotropic,1024,3,22,9.431253436965517e-05,0.0008575216543405443,8.635035024867124e-05
isotropic,1024,3,23,0.00032615100236087864,0.00027570539563893866,0.0002923153593597875
isotropic,1024,3,24,0.0004371616679681167,0.0003462393598922405,0.00026689345958149773
isotropic,1024,3,25,0.00036578162995160463,0.00024872105426273735,0.00025352969825820094
isotropic,1024,3,26,0.00019548535377464572,0.00017900257159018842,0.0001444336921018952
isotropic,1024,3,27,0.0002776837421890068,0.00010567862197058281,0.0002472439952102346
isotropic,1024,3,28,0.00024323211655535542,0.00029907692759655735,0.0002235223639236602
isotropic,1024,3,29,0.0002387116998136742,4.475855760426659e-05,0.00018889426052759006
isotropic,1024,3,30,0.00019941111758268752,0.0001587406809891204,0.0001886532920986493
isotropic,1024,3,31,0.0004484182628567485,0.0003509735585118813,0.00037564515983897
isotropic,1024,3,32,0.00040079264310450966,0.0003471735834302412,0.00031173876369965255
isotropic,1024,3,33,0.0003081865608794898,0.00013962875166848655,0.00024243180480637712
isotropic,1024,3,34,0.00013216088580770673,0.0006741870713431979,0.00012263839336564125
isotropic,1024,3,35,8.180000788160167e-05,0.0016975108871058998,7.524722794514604e-05
isotropic,1024,4,0,2.4272824938795233e-05,0.0006506094596928113,2.526495126640696e-05
isotropic,1024,4,1,5.31109630583597e-05,0.00037191065910604,3.5489513761320845e-05
isotropic,1024,4,2,5.6798060118788644e-05,0.0004941475583666318,3.430768430145278e-05
isotropic,1024,4,3,4.366404681959643e-05,0.00035644238998897525,5.108158653097804e-05
isotropic,1024,4,4,2.990210445470684e-05,0.0002536183252550386,1.8507518756599862e-05
isotropic,1024,4,5,3.606413079658092e-05,0.00044022673369522924,3.480944251180163e-05
isotropic,1024,4,6,3.563491379471717e-05,0.00014726992648725636,2.0056297022936742e-05
isotropic,1024,4,7,3.978441927474969e-05,0.0006447426769705428,5.1862196892499516e-05
isotropic,1024,4,8,4.20598250722796e-05,9.737265415788396e-05,2.241737599175076e-05
isotropic,1024,4,9,4.346321749306112e-05,0.00033431027627462594,3.866562950890607e-05
isotropic,1024,4,10,2.9778073945981542e-05,0.00024476634209437225,3.403027656565147e-05
isotropic,1024,4,11,2.8537499293245235e-05,0.0005669679794914601,2.6163889400609262e-05
isotropic,1024,4,12,4.646281046206251e-05,9.98451297021451e-05,2.4360460413407565e-05
isotropic,1024,4,13,4.526318544899101e-05,0.001193253763574696,5.20323455398749e-05
isotropic,1024,4,14,2.4865139696508423e-05,0.0005608766115064018,3.0153929891224583e-05
isotropic,1024,4,15,3.7368518239702466e-05,0.0002597056778626583,3.338124454200605e-05
isotropic,1024,4,16,3.716143522653064e-05,0.0006044585637566803,2.5177447954725152e-05
isotropic,1024,4,17,4.379239708530603e-05,9.149901739738383e-05,2.7489540070396015e-05
isotropic,1024,4,18,7.284439008259887e-05,0.0007713491417152014,7.690754205252622e-05
isotropic,1024,4,19,4.6976091387612395e-05,0.00042323674392359537,3.945144538380491e-05
isotropic,1024,4,20,7.395365704749332e-05,0.0006359635153323326,4.156391238977159e-05
isotropic,1024,4,21,5.2178177723832606e-05,0.00012958173273756271,5.1141186719466986e-05
isotropic,1024,4,22,8.326304221915807e-05,0.0007882706810480897,5.314375350240038e-05
isotropic,1024,4,23,3.767524271671128e-05,0.0003890471661852397,2.4608545560640282e-05
isotropic,1024,4,24,6.948102193616109e-05,0.0004189819457509965,3.7934264875436586e-05
isotropic,1024,4,25,4.853151962253338e-05,0.00021948294343309592,3.666713631052347e-05
isotropic,1024,4,26,4.733887251589456e-05,0.0006424672295283753,2.7390610184412614e-05
isotropic,1024,4,27,5.293953456890744e-05,0.0002513981835463019,2.9064384270939357e-05
isotropic,1024,4,28,5.827940760869966e-05,0.00030202518905193137,3.952489552448839e-05
isotropic,1024,4,29,0.00010542443907284202,0.0009146219414878954,6.999030963487223e-05
isotropic,1024,4,30,2.3181480177717985e-05,0.0002842288526757124,2.0090148997477333e-05
isotropic,1024,4,31,4.422139187621166e-05,0.0003354673464037816,5.637142426680229e-05
isotropic,1024,4,32,2.4576053188976047e-05,0.0003368390031183733,1.5723173367746552e-05
isotropic,1024,4,33,2.8887956661047204e-05,0.0007810509343882598,1.608282661602531e-05
isotropic,1024,4,34,4.138278325569525e-05,0.00014488933239866,2.738427074736757e-05
isotropic,1024,4,35,3.1462696890975616e-05,0.0008797354599019302,1.9996171037571455e-05
isotropic,1024,5,0,0.00012063782807238657,0.00021002798721147554,0.0001400016044531825
isotropic,1024,5,1,0.00015444575444562174,0.0005299801918201646,0.0001367439793592492
isotropic,1024,5,2,0.0001368112373193183,0.00020076383769917458,0.00013010354355356241
isotropic,1024,5,3,0.00011088699692464224,0.0008121573462015999,0.00010519275099182318
isotropic,1024,5,4,0.00014450026467946556,0.00013378017352540716,0.00013168194932994492
isotropic,1024,5,5,0.00012470749813587814,0.00022364020179805734,0.0001233273570903225
isotropic,1024,5,6,9.954715682163062e-05,0.0005362831844179774,0.00011304592894349072
isotropic,1024,5,7,0.00010561191318969343,0.0004188356739884929,0.00011428546065929637
isotropic,1024,5,8,0.0001526648516612156,0.0005448887493836046,0.00010612445169653073
isotropic,1024,5,9,0.00012971975585234174,0.0003103873722994984,0.00011032229915693714
isotropic,1024,5,10,0.0001349145583514146,0.0005456585406871143,0.00012704997373520638
isotropic,1024,5,11,0.00012137432914025907,2.755579043270438e-05,0.00012325584296978443
isotropic,1024,5,12,0.00013777820154995863,0.00036043161297545114,0.0001182111983158565
isotropic,1024,5,13,0.0001398111890819801,0.002070531920700641,0.00011978755605932495
isotropic,1024,5,14,8.97582699322954e-05,0.0011552768614864017,0.000104848479217555
isotropic,1024,5,15,0.00014289983210362883,0.0006843996666176042,0.00014725426521403512
isotropic,1024,5,16,8.818585584844939e-05,0.0006982674294825333,0.0001007854951895888
isotropic,1024,5,17,0.00020326168984146357,0.001581899112170934,0.0001638743208595831
isotropic,1024,5,18,0.0001047691668274044,0.0001907898539721282,0.00012225355018265755
isotropic,1024,5,19,0.00017042681486983125,0.001489517435351583,0.00010678100929342842
isotropic,1024,5,20,0.0001287365545039912,0.0007712677370932595,0.00015118626322706627
isotropic,1024,5,21,0.00014119041653668958,0.0006547024448470347,0.00015346918805206236
isotropic,1024,5,22,0.00011536838471057162,0.00030932643886891225,0.00012704518789654015
isotropic,1024,5,23,0.0001030732317702412,0.0009998084447578963,0.00011381464132443393
isotropic,1024,5,24,9.327156801837968e-05,0.0010804169664992596,0.00010354250675482546
isotropic,1024,5,25,0.00020055732958649901,0.0009743028754483506,0.000127331152353627
isotropic,1024,5,26,0.00025834293100596986,0.0013386114494394678,0.00017895956334853814
isotropic,1024,5,27,0.00014279106786796992,0.00016540068267195492,0.00013118956528345577
isotropic,1024,5,28,0.00011504036956433075,0.0011372619091692448,0.00011846208171797064
isotropic,1024,5,29,0.00013189537757463075,0.00014427262739392374,0.00011897036680809443
isotropic,1024,5,30,0.00011636848142375375,0.0006615550970426537,0.0001026734718877626
isotropic,1024,5,31,8.471073886825347e-05,0.0013098789047829014,0.00010453349794455077
isotropic,1024,5,32,0.00011691441200747108,0.0009265071072105221,0.00013700700393233135
isotropic,1024,5,33,0.0002851208437351444,0.002116144534969108,0.0001774411179049179
isotropic,1024,5,34,9.636456416873765e-05,0.0002487204519275812,0.0001068280455516843
isotropic,1024,5,35,8.855096160314997e-05,0.0002755009635978368,9.482630721848186e-05
isotropic,1024,6,0,0.0002981744923228375,0.00025538960810691526,0.000332998709376823
isotropic,1024,6,1,0.00037357163305955135,0.0007736002551685173,0.00043323380176491823
isotropic,1024,6,2,0.00015964430434217184,4.898375963975429e-05,0.0002176381166188544
isotropic,1024,6,3,6.234113073840404e-05,0.001694899323446278,0.0002980224400620478
isotropic,1024,6,4,5.600784725519822e-05,0.0002196031523498059,0.00015145108615205653
isotropic,1024,6,5,8.932994073809286e-05,9.80176717004065e-05,0.00016954341432277932
isotropic,1024,6,6,0.000126262842937125,0.00024520723468329255,0.00019639475074877428
isotropic,1024,6,7,8.797280758361274e-05,0.0005024925515535051,0.00018512105857447627
isotropic,1024,6,8,1.70007774665139e-05,0.0008740031159320254,0.0001690712338835668
isotropic,1024,6,9,0.0001402671191761658,1.9515989903004197e-05,0.00020333202075202415
isotropic,1024,6,10,1.897347995414905e-05,0.000660100386323789,0.00014725791927173385
isotropic,1024,6,11,1.5544039301905062e-05,0.000915103504321108,0.00016516619546717468
isotropic,1024,6,12,4.030263793144328e-05,0.000538037450583362,0.00015598906359827553
isotropic,1024,6,13,0.00012889665968412046,0.0003445956203003857,0.00019353646930636703
isotropic,1024,6,14,1.1515416308710787e-05,0.0010488312053814975,0.00015403203533320475
isotropic,1024,6,15,1.5332334254348295e-05,0.00042759908213808694,0.00014290521608377498
isotropic,1024,6,16,1.5579431444377675e-05,0.00040756464748614794,0.00017405344566989888
isotropic,1024,6,17,7.936073287556984e-05,0.0001796347142073754,0.00017255908962006544
isotropic,1024,6,18,7.853308017797525e-05,5.154443461870259e-05,0.00016301544741417323
isotropic,1024,6,19,0.00013523859537646615,0.0002073288158658645,0.00021863015654874747
isotropic,1024,6,20,9.442954827247466e-05,0.0001896584456364592,0.00018565783687571636
isotropic,1024,6,21,0.00011138836483891602,0.00022925124492762617,0.0001763589163294271
isotropic,1024,6,22,0.00016174264334523867,0.0003537457819270217,0.00022750055019527438
isotropic,1024,6,23,2.5985226169349053e-05,0.001440656229851252,0.00017385522964135413
isotropic,1024,6,24,0.00010055381944457,0.00021965064937534302,0.00016724191879072424
isotropic,1024,6,25,0.0001790401735858966,0.00010930945309277861,0.0002296095525266554
isotropic,1024,6,26,0.00012665641798926045,0.0001963209756329059,0.00018978279905278089
isotropic,1024,6,27,4.564053524744167e-05,0.0002922560927981046,0.00015939553142719587
isotropic,1024,6,28,1.5175679734864945e-05,0.0008601001276190335,0.00013759618836718638
isotropic,1024,6,29,8.480219056488323e-05,0.00015523488965184435,0.0001743071531632269
isotropic,1024,6,30,6.45985981590814e-05,0.00042177529263622503,0.0001693623998843268
isotropic,1024,6,31,0.0001743743350663021,0.0003128932685480016,0.00021355290352449949
isotropic,1024,6,32,4.11354993479861e-05,0.00032233523867364637,0.00015596569973592175
isotropic,1024,6,33,4.010635558271842e-05,0.00035721240174714893,0.00014560278123565372
isotropic,1024,6,34,9.56074076046355e-06,0.0004231776908460469,0.00014232981390714525
isotropic,1024,6,35,7.200214899344431e-05,0.00023920539487753495,0.00017512910282193515
isotropic,1024,7,0,0.00015925349599048115,7.911184793502467e-05,7.71680731334055e-05
isotropic,1024,7,1,0.00014803727993574427,0.0002494427201332575,6.851973799238184e-05
isotropic,1024,7,2,0.0002002593805376973,0.0009953294483727325,0.00013083802813473473
isotropic,1024,7,3,0.00031360538244256915,0.0006088597816371858,0.0002230907774981395
isotropic,1024,7,4,0.00019284187772280198,0.0002810456702528551,0.00011134059410365882
isotropic,1024,7,5,0.00015263332715751598,0.00016318158868802013,8.233505282158661e-05
isotropic,1024,7,6,0.00017482545487435827,0.00019952210706762147,8.626125544724065e-05
isotropic,1024,7,7,0.00015227991871138633,0.0001352911856930866,8.305809995268754e-05
isotropic,1024,7,8,0.00014163361649606945,3.0062444725534266e-05,6.924053686923015e-05
isotropic,1024,7,9,0.00016836720721422513,0.00018241269206806742,8.407301130104587e-05
isotropic,1024,7,10,0.000158411897232582,0.00017169932433885675,7.787366533222175e-05
isotropic,1024,7,11,0.00020326700201642493,0.0002783766478845737,0.00012380770136273745
isotropic,1024,7,12,0.00015287578758127896,0.00023932290484853072,9.00855724084723e-05
isotropic,1024,7,13,0.00026694014643745734,0.0005311428988965569,0.00016318781116919694
isotropic,1024,7,14,0.0001730594515058585,0.0002459436522515696,8.875796837606411e-05
isotropic,1024,7,15,0.00015729097241688552,0.0001069661221729398,7.814141146330792e-05
isotropic,1024,7,16,0.0001707934097717421,0.00020986665123179807,8.24047138806592e-05
isotropic,1024,7,17,0.00016927417426150493,0.0001586087612107211,8.494921625497808e-05
isotropic,1024,7,18,0.0002691716800453205,0.0009664031529990817,0.00017878003197185427
isotropic,1024,7,19,0.00014765705748088402,4.552790315554189e-05,6.924702291994823e-05
isotropic,1024,7,20,0.00011663616877085665,0.0007145297786332082,5.786660354232556e-05
isotropic,1024,7,21,0.00019441974549424144,0.0002966334119304202,0.00011181161155365708
isotropic,1024,7,22,0.0001566456666764635,0.00022906944777181234,8.5799589769962e-05
isotropic,1024,7,23,0.0001671224289116086,6.458274138452042e-05,9.014143816056319e-05
isotropic,1024,7,24,0.00018388919741682777,0.0011263273950132444,0.00012443960748508584
isotropic,1024,7,25,0.0001489575223230409,1.2643459856182919e-05,7.396011572590393e-05
isotropic,1024,7,26,0.00017272596864305374,0.0008684323113094816,0.00010747731296930022
isotropic,1024,7,27,0.0001500031607175847,5.5826618598451425e-05,7.418113225264372e-05
isotropic,1024,7,28,0.000267170878609134,0.0005890342629858265,0.00019166560451384587
isotropic,1024,7,29,0.0002789365014070179,0.0008881111869781605,0.00019637574543648138
isotropic,1024,7,30,0.0002038400570426268,0.0003551669917813823,0.00011764460147365696
isotropic,1024,7,31,0.0002653739688446133,0.000940993265289292,0.00017743406232481948
isotropic,1024,7,32,0.00017930347293008806,0.0003583579663539823,8.608064263496175e-05
isotropic,1024,7,33,0.0001545502507930608,0.00020299983732550037,8.716793117622689e-05
isotropic,1024,7,34,0.00014686382096061086,0.00035155452784406307,8.040243922860686e-05
isotropic,1024,7,35,0.00024112966930191026,0.0002658001372172187,0.0001533728836199523
toeplitz_rho_0.5,16,0,0,0.009137391593300213,0.06509963381352694,0.014645328244806417
toeplitz_rho_0.5,16,0,1,0.018620992053297987,0.037591120549196215,0.0297550024615154
toeplitz_rho_0.5,16,0,2,0.05478012182436069,0.04829876389712667,0.08440679271157146
toeplitz_rho_0.5,16,0,3,0.0013144595775791777,0.020732626272754618,0.010084502571457446
toeplitz_rho_0.5,16,0,4,0.004272374349794031,0.024817433951952055,0.015946312450144648
toeplitz_rho_0.5,16,0,5,0.008905872683158128,0.002688707013900477,0.020063494340408387
toeplitz_rho_0.5,16,0,6,0.0022183526854979447,0.0682372352595961,0.013903037385027536
toeplitz_rho_0.5,16,0,7,0.0049293804951428205,0.002115782981175626,0.015156864869622791
toeplitz_rho_0.5,16,0,8,0.001767951620638076,0.012498819725260436,0.01199248718643375
toeplitz_rho_0.5,16,0,9,0.013216528104553314,0.008255360118122676,0.025126977760932884
toeplitz_rho_0.5,16,0,10,0.002142966722066997,0.05299246248483039,0.012037879662098225
toeplitz_rho_0.5,16,0,11,0.0033570285461662496,0.014391976474562978,0.014074778916352244
toeplitz_rho_0.5,16,0,12,0.007821550807392602,0.01231926812585836,0.01848982198232724
toeplitz_rho_0.5,16,0,13,0.037760956329691106,0.020957152559839327,0.05741425283963037
toeplitz_rho_0.5,16,0,14,0.0023566517241853133,0.04335560837973836,0.0116555489655122
toeplitz_rho_0.5,16,0,15,0.011145000317353163,0.0010063939971687533,0.022642010337985526
toeplitz_rho_0.5,16,0,16,0.029482221339672182,0.030187681135925255,0.04521810002199504
toeplitz_rho_0.5,16,0,17,0.004511831742214586,0.04769719793784703,0.015504136782232529
toeplitz_rho_0.5,16,0,18,0.0236095455891372,0.01764728857755645,0.037421242648560504
toeplitz_rho_0.5,16,0,19,0.011213889368575196,0.057310022956258824,0.022928471698156046
toeplitz_rho_0.5,16,0,20,0.0023972132376631817,0.035673673402658757,0.010394006388572874
toeplitz_rho_0.5,16,0,21,0.008839369543500234,0.058305659159535186,0.01818997387633501
toeplitz_rho_0.5,16,0,22,0.011705919965637187,0.04227156163971812,0.021832269504752
toeplitz_rho_0.5,16,0,23,0.009499962867119575,0.006143358952639857,0.020942712206119887
toeplitz_rho_0.5,16,0,24,0.015442563820858245,0.02032423866400246,0.026196881476017293
toeplitz_rho_0.5,16,0,25,0.011922914349068555,0.006099932501254626,0.023415047751381556
toeplitz_rho_0.5,16,0,26,0.009674793959980823,0.021801126791502118,0.021594026683554094
toeplitz_rho_0.5,16,0,27,0.025028694449839933,0.04776277648477708,0.036455039792766944
toeplitz_rho_0.5,16,0,28,0.009293064260691576,0.052197262140548595,0.020070531820536395
toeplitz_rho_0.5,16,0,29,0.006637991007128414,0.013069228695757927,0.016679802065544338
toeplitz_rho_0.5,16,0,30,0.026203284033679903,0.009344302559568446,0.04070857107063801
toeplitz_rho_0.5,16,0,31,0.039756232257643076,0.017578726810024214,0.058116533503197364
toeplitz_rho_0.5,16,0,32,0.013202104005036665,0.010808374034472892,0.025027709804584918
toeplitz_rho_0.5,16,0,33,0.017251246838417323,0.02842303244311316,0.03035051478960769
toeplitz_rho_0.5,16,0,34,0.03987883632510344,0.015462498673740728,0.05857316653721296
toeplitz_rho_0.5,16,0,35,0.0014866114890331533,0.03082258464309271,0.010176602601425219
toeplitz_rho_0.5,16,1,0,0.03124879475377855,0.024243606803743364,0.030834703385918427
toeplitz_rho_0.5,16,1,1,0.02717643961882391,0.00848201592111903,0.022787790121510373
toeplitz_rho_0.5,16,1,2,0.025607602725248337,0.0285512809938424,0.02094307145490764
toeplitz_rho_0.5,16,1,3,0.032905197699585574,0.012715537828612032,0.031704033411439
toeplitz_rho_0.5,16,1,4,0.038604633131472554,0.012997639661731532,0.03743929537702184
toeplitz_rho_0.5,16,1,5,0.03338127307261054,0.021990931819205528,0.031577585014619915
toeplitz_rho_0.5,16,1,6,0.04325458335823349,0.020982341748620608,0.04356326296003281
toeplitz_rho_0.5,16,1,7,0.03629924518132678,0.014676641485866355,0.03591823376087307
toeplitz_rho_0.5,16,1,8,0.03399292244156415,0.028758119202838987,0.033329360699421245
toeplitz_rho_0.5,16,1,9,0.036560062138263995,0.019653949701919964,0.03324952413999564
toeplitz_rho_0.5,16,1,10,0.026352136775534427,0.015822068429277043,0.021844900289059117
toeplitz_rho_0.5,16,1,11,0.031988955233569025,0.013051816653102646,0.02804116845021634
toeplitz_rho_0.5,16,1,12,0.03457813409850842,0.009629532811146375,0.03153818141217622
toeplitz_rho_0.5,16,1,13,0.02272419410586817,0.018605865924290352,0.018058150383064096
toeplitz_rho_0.5,16,1,14,0.023057565137394233,0.010072621514438218,0.018814101612992407
toeplitz_rho_0.5,16,1,15,0.03572142048598665,0.037856265476817655,0.03213367243907736
toeplitz_rho_0.5,16,1,16,0.03271732876499464,0.003156621878554128,0.029491214643401736
toeplitz_rho_0.5,16,1,17,0.029284702393364195,0.014353461093327042,0.025647077899424248
toeplitz_rho_0.5,16,1,18,0.028576384651545095,0.009653837485265836,0.024477153718518628
toeplitz_rho_0.5,16,1,19,0.02713359402818304,0.0038777324080158495,0.023456838622608955
toeplitz_rho_0.5,16,1,20,0.04577247971671196,0.04812663955980827,0.04373083444894867
toeplitz_rho_0.5,16,1,21,0.030098859271699935,0.007017400549330968,0.028005300591832545
toeplitz_rho_0.5,16,1,22,0.02395480535636862,0.019634917680099638,0.018708624283304116
toeplitz_rho_0.5,16,1,23,0.03271675369494234,0.010531225501677668,0.02889355700200482
toeplitz_rho_0.5,16,1,24,0.03175737007617544,0.016524770871460204,0.029399989471494064
toeplitz_rho_0.5,16,1,25,0.026924455266864152,0.0070074253246108715,0.0233916362376082
toeplitz_rho_0.5,16,1,26,0.03370935667417613,0.016014291198398242,0.029044824270562673
toeplitz_rho_0.5,16,1,27,0.023702688126571544,0.027027633969361912,0.018889157826735274
toeplitz_rho_0.5,16,1,28,0.035576404594885425,0.009232750111053912,0.0342888505392458
toeplitz_rho_0.5,16,1,29,0.02989489167858327,0.0032001476889436794,0.026103310714167473
toeplitz_rho_0.5,16,1,30,0.02696972320356357,0.010460376126294212,0.023018102865984352
toeplitz_rho_0.5,16,1,31,0.0343157383840117,0.024923881298783757,0.029278432888265454
toeplitz_rho_0.5,16,1,32,0.020690103449289038,0.04048693455073346,0.016225778626458656
toeplitz_rho_0.5,16,1,33,0.03779775948004894,0.03783761102369431,0.03779549316065684
toeplitz_rho_0.5,16,1,34,0.02956819239737458,0.022366289910045013,0.02839520448307228
toeplitz_rho_0.5,16,1,35,0.02817329724199162,0.03381129587954719,0.02258748820116574
toeplitz_rho_0.5,16,2,0,0.005899830247950629,0.014061121836876023,0.025537074944953574
toeplitz_rho_0.5,16,2,1,0.008171548893417376,0.0033804572350866536,0.025345279976408317
toeplitz_rho_0.5,16,2,2,0.006210236794152655,0.012015296813535208,0.023944141763344
toeplitz_rho_0.5,16,2,3,0.0081417285726529,0.0018014184133893156,0.02445963879380423
toeplitz_rho_0.5,16,2,4,0.008089341216445105,0.003634752239170296,0.026274166648441524
toeplitz_rho_0.5,16,2,5,0.006826724853334574,0.012118429046001782,0.025621554283101707
toeplitz_rho_0.5,16,2,6,0.006868379727758592,0.0011533516365884807,0.024708237212278585
toeplitz_rho_0.5,16,2,7,0.00950753013977727,0.01068739889844367,0.027591724708293852
toeplitz_rho_0.5,16,2,8,0.008726944857237094,0.001778783195809356,0.025746413354971995
toeplitz_rho_0.5,16,2,9,0.010919238782154107,0.006864243984255634,0.029510087692725645
toeplitz_rho_0.5,16,2,10,0.011608666843198294,0.017311310840638132,0.028194812296925838
toeplitz_rho_0.5,16,2,11,0.008467920321733553,0.0036925074236998524,0.02411045523982731
toeplitz_rho_0.5,16,2,12,0.006174092846545739,0.0020155058077501006,0.024369855898036193
toeplitz_rho_0.5,16,2,13,0.018785477327521165,0.030076043547844877,0.03754955143816276
toeplitz_rho_0.5,16,2,14,0.006956043646517281,0.007262734547445176,0.023585665348954035
toeplitz_rho_0.5,16,2,15,0.011777306463312952,0.00869547364164487,0.029692110262122075
toeplitz_rho_0.5,16,2,16,0.016562850085021737,0.01922460386396582,0.03342549121038109
toeplitz_rho_0.5,16,2,17,0.006163992485340186,0.007381119223630521,0.024331258391389412
toeplitz_rho_0.5,16,2,18,0.00874611264996268,0.0031459407261832913,0.026039950617458778
toeplitz_rho_0.5,16,2,19,0.006940144152445934,0.0029837850385265006,0.024106580669161666
toeplitz_rho_0.5,16,2,20,0.006981599976735113,0.008291399299618276,0.024507684012426957
toeplitz_rho_0.5,16,2,21,0.0063611592397489715,0.006158817905207397,0.024157779597750645
toeplitz_rho_0.5,16,2,22,0.008982493122500799,0.003151818647454875,0.024693981369849564
toeplitz_rho_0.5,16,2,23,0.004414134041898976,0.032814085182193795,0.027718932288479305
toeplitz_rho_0.5,16,2,24,0.006520489340141803,0.007399381620126629,0.025365559440192365
toeplitz_rho_0.5,16,2,25,0.011754536515519606,0.010627212754044895,0.028746971375598812
toeplitz_rho_0.5,16,2,26,0.005579464716150453,0.009060602672815724,0.024599391352258092
toeplitz_rho_0.5,16,2,27,0.011936025368876484,0.012248990057637662,0.029337226803964
toeplitz_rho_0.5,16,2,28,0.006774722286074461,0.0028035996801360373,0.02407982176965323
toeplitz_rho_0.5,16,2,29,0.00815626607030632,0.008279769086554728,0.023485093570996603
toeplitz_rho_0.5,16,2,30,0.00716459556481544,0.0016122765836647387,0.024476547709093487
toeplitz_rho_0.5,16,2,31,0.008121994046797887,0.006334335382466368,0.025039499568439736
toeplitz_rho_0.5,16,2,32,0.006469878486066756,0.005507633037862791,0.024345586044199178
toeplitz_rho_0.5,16,2,33,0.0062031954452944375,0.008130254190658243,0.024909415635581883
toeplitz_rho_0.5,16,2,34,0.006866608907792244,0.0023358525927532417,0.024786317121537574
toeplitz_rho_0.5,16,2,35,0.010979533749055904,0.011671008882196746,0.026322698418491317
toeplitz_rho_0.5,16,3,0,0.001446412112931924,0.015173768876401643,0.0017987200533924066
toeplitz_rho_0.5,16,3,1,0.0018218556474401265,0.0045662927838485395,0.0023453264559396567
toeplitz_rho_0.5,16,3,2,0.0019546866231719357,0.005428581420646476,0.002226228988997777
toeplitz_rho_0.5,16,3,3,0.0019631901828251978,0.0021748915538041735,0.002302152488603877
toeplitz_rho_0.5,16,3,4,0.002403624387530963,0.01700922543777363,0.00271460913301373
toeplitz_rho_0.5,16,3,5,0.002070357330861694,0.051851434037553115,0.00179338208917001
toeplitz_rho_0.5,16,3,6,0.0022396575876464575,0.013193961448102098,0.0034915127149901725
toeplitz_rho_0.5,16,3,7,0.0020050343156802234,0.006516712249486835,0.002874841971618688
toeplitz_rho_0.5,16,3,8,0.0010428257196606026,0.02900904702334069,0.0012970958731502104
toeplitz_rho_0.5,16,3,9,0.00247430036465005,0.009001607026825141,0.003193532973370089
toeplitz_rho_0.5,16,3,10,0.001782214836935809,0.011274771357046943,0.0022293112034126325
toeplitz_rho_0.5,16,3,11,0.0016574445401218523,0.009332459896915394,0.0023260446730286903
toeplitz_rho_0.5,16,3,12,0.0021305724323551255,0.01544146657592313,0.0023917857940198516
toeplitz_rho_0.5,16,3,13,0.002314435806562506,0.006757164901440692,0.0027927497986852735
toeplitz_rho_0.5,16,3,14,0.00220892550258147,0.011237831159825417,0.0021037719938527873
toeplitz_rho_0.5,16,3,15,0.0016852944273540614,0.008265670448797599,0.0023557820564050445
toeplitz_rho_0.5,16,3,16,0.0013064250354016772,0.01918901337806793,0.0014700324618704664
toeplitz_rho_0.5,16,3,17,0.0021643600469402197,0.006237250458628843,0.0024869100964964932
toeplitz_rho_0.5,16,3,18,0.001569854223158874,0.027613699498551764,0.0022072523102663493
toeplitz_rho_0.5,16,3,19,0.00260793268036992,0.020828438198726873,0.0033547605374683806
toeplitz_rho_0.5,16,3,20,0.0022301212717249484,0.013195918712908945,0.00296697043822385
toeplitz_rho_0.5,16,3,21,0.0019002154770501904,0.025381648937377675,0.0022451108758155575
toeplitz_rho_0.5,16,3,22,0.002475290096405225,0.011173740007426648,0.0032908691848944926
toeplitz_rho_0.5,16,3,23,0.0023832227311855947,0.010626654176607225,0.0029978975922091565
toeplitz_rho_0.5,16,3,24,0.003247470511815705,0.01929504497880867,0.004081499853560274
toeplitz_rho_0.5,16,3,25,0.0014389388416812116,0.008916376430583108,0.0019245432565772914
toeplitz_rho_0.5,16,3,26,0.0011111552318345728,0.011008327679600579,0.0013195678361127867
toeplitz_rho_0.5,16,3,27,0.002618628091577168,0.013681453710890523,0.0032298183469487655
toeplitz_rho_0.5,16,3,28,0.002100131500623386,0.015956185069582792,0.0021883893323913113
toeplitz_rho_0.5,16,3,29,0.002191089519924373,0.008291801296524844,0.0025029520210573097
toeplitz_rho_0.5,16,3,30,0.0012144864948874345,0.009637808982527137,0.0014226536816016144
toeplitz_rho_0.5,16,3,31,0.0014825182858638803,0.014827378373649424,0.0020717337676325635
toeplitz_rho_0.5,16,3,32,0.0023961100436823064,0.007797810051161892,0.002559499454301348
toeplitz_rho_0.5,16,3,33,0.0020659399619211215,0.009460599338948859,0.0028942617354083735
toeplitz_rho_0.5,16,3,34,0.0015479991431635014,0.027582468613335874,0.0018356387313991907
toeplitz_rho_0.5,16,3,35,0.0017033809118804566,0.008225539734905014,0.002174968317109149
toeplitz_rho_0.5,16,4,0,0.006823551145972321,0.0052457512047671484,0.006376235118082369
toeplitz_rho_0.5,16,4,1,0.012081911189818384,0.03894409298354559,0.013598255980776436
toeplitz_rho_0.5,16,4,2,0.007026954172100841,0.003681827126583071,0.006932302783464326
toeplitz_rho_0.5,16,4,3,0.007931849052118802,0.004385969149865637,0.006877309726782443
toeplitz_rho_0.5,16,4,4,0.006050842049844426,0.011400555971758465,0.005974273644793488
toeplitz_rho_0.5,16,4,5,0.007062603997324526,0.006125650484654672,0.006910254574919228
toeplitz_rho_0.5,16,4,6,0.007242255476484135,0.0017438577147659729,0.006606331990384581
toeplitz_rho_0.5,16,4,7,0.005927218951470742,0.004946756475324589,0.00580899445473323
toeplitz_rho_0.5,16,4,8,0.006774488547306296,0.00391566170352993,0.00668746387683102
toeplitz_rho_0.5,16,4,9,0.00533300806343051,0.01087902624933958,0.005465004244114502
toeplitz_rho_0.5,16,4,10,0.0068761318258585445,0.0035674702952317597,0.006569818012058582
toeplitz_rho_0.5,16,4,11,0.007099608095652183,0.0018882574967417315,0.006880982558212097
toeplitz_rho_0.5,16,4,12,0.008906818858958738,0.013926540689281383,0.00910550938984018
toeplitz_rho_0.5,16,4,13,0.009675460239502859,0.013334532503256176,0.010748071367705885
toeplitz_rho_0.5,16,4,14,0.0065592342584356615,0.005597896884303182,0.006328896856861483
toeplitz_rho_0.5,16,4,15,0.007855361393167186,0.0035970120937182546,0.008345498043834632
toeplitz_rho_0.5,16,4,16,0.009183900689933671,0.009370603435747277,0.008051758010908221
toeplitz_rho_0.5,16,4,17,0.00597134900211658,0.004674121584485703,0.006007321293100713
toeplitz_rho_0.5,16,4,18,0.007005729859957701,0.011941031005349595,0.007640915872129548
toeplitz_rho_0.5,16,4,19,0.007710975260358256,0.0027452952570856896,0.007156372974193813
toeplitz_rho_0.5,16,4,20,0.0059843581569417005,0.002416461688749488,0.006042540493874041
toeplitz_rho_0.5,16,4,21,0.007233024563614415,0.009598339966301571,0.007651919163347131
toeplitz_rho_0.5,16,4,22,0.007372685572035888,0.018961561987394356,0.008159470013611052
toeplitz_rho_0.5,16,4,23,0.006741756544401656,0.0004995853970839576,0.00648209703254624
toeplitz_rho_0.5,16,4,24,0.0058872585298962755,0.003654618826069561,0.005916092191691238
toeplitz_rho_0.5,16,4,25,0.00677443773442161,0.0006554965116188666,0.006611142538959616
toeplitz_rho_0.5,16,4,26,0.007993296654067544,0.005988189777560214,0.008414491445313518
toeplitz_rho_0.5,16,4,27,0.007248898332523087,0.003808440002768991,0.0073332167873393014
toeplitz_rho_0.5,16,4,28,0.005253174340101176,0.007124593547808063,0.005483552033594758
toeplitz_rho_0.5,16,4,29,0.0060657426871269715,0.018522057728033108,0.006078280069901048
toeplitz_rho_0.5,16,4,30,0.005748483753609657,0.005980650054712919,0.005861825977482152
toeplitz_rho_0.5,16,4,31,0.007739342422906874,0.007416925634707888,0.007160371586755241
toeplitz_rho_0.5,16,4,32,0.004161766458461219,0.018020438772961004,0.004823041969477249
toeplitz_rho_0.5,16,4,33,0.008227073012937746,0.014625154340868926,0.008878435063639684
toeplitz_rho_0.5,16,4,34,0.006490636019517699,0.006400326369003875,0.006008885780695863
toeplitz_rho_0.5,16,4,35,0.007670320442875663,0.02030380872381167,0.00847877523382222
toeplitz_rho_0.5,16,5,0,0.006208473134902023,0.019337355491456643,0.0077618187522400985
toeplitz_rho_0.5,16,5,1,0.012744235781549759,0.022720941117809555,0.012948416400955903
toeplitz_rho_0.5,16,5,2,0.012409201827947358,0.013790542618335105,0.012953521751049335
toeplitz_rho_0.5,16,5,3,0.019425186332656663,0.0628967078239829,0.018262896019283586
toeplitz_rho_0.5,16,5,4,0.005734924328105402,0.00787665152583308,0.007872425521616214
toeplitz_rho_0.5,16,5,5,0.01012372437379817,0.011741832519438326,0.011621269075858847
toeplitz_rho_0.5,16,5,6,0.006421702922699958,0.005374066259417532,0.010575908028114275
toeplitz_rho_0.5,16,5,7,0.01236659271938096,0.02255764111897967,0.01229039233326373
toeplitz_rho_0.5,16,5,8,0.005483380789436595,0.012345777314404591,0.008177996708842122
toeplitz_rho_0.5,16,5,9,0.006433932946177314,0.00793482788915994,0.009460070557079151
toeplitz_rho_0.5,16,5,10,0.01648811044825305,0.05451341826327058,0.016236621162097353
toeplitz_rho_0.5,16,5,11,0.006317932376973514,0.0008007858460328319,0.0093281584569894
toeplitz_rho_0.5,16,5,12,0.005988012761232728,0.0061574779727257166,0.008203541989043158
toeplitz_rho_0.5,16,5,13,0.010735309630394846,0.010374244143949229,0.01135521687968589
toeplitz_rho_0.5,16,5,14,0.019752431246689288,0.07295513776816342,0.019017000691954593
toeplitz_rho_0.5,16,5,15,0.010230206898211379,0.007778594858338766,0.010997444675086057
toeplitz_rho_0.5,16,5,16,0.008219300388746183,0.010047531311780055,0.009528734737088691
toeplitz_rho_0.5,16,5,17,0.010033608506145096,0.012997231197811706,0.011341056519683364
toeplitz_rho_0.5,16,5,18,0.006326775104494749,0.005840382217362221,0.00915094841706964
toeplitz_rho_0.5,16,5,19,0.006406940232816187,0.009737347206603379,0.007977473911316115
toeplitz_rho_0.5,16,5,20,0.005914775076463788,0.017945456025032322,0.007562151230863519
toeplitz_rho_0.5,16,5,21,0.00736174467005915,0.03256870234987856,0.007970323367588631
toeplitz_rho_0.5,16,5,22,0.008391509479059901,0.004382504703099059,0.009307503519149152
toeplitz_rho_0.5,16,5,23,0.012941778991313208,0.0550017424369853,0.01230148287979815
toeplitz_rho_0.5,16,5,24,0.007473830163750167,0.02814672118393652,0.009347405154606895
toeplitz_rho_0.5,16,5,25,0.00885548480748132,0.02593656251028822,0.013982066301683499
toeplitz_rho_0.5,16,5,26,0.007685837669326839,0.018620888404285652,0.010921361303788636
toeplitz_rho_0.5,16,5,27,0.006541568682756617,0.032658738411380665,0.008444514651459956
toeplitz_rho_0.5,16,5,28,0.005939653944379919,0.025921640240087435,0.0072786556689411076
toeplitz_rho_0.5,16,5,29,0.011410786520631301,0.02386701114802698,0.012760432842726018
toeplitz_rho_0.5,16,5,30,0.008997750155449038,0.020698028954530726,0.011079038081822205
toeplitz_rho_0.5,16,5,31,0.007153822171521577,0.007008219812806637,0.009908211235935676
toeplitz_rho_0.5,16,5,32,0.018006812745960474,0.06659602066085794,0.01729749964230814
toeplitz_rho_0.5,16,5,33,0.009026191341509926,0.01765079560456339,0.010828598625970765
toeplitz_rho_0.5,16,5,34,0.00626980128118149,0.010620159271726267,0.009583850132337556
toeplitz_rho_0.5,16,5,35,0.005921777655109595,0.018028162895894474,0.007751727734814476
toeplitz_rho_0.5,16,6,0,0.027320074280103718,0.005444674692463887,0.03402389802400043
toeplitz_rho_0.5,16,6,1,0.024201970003662095,0.006644102813389898,0.031257328236307086
toeplitz_rho_0.5,16,6,2,0.01723697655484045,0.002013076113252655,0.02131830944647464
toeplitz_rho_0.5,16,6,3,0.013249124812584712,0.021185604013555962,0.014774343543052576
toeplitz_rho_0.5,16,6,4,0.015020670170738683,0.0009768816652908673,0.018333060256513368
toeplitz_rho_0.5,16,6,5,0.019280892198565165,0.005178847782640298,0.024762858155247047
toeplitz_rho_0.5,16,6,6,0.023897344983659002,0.00940308262806273,0.029774514763186197
toeplitz_rho_0.5,16,6,7,0.013708898882520654,0.0012453499130440204,0.016987079361944234
toeplitz_rho_0.5,16,6,8,0.005327239455816662,0.024873841905585947,0.007013796159268203
toeplitz_rho_0.5,16,6,9,0.012285875717572566,0.02050724508475995,0.014591205652803918
toeplitz_rho_0.5,16,6,10,0.011188238756454345,0.006034950212860357,0.013498243950096554
toeplitz_rho_0.5,16,6,11,0.009142709028747694,0.008023183476752935,0.01101722220052372
toeplitz_rho_0.5,16,6,12,0.009210895621936905,0.009596897576030872,0.011023802810473366
toeplitz_rho_0.5,16,6,13,0.015965659302564543,0.009084859101282107,0.019529049469164
toeplitz_rho_0.5,16,6,14,0.01888420859933343,0.008920225768996592,0.023606008271450134
toeplitz_rho_0.5,16,6,15,0.007721333870599447,0.012259997892145534,0.009717901573234145
toeplitz_rho_0.5,16,6,16,0.013700767235455533,0.017651450856355996,0.016825960147750375
toeplitz_rho_0.5,16,6,17,0.018013213553413947,0.001679069085504227,0.022981950976189398
toeplitz_rho_0.5,16,6,18,0.006835823742310463,0.01874662491468377,0.008116724894315901
toeplitz_rho_0.5,16,6,19,0.02222285443217799,0.01849045505065464,0.029707791630661763
toeplitz_rho_0.5,16,6,20,0.010702805076198205,0.002233106041210012,0.01299399379998553
toeplitz_rho_0.5,16,6,21,0.017949930607466837,0.0021231448823381396,0.022723449934727406
toeplitz_rho_0.5,16,6,22,0.01623478083267503,0.003915408459651398,0.0192812215097515
toeplitz_rho_0.5,16,6,23,0.00988490340136115,0.00610878643469378,0.011902135666757992
toeplitz_rho_0.5,16,6,24,0.02231360525466087,0.009788796875868557,0.028507881885892598
toeplitz_rho_0.5,16,6,25,0.020326193851687747,0.008947694564101168,0.027144886198442315
toeplitz_rho_0.5,16,6,26,0.02489716848507027,0.003569360843688807,0.031592667568722116
toeplitz_rho_0.5,16,6,27,0.007150134359892514,0.018977126542930024,0.008244930486445234
toeplitz_rho_0.5,16,6,28,0.020983475812328678,0.012958455523981498,0.02572437040777542
toeplitz_rho_0.5,16,6,29,0.01214684005336426,0.0018510209868792993,0.01485237526427792
toeplitz_rho_0.5,16,6,30,0.02246760295131786,0.012063488877215428,0.029239626639620795
toeplitz_rho_0.5,16,6,31,0.009597579379537393,0.016852903399202836,0.011458150429428176
toeplitz_rho_0.5,16,6,32,0.015891470759199805,0.012670042072843503,0.01999577492273664
toeplitz_rho_0.5,16,6,33,0.01712997414113512,0.0029926139888103265,0.02127044128193666
toeplitz_rho_0.5,16,6,34,0.013498132188464938,0.002080919132711588,0.01688441045153808
toeplitz_rho_0.5,16,6,35,0.02141785297136934,0.007168682892453879,0.028230378593902802
toeplitz_rho_0.5,16,7,0,0.009334308716664566,0.01873149974140365,0.011276060997698375
toeplitz_rho_0.5,16,7,1,0.009420488067379615,0.0042026506779900665,0.010803862645215798
toeplitz_rho_0.5,16,7,2,0.008462126724044462,0.00329389922042732,0.01077701529120608
toeplitz_rho_0.5,16,7,3,0.010326288380371525,0.008398456300338954,0.01212913089218598
toeplitz_rho_0.5,16,7,4,0.009747372853029547,0.01228369798122288,0.012924803214912697
toeplitz_rho_0.5,16,7,5,0.00927322501514438,0.004432284418840234,0.010583789151574667
toeplitz_rho_0.5,16,7,6,0.007320197288782266,0.010597286314510575,0.008576427201402658
toeplitz_rho_0.5,16,7,7,0.007426754804782292,0.007986000915470314,0.008911538445988574
toeplitz_rho_0.5,16,7,8,0.009870280773298785,0.017085697108772897,0.013546845878785227
toeplitz_rho_0.5,16,7,9,0.007033185140187095,0.011002062769609198,0.00890009704282155
toeplitz_rho_0.5,16,7,10,0.009489760435790077,0.012716711811604418,0.011004129583923092
toeplitz_rho_0.5,16,7,11,0.007910379869928302,0.012247577718532621,0.009092617566208326
toeplitz_rho_0.5,16,7,12,0.008920256440674665,0.005037482398407467,0.011110763311367214
toeplitz_rho_0.5,16,7,13,0.006061863332410096,0.01901974474124911,0.007812176218821861
toeplitz_rho_0.5,16,7,14,0.009580108020921109,0.0413463827592091,0.015131816220052472
toeplitz_rho_0.5,16,7,15,0.009788628895006984,0.012387307115103793,0.011640198043920953
toeplitz_rho_0.5,16,7,16,0.006639257867011205,0.01137866826771649,0.008340570474280664
toeplitz_rho_0.5,16,7,17,0.008632751214613169,0.0319298070734622,0.01041589597211223
toeplitz_rho_0.5,16,7,18,0.009244803981780465,0.007847786646003642,0.010711639894508414
toeplitz_rho_0.5,16,7,19,0.006627455793763562,0.01356015483350375,0.007844038698723112
toeplitz_rho_0.5,16,7,20,0.0072261804060418985,0.01173238333237302,0.009379020399411287
toeplitz_rho_0.5,16,7,21,0.00873105353358149,0.012299910622200094,0.010526258234432316
toeplitz_rho_0.5,16,7,22,0.00953413917625063,0.02000491615422778,0.011278428150060658
toeplitz_rho_0.5,16,7,23,0.008436190697418189,0.0025165966931714446,0.009879489458983213
toeplitz_rho_0.5,16,7,24,0.009084953334934975,0.013163660715672126,0.011308430272695203
toeplitz_rho_0.5,16,7,25,0.005987614434333301,0.018380997872540297,0.007338668913505436
toeplitz_rho_0.5,16,7,26,0.007165832714747284,0.014134647060718018,0.009904796132303809
toeplitz_rho_0.5,16,7,27,0.0070882782233950585,0.01911085653123397,0.009400453857081353
toeplitz_rho_0.5,16,7,28,0.009265727644433602,0.01404122715786963,0.010242222737989165
toeplitz_rho_0.5,16,7,29,0.010519987972081722,0.024546882359629825,0.011501286492948543
toeplitz_rho_0.5,16,7,30,0.01017585274176069,0.012905134176375026,0.012289436052830624
toeplitz_rho_0.5,16,7,31,0.006915187793615168,0.023055834132629956,0.0082111952426776
toeplitz_rho_0.5,16,7,32,0.00752476725648067,0.006641737899423498,0.009574353423445477
toeplitz_rho_0.5,16,7,33,0.009207205162444032,0.0030060527463798255,0.010771351301183304
toeplitz_rho_0.5,16,7,34,0.009886515028230992,0.008428020651030052,0.011918157610494999
toeplitz_rho_0.5,16,7,35,0.00743708503525934,0.01427663949585694,0.010688784904379703
toeplitz_rho_0.5,32,0,0,0.0008402484394803249,0.0037293662373065386,0.0008687278795266133
toeplitz_rho_0.5,32,0,1,0.0006785307013254301,0.0021477291287376075,0.0008888960158540335
toeplitz_rho_0.5,32,0,2,0.0013314368701358404,0.006217247638667278,0.0014066512475794804
toeplitz_rho_0.5,32,0,3,0.0007321372363866083,0.002425065544828846,0.0007738060377900183
toeplitz_rho_0.5,32,0,4,0.0011758268076241276,0.012041733452403842,0.0012637486799669422
toeplitz_rho_0.5,32,0,5,0.0009327422197664982,0.0015950277182320977,0.0011450024224011225
toeplitz_rho_0.5,32,0,6,0.0032807942799569023,0.015651563996354406,0.0034918648509498886
toeplitz_rho_0.5,32,0,7,0.0011049180001278377,0.004960721510508366,0.0015191977437039488
toeplitz_rho_0.5,32,0,8,0.0013828907116031834,0.00791365418308261,0.0014485038064673734
toeplitz_rho_0.5,32,0,9,0.005074503450545636,0.023376980272367395,0.0054111585935554445
toeplitz_rho_0.5,32,0,10,0.001715760057458978,0.0032981278935090247,0.0017483806034897173
toeplitz_rho_0.5,32,0,11,0.0008588223483125175,0.0028616542477898806,0.0010575461058610447
toeplitz_rho_0.5,32,0,12,0.0011586063244713504,0.001804483037486231,0.0013404385880945837
toeplitz_rho_0.5,32,0,13,0.0006057431011993619,0.0041986987164807366,0.0006071927750222056
toeplitz_rho_0.5,32,0,14,0.0036003893775270004,0.014026083020239758,0.003741681737430536
toeplitz_rho_0.5,32,0,15,0.00033804904517983805,0.03571795766956815,0.00042668398673462323
toeplitz_rho_0.5,32,0,16,0.001360233772066244,0.003417000650868621,0.0014188569113176067
toeplitz_rho_0.5,32,0,17,0.002337829504724076,0.007008960958439326,0.0024393678585398542
toeplitz_rho_0.5,32,0,18,0.001497916390003099,0.005930188412748647,0.0019033944323330076
toeplitz_rho_0.5,32,0,19,0.002759711463631869,0.007473152889673943,0.002917713429312136
toeplitz_rho_0.5,32,0,20,0.0013306637463198264,0.00890890756715988,0.0013942589693598751
toeplitz_rho_0.5,32,0,21,0.0007347220802547737,0.003173537256372099,0.0008285282132108416
toeplitz_rho_0.5,32,0,22,0.0004931150636232839,0.004667546837846462,0.0005745178406224516
toeplitz_rho_0.5,32,0,23,0.0005028246465780589,0.0066706666854081135,0.0005356732135219384
toeplitz_rho_0.5,32,0,24,0.0011975735220865647,0.004968984407459787,0.0015572587533359222
toeplitz_rho_0.5,32,0,25,0.0020694415814048336,0.009087377221582442,0.0021900459937556705
toeplitz_rho_0.5,32,0,26,0.0010021775540510211,0.0013581341907008724,0.001012657009344419
toeplitz_rho_0.5,32,0,27,0.0014941401350909995,0.012236764271288971,0.0017480994891245286
toeplitz_rho_0.5,32,0,28,0.0022314873064799646,0.01821766453557299,0.002211350884527104
toeplitz_rho_0.5,32,0,29,0.012953353864227858,0.1121208642506371,0.014182408667495868
toeplitz_rho_0.5,32,0,30,0.000795216934037979,0.0008851700942991601,0.0009102173166090903
toeplitz_rho_0.5,32,0,31,0.0006237739193789985,0.004067742797871786,0.0007171793989261621
toeplitz_rho_0.5,32,0,32,0.0005414871635108066,0.002243058728892504,0.0005645943006570573
toeplitz_rho_0.5,32,0,33,0.0015221972827445663,0.0029735415029290327,0.0015553322965542256
toeplitz_rho_0.5,32,0,34,0.0008979944637308248,0.008962182176994384,0.0008553121482983344
toeplitz_rho_0.5,32,0,35,0.0010381877846658328,0.005398901507587955,0.0012053305761783222
toeplitz_rho_0.5,32,1,0,0.0005568866685217201,0.0022485590499421596,0.0008366113553689723
toeplitz_rho_0.5,32,1,1,0.0010045368658831997,0.003526600514372886,0.001424215479081848
toeplitz_rho_0.5,32,1,2,0.0015631058580490896,0.03479344899586649,0.003362043354139029
toeplitz_rho_0.5,32,1,3,0.0008690811228374133,0.0014778992594788503,0.0012487795911599832
toeplitz_rho_0.5,32,1,4,0.0005979608645198748,0.002891065017485163,0.0009855608130709425
toeplitz_rho_0.5,32,1,5,0.001135681735538591,0.009037391481948771,0.0008109888059176899
toeplitz_rho_0.5,32,1,6,0.0011891813645898705,0.0019920781311300938,0.0017503156488453185
toeplitz_rho_0.5,32,1,7,0.0004281771761365609,0.0012865852197109034,0.0006166677660370971
toeplitz_rho_0.5,32,1,8,0.0015900531331850326,0.007997080328828,0.0024104563570932058
toeplitz_rho_0.5,32,1,9,0.0005036161453391096,0.006699491578717543,0.00035955108055253643
toeplitz_rho_0.5,32,1,10,0.0007052829995246779,0.0045197452430228375,0.0010815419004662212
toeplitz_rho_0.5,32,1,11,0.00028736566444563484,0.0019595097819782746,0.0003310153337335494
toeplitz_rho_0.5,32,1,12,0.0006425767355786866,0.005758468742345315,0.001171594673782068
toeplitz_rho_0.5,32,1,13,0.000562061911626868,0.016062749902328192,0.0005107070853626376
toeplitz_rho_0.5,32,1,14,0.0008369202383974291,0.024400296400076273,0.001874311514594906
toeplitz_rho_0.5,32,1,15,0.00022523149458551957,0.003219600970360982,0.00021478965270586256
toeplitz_rho_0.5,32,1,16,0.0005501236829787237,0.006714100571722029,0.000495027016959921
toeplitz_rho_0.5,32,1,17,0.00038578643042682623,0.004162709729942338,0.0003617794779576016
toeplitz_rho_0.5,32,1,18,0.0009645406974901064,0.0022787116226671697,0.001374343863314738
toeplitz_rho_0.5,32,1,19,0.0009489821255311001,0.006464529248861931,0.001494184399174113
toeplitz_rho_0.5,32,1,20,0.00039400006453401944,0.001462547643761519,0.0006533977201164083
toeplitz_rho_0.5,32,1,21,0.0004980704711676459,0.005626012032014875,0.0008751160899866679
toeplitz_rho_0.5,32,1,22,0.0008369634946716977,0.004682646714710766,0.0011994674373532817
toeplitz_rho_0.5,32,1,23,0.00028252374038597206,0.002774384681103024,0.00027405693477975155
toeplitz_rho_0.5,32,1,24,0.00028505797353736793,0.0008646763641692505,0.00044221917604132967
toeplitz_rho_0.5,32,1,25,0.0007873983485472316,0.0007016866901368519,0.0011972037904737244
toeplitz_rho_0.5,32,1,26,0.0006173056323941135,0.010101615533328518,0.00042147255176570956
toeplitz_rho_0.5,32,1,27,0.000741374846644456,0.001112526932654748,0.001069372052728957
toeplitz_rho_0.5,32,1,28,0.001235860235317558,0.00694458257730688,0.0018958751979787196
toeplitz_rho_0.5,32,1,29,0.00035322900371904627,0.003970083049407839,0.0004071861517411427
toeplitz_rho_0.5,32,1,30,0.0004921794217031172,0.0031694692346270195,0.0007624593296964181
toeplitz_rho_0.5,32,1,31,0.0006760716741254374,0.0023836277398321536,0.0009848844716490895
toeplitz_rho_0.5,32,1,32,0.0010298051715623322,0.004311438214064928,0.001698550786420813
toeplitz_rho_0.5,32,1,33,0.0005511213986333208,0.003798562834116695,0.001044599380751111
toeplitz_rho_0.5,32,1,34,0.0009104885157684497,0.0068644950371369255,0.0006666951037451242
toeplitz_rho_0.5,32,1,35,0.00145441059403673,0.002840638371522345,0.0020317209757246928
toeplitz_rho_0.5,32,2,0,0.0019372112925925748,0.01842873878599139,0.0012520295395327663
toeplitz_rho_0.5,32,2,1,0.0013598930165725344,0.0026595602106177707,0.0010669522870074659
toeplitz_rho_0.5,32,2,2,0.0003219413558110743,0.001610624721645408,0.00037240800097146636
toeplitz_rho_0.5,32,2,3,0.0008658911640693101,0.0015926116675276734,0.0006274649448742425
toeplitz_rho_0.5,32,2,4,0.0006419370922539118,0.004299582889681225,0.0005225595620651994
toeplitz_rho_0.5,32,2,5,0.0007875359849769011,0.006255675799813772,0.0006276512391876291
toeplitz_rho_0.5,32,2,6,0.0010555180724443206,0.008570366098288328,0.0010361625603029178
toeplitz_rho_0.5,32,2,7,0.0006177707372474467,0.0005944929359314808,0.000517511562294929
toeplitz_rho_0.5,32,2,8,0.0005691092167772869,0.0017968200532983243,0.0006050452198715008
toeplitz_rho_0.5,32,2,9,0.001866384831816341,0.0075013690127826715,0.0013892073832576328
toeplitz_rho_0.5,32,2,10,0.0006428629073434807,0.006418028673972714,0.0005829951005042476
toeplitz_rho_0.5,32,2,11,0.002000347293834159,0.0035321105470237407,0.00139212733428198
toeplitz_rho_0.5,32,2,12,0.001754868237765447,0.005032082976564202,0.0012163637767690582
toeplitz_rho_0.5,32,2,13,0.00014464176675922693,0.004344831860466075,0.0003928981503278123
toeplitz_rho_0.5,32,2,14,0.0005694180818262177,0.0011475271632116315,0.0005742684782827983
toeplitz_rho_0.5,32,2,15,0.0016684300220023284,0.004835947172916182,0.0011683270256374538
toeplitz_rho_0.5,32,2,16,0.004958789677148728,0.033055672767528604,0.0032864962739893116
toeplitz_rho_0.5,32,2,17,0.0003258124011528746,0.003705396049937801,0.0004400409059184841
toeplitz_rho_0.5,32,2,18,0.00036120185038833024,0.004452077613780624,0.00040108889661696006
toeplitz_rho_0.5,32,2,19,0.0010021912795508989,0.0017737824127809533,0.0007350597371780771
toeplitz_rho_0.5,32,2,20,0.0011314771044700338,0.001109426902746171,0.0008601312783938541
toeplitz_rho_0.5,32,2,21,0.0006467767765560774,0.0010473233314489284,0.0005903343949537837
toeplitz_rho_0.5,32,2,22,0.0010084198041569986,0.004311089815566699,0.0008650123502177939
toeplitz_rho_0.5,32,2,23,0.001452527792945453,0.0011527767478421035,0.0010217045697208692
toeplitz_rho_0.5,32,2,24,0.0005659241960890508,0.0012843824673809449,0.0004542143558381498
toeplitz_rho_0.5,32,2,25,0.0037365670709697068,0.04540464804734257,0.0023497406693486194
toeplitz_rho_0.5,32,2,26,0.0025718210778333216,0.024879715203390967,0.0015948789314711594
toeplitz_rho_0.5,32,2,27,0.002726110136521467,0.010342344193491757,0.0018288934874859282
toeplitz_rho_0.5,32,2,28,0.00021301501495133877,0.008391888283016572,0.00029375596537587346
toeplitz_rho_0.5,32,2,29,0.0009084801374040139,0.0030815837279321396,0.0006527679254054537
toeplitz_rho_0.5,32,2,30,0.0004325650057093509,0.002982179061338433,0.00044585465568107235
toeplitz_rho_0.5,32,2,31,0.0006465273522777163,0.0008876018376208588,0.0005907860341290796
toeplitz_rho_0.5,32,2,32,0.0006198576654365104,0.001262101580335452,0.0005054965844083758
toeplitz_rho_0.5,32,2,33,0.0009192449333072774,0.005227320179850482,0.0007326774545560161
toeplitz_rho_0.5,32,2,34,0.0014491633399130175,0.007963680527092457,0.0009751524016365146
toeplitz_rho_0.5,32,2,35,0.0015433076654710707,0.005617079319446219,0.0012806889950394982
toeplitz_rho_0.5,32,3,0,0.00033252285925900637,0.021619973145873488,0.00029387624651626957
toeplitz_rho_0.5,32,3,1,0.00010949990696487922,0.03455441682189409,0.0001558159555437291
toeplitz_rho_0.5,32,3,2,0.00033273023618589766,0.016098660039043818,0.00036192448604511796
toeplitz_rho_0.5,32,3,3,0.00022905668370137408,0.019332969379896165,0.0002939830699769253
toeplitz_rho_0.5,32,3,4,0.00017317533415769443,0.009774052788557306,0.00018855844734556456
toeplitz_rho_0.5,32,3,5,0.00026198421440708734,0.020275409210132954,0.0003414138058166486
toeplitz_rho_0.5,32,3,6,0.0005145338619804188,0.03598489349530172,0.0006082668928059571
toeplitz_rho_0.5,32,3,7,0.0011187441030461342,0.04040806189665906,0.0008729284515972878
toeplitz_rho_0.5,32,3,8,0.000234084972517589,0.020896012488069264,0.0002986205672369895
toeplitz_rho_0.5,32,3,9,0.00035080633457911653,0.038918352232609844,0.0005064867410917427
toeplitz_rho_0.5,32,3,10,0.0005587980288824455,0.052095370410825695,0.00043761613638686604
toeplitz_rho_0.5,32,3,11,0.0003433907180954664,0.022753567299327055,0.0002673675973265247
toeplitz_rho_0.5,32,3,12,0.00020912422849228487,0.013416459817739264,0.0002613011990553662
toeplitz_rho_0.5,32,3,13,0.0009096755124490439,0.02176535261337443,0.0009462927493130454
toeplitz_rho_0.5,32,3,14,0.00037114302763810447,0.003970038995145541,0.00037431576068668385
toeplitz_rho_0.5,32,3,15,0.0003035280021776191,0.055335980825365706,0.00036981873129833786
toeplitz_rho_0.5,32,3,16,0.00024598408688541654,0.021709065938738687,0.0002829772411093861
toeplitz_rho_0.5,32,3,17,0.00011304064564597213,0.018923878519908316,0.00014319104558550185
toeplitz_rho_0.5,32,3,18,0.000520969357967884,0.03218135528036621,0.0003915439672057981
toeplitz_rho_0.5,32,3,19,0.0005158268395796438,0.03388574149094914,0.0005203676310010503
toeplitz_rho_0.5,32,3,20,0.0007800647402874923,0.055603380628886555,0.0008837840208529663
toeplitz_rho_0.5,32,3,21,0.0004948441586262313,0.024451463634061504,0.000567939695561399
toeplitz_rho_0.5,32,3,22,0.0007876943921723907,0.04184828853977951,0.0007980325436364703
toeplitz_rho_0.5,32,3,23,0.0005203910078332876,0.023185901056995094,0.0005812422325872195
toeplitz_rho_0.5,32,3,24,0.00023748145266999643,0.012099131703759628,0.0003624416080824964
toeplitz_rho_0.5,32,3,25,0.0010942755279989267,0.027130663811037792,0.0009054196925951342
toeplitz_rho_0.5,32,3,26,0.0009496649105421879,0.053979675538758876,0.0008669262382641056
toeplitz_rho_0.5,32,3,27,0.0006602035839061957,0.049844775006421524,0.0007591349547798101
toeplitz_rho_0.5,32,3,28,0.0003549902900085168,0.040600032983614996,0.00043000590740506636
toeplitz_rho_0.5,32,3,29,0.00030306632124461907,0.02459429682287044,0.0004074216839423837
toeplitz_rho_0.5,32,3,30,0.00028046340754104985,0.006717445187136915,0.00030963607815102196
toeplitz_rho_0.5,32,3,31,0.000311100297183964,0.021424288448889113,0.0003299510213881122
toeplitz_rho_0.5,32,3,32,0.0004921161662233833,0.04627785824340644,0.0006842762583907716
toeplitz_rho_0.5,32,3,33,0.00027277878828578544,0.014030401217215766,0.0004317511404767133
toeplitz_rho_0.5,32,3,34,0.0002959938185313443,0.002410820933885763,0.0003186547330490021
toeplitz_rho_0.5,32,3,35,0.00025117096190455817,0.004921797471967962,0.0002490737891689672
toeplitz_rho_0.5,32,4,0,0.009403267840145644,0.0019112147445837036,0.022696251862819445
toeplitz_rho_0.5,32,4,1,0.009715846666220846,0.007268930007263536,0.023901931813698547
toeplitz_rho_0.5,32,4,2,0.010838041332227242,0.00664690212051127,0.02491122135410835
toeplitz_rho_0.5,32,4,3,0.011327452169021235,0.009221856722628721,0.024654122624257886
toeplitz_rho_0.5,32,4,4,0.008295917209821733,0.0034541099817092928,0.02094946551549232
toeplitz_rho_0.5,32,4,5,0.008084799270289551,0.009337816335509792,0.019043620416643783
toeplitz_rho_0.5,32,4,6,0.010433654519316257,0.013391421514510511,0.022165759575328486
toeplitz_rho_0.5,32,4,7,0.007898296378158694,0.003707252884443878,0.02028914915984095
toeplitz_rho_0.5,32,4,8,0.006663168548803041,0.013557187352842663,0.018134316484704302
toeplitz_rho_0.5,32,4,9,0.006540230064284165,0.011173355421227386,0.017869454516625784
toeplitz_rho_0.5,32,4,10,0.007081921879087594,0.006165696371626197,0.01862837377527924
toeplitz_rho_0.5,32,4,11,0.01205199860999305,0.017776502259510572,0.024841064321371932
toeplitz_rho_0.5,32,4,12,0.008925323481936531,0.0016067091245984767,0.022284036489374687
toeplitz_rho_0.5,32,4,13,0.014300996083044956,0.011204905624351218,0.030794361770949363
toeplitz_rho_0.5,32,4,14,0.010349448700887338,0.01139591594269172,0.02227881626718605
toeplitz_rho_0.5,32,4,15,0.007681674031481615,0.00867908044917489,0.020245470840242724
toeplitz_rho_0.5,32,4,16,0.009280775737309413,0.004046933591169852,0.021456847604550522
toeplitz_rho_0.5,32,4,17,0.010244626353569014,0.007039319544634012,0.02238395422508543
toeplitz_rho_0.5,32,4,18,0.007756654422515576,0.007340382541056123,0.019273773257675
toeplitz_rho_0.5,32,4,19,0.009865319391288738,0.010922410156281863,0.022121228947818965
toeplitz_rho_0.5,32,4,20,0.007108406741555492,0.005608377102471848,0.018850888051643755
toeplitz_rho_0.5,32,4,21,0.008101309945516645,0.004547003033955461,0.02042495431637678
toeplitz_rho_0.5,32,4,22,0.008740081909300552,0.009390574484490637,0.019904099088168863
toeplitz_rho_0.5,32,4,23,0.009689038910119989,0.007629632022799588,0.024144570985375063
toeplitz_rho_0.5,32,4,24,0.008240782636020426,0.004379127170563176,0.020739040490222217
toeplitz_rho_0.5,32,4,25,0.009744841557584715,0.0036898692872979495,0.023233757484800582
toeplitz_rho_0.5,32,4,26,0.008197658618986855,0.0028275633922776188,0.02057788232955217
toeplitz_rho_0.5,32,4,27,0.009580979392999055,0.0009683138162952635,0.022442896256591356
toeplitz_rho_0.5,32,4,28,0.007307316655970279,0.009836128588926314,0.01996383707687367
toeplitz_rho_0.5,32,4,29,0.009452190405355948,0.00311135164263892,0.022541533333062337
toeplitz_rho_0.5,32,4,30,0.008723506642815317,0.0023322520803902543,0.02091400267062525
toeplitz_rho_0.5,32,4,31,0.009585934962868938,0.006053545634005312,0.022122242222488
toeplitz_rho_0.5,32,4,32,0.010208630578939535,0.003266429526419171,0.024665058251384216
toeplitz_rho_0.5,32,4,33,0.009670828225124085,0.004654338947528195,0.023949732031837048
toeplitz_rho_0.5,32,4,34,0.011541597842592535,0.00946783439283635,0.02461261711933707
toeplitz_rho_0.5,32,4,35,0.008722072124393392,0.006837117828330937,0.021054477609594703
toeplitz_rho_0.5,32,5,0,0.00596530589580348,0.0023570193703873477,0.004619119556734662
toeplitz_rho_0.5,32,5,1,0.005559056260902815,0.0016753271332163558,0.004293198778613706
toeplitz_rho_0.5,32,5,2,0.005908092807292602,0.0023768920524279025,0.004848430834326725
toeplitz_rho_0.5,32,5,3,0.0061963287899043035,0.0048178488070534445,0.004905424341311242
toeplitz_rho_0.5,32,5,4,0.0074267315153814925,0.0014816736995526699,0.0065009949265535175
toeplitz_rho_0.5,32,5,5,0.006012616718340239,0.00028828659218908023,0.004858262324528873
toeplitz_rho_0.5,32,5,6,0.007012727477628715,0.010485775966296419,0.00582777965983243
toeplitz_rho_0.5,32,5,7,0.009148047640821617,0.004983389809847638,0.008258544134811165
toeplitz_rho_0.5,32,5,8,0.00800770263234156,0.009816170939150748,0.006996612028012323
toeplitz_rho_0.5,32,5,9,0.006809531733507101,0.0014533371750698164,0.005564913256008568
toeplitz_rho_0.5,32,5,10,0.007036628685251162,0.0019230012877336773,0.006181927345587094
toeplitz_rho_0.5,32,5,11,0.006015724341258189,0.009990789267649373,0.005354853896898238
toeplitz_rho_0.5,32,5,12,0.00599458457800604,0.0017020808271973366,0.004755156530682878
toeplitz_rho_0.5,32,5,13,0.00651142806643604,0.003961656950887334,0.004874222619681004
toeplitz_rho_0.5,32,5,14,0.006333396176551069,0.0024829693755839257,0.004864471217209245
toeplitz_rho_0.5,32,5,15,0.006478229459484577,0.003923403178234804,0.004784713804248713
toeplitz_rho_0.5,32,5,16,0.006208703046029289,0.004350061692469262,0.004982296119525462
toeplitz_rho_0.5,32,5,17,0.007145577376564523,0.00202554645943423,0.006302774357257974
toeplitz_rho_0.5,32,5,18,0.009548580993491897,0.007818445801013528,0.009088012668344778
toeplitz_rho_0.5,32,5,19,0.005971420811669092,0.007611530314615168,0.005214290174281356
toeplitz_rho_0.5,32,5,20,0.00563555870932322,0.002853510684298778,0.004396394881332729
toeplitz_rho_0.5,32,5,21,0.0062667418200313555,0.01183443690661086,0.005088624886932123
toeplitz_rho_0.5,32,5,22,0.008433587760217135,0.010151572978523964,0.006757435430693059
toeplitz_rho_0.5,32,5,23,0.005450099878759449,0.0026525862721627786,0.004292060861261269
toeplitz_rho_0.5,32,5,24,0.005343439999624924,0.003422032238597556,0.004334080296669791
toeplitz_rho_0.5,32,5,25,0.007840056107481015,0.010160205707504987,0.006100043906065864
toeplitz_rho_0.5,32,5,26,0.0065779727608834835,0.0014837265747994536,0.005186804860475552
toeplitz_rho_0.5,32,5,27,0.00737104811680859,0.0020870293849881826,0.006709612965468176
toeplitz_rho_0.5,32,5,28,0.007258875250716533,0.0033948651013089104,0.006285561590809532
toeplitz_rho_0.5,32,5,29,0.005779871910416969,0.004913821233870516,0.004664119113552271
toeplitz_rho_0.5,32,5,30,0.006449154407325887,0.0024920514033864717,0.004902338218263991
toeplitz_rho_0.5,32,5,31,0.0062982986978911484,0.0022470508945916364,0.0048318102995635335
toeplitz_rho_0.5,32,5,32,0.006570201828977383,0.003960480322029649,0.005817822576736267
toeplitz_rho_0.5,32,5,33,0.005800371320277795,0.006366104822329452,0.004574126416861392
toeplitz_rho_0.5,32,5,34,0.005672080283342111,0.0012369747770217185,0.004405108997689734
toeplitz_rho_0.5,32,5,35,0.006638263237810752,0.0023881034556049747,0.005518210825988295
toeplitz_rho_0.5,32,6,0,0.0061595956254358875,0.005247860407626679,0.006977249145397298
toeplitz_rho_0.5,32,6,1,0.011060589435284164,0.009206626022512997,0.012739949196863207
toeplitz_rho_0.5,32,6,2,0.004917377423952953,0.002877218342640945,0.0056139647121818525
toeplitz_rho_0.5,32,6,3,0.00428618106951429,0.012069302332857506,0.00519092675230308
toeplitz_rho_0.5,32,6,4,0.009703408735262887,0.011609585589115604,0.010946028007138326
toeplitz_rho_0.5,32,6,5,0.005971003820148048,0.0008203578433495432,0.0068399019025100136
toeplitz_rho_0.5,32,6,6,0.008742245305012697,0.003115991110463723,0.009950533124640688
toeplitz_rho_0.5,32,6,7,0.007359039680495903,0.01916709665103399,0.008540203632602076
toeplitz_rho_0.5,32,6,8,0.007861221511203826,0.0024129659278691344,0.008960449628204255
toeplitz_rho_0.5,32,6,9,0.00726329053501526,0.00193298251814422,0.008241033288427993
toeplitz_rho_0.5,32,6,10,0.009149462834873213,0.006164465333181546,0.01053557641166109
toeplitz_rho_0.5,32,6,11,0.00727359845707652,0.0005376568346615648,0.008289054948501328
toeplitz_rho_0.5,32,6,12,0.012585363289939689,0.008226066171378395,0.014429815256809798
toeplitz_rho_0.5,32,6,13,0.008558870678064245,0.0054440725031071405,0.009717904588882654
toeplitz_rho_0.5,32,6,14,0.007196755547742808,0.004521066758095783,0.008213409749985414
toeplitz_rho_0.5,32,6,15,0.011374904737237644,0.012662528921884127,0.013031637233210477
toeplitz_rho_0.5,32,6,16,0.008665290450293019,0.002218003321469289,0.009838672769246382
toeplitz_rho_0.5,32,6,17,0.007265825958111779,0.0076498474366277075,0.008397080104343336
toeplitz_rho_0.5,32,6,18,0.008760465369434724,0.008172146749174509,0.0100255385952335
toeplitz_rho_0.5,32,6,19,0.012633874316286695,0.01535934992953338,0.014603048791619687
toeplitz_rho_0.5,32,6,20,0.008876214812988692,0.008369815017567023,0.010225911298282226
toeplitz_rho_0.5,32,6,21,0.00813643753692327,0.010632510415525268,0.009416386485663536
toeplitz_rho_0.5,32,6,22,0.006923591887114041,0.005835364420877235,0.007994308016242088
toeplitz_rho_0.5,32,6,23,0.010415386936947593,0.012358382236791842,0.011880379547520872
toeplitz_rho_0.5,32,6,24,0.004803264967513425,0.006899530758148326,0.005537400462675707
toeplitz_rho_0.5,32,6,25,0.01720098564921288,0.023636820508374224,0.019860724604242992
toeplitz_rho_0.5,32,6,26,0.009335986753999007,0.015538748122679443,0.010783092017438406
toeplitz_rho_0.5,32,6,27,0.010716037209070852,0.00529664810264824,0.012272265517157467
toeplitz_rho_0.5,32,6,28,0.009442172179498805,0.00267480926664541,0.010810496549282168
toeplitz_rho_0.5,32,6,29,0.010281847691355756,0.013373442192761598,0.01163319644968788
toeplitz_rho_0.5,32,6,30,0.010068803693259534,0.009423570040227997,0.011644259996108072
toeplitz_rho_0.5,32,6,31,0.008328126740091188,0.005174647673838489,0.00953411574187869
toeplitz_rho_0.5,32,6,32,0.006731257767663261,0.011813627986707473,0.007716013688878524
toeplitz_rho_0.5,32,6,33,0.009947279376499214,0.0064682915037727814,0.011438801689605354
toeplitz_rho_0.5,32,6,34,0.006181531492700114,0.0038246046589502465,0.0070922735386117815
toeplitz_rho_0.5,32,6,35,0.009144297232563242,0.007929653945829035,0.010322258622098056
toeplitz_rho_0.5,32,7,0,0.011689603920067435,0.0027001857030526186,0.008552294648236945
toeplitz_rho_0.5,32,7,1,0.008769732270313324,0.003135905309592557,0.006138305584306546
toeplitz_rho_0.5,32,7,2,0.01187113654758481,0.004149969487935876,0.008725377991414839
toeplitz_rho_0.5,32,7,3,0.023021857836572585,0.007259124788869025,0.020047669788636816
toeplitz_rho_0.5,32,7,4,0.010059203742642752,0.0016499929527633566,0.0071079299894207665
toeplitz_rho_0.5,32,7,5,0.02123980674426615,0.004248061339542323,0.018228744934762817
toeplitz_rho_0.5,32,7,6,0.014034329938600518,0.00018687231212981547,0.010742615719716887
toeplitz_rho_0.5,32,7,7,0.02064653002943082,0.006170765858870502,0.017689899871118554
toeplitz_rho_0.5,32,7,8,0.008545723425097804,0.0056826971266186795,0.005884008843976159
toeplitz_rho_0.5,32,7,9,0.011273483500199978,0.00518705396291635,0.008381482428920848
toeplitz_rho_0.5,32,7,10,0.014958528370742139,0.0015541384199606904,0.011137846607718563
toeplitz_rho_0.5,32,7,11,0.011768229048721338,0.007309937919497966,0.00980565201705022
toeplitz_rho_0.5,32,7,12,0.013235329347986342,0.000639922798846947,0.010171702871252034
toeplitz_rho_0.5,32,7,13,0.015234996616240705,0.004316840717190245,0.010959192468067867
toeplitz_rho_0.5,32,7,14,0.011643209567054799,0.00554975738527385,0.008910361905375395
toeplitz_rho_0.5,32,7,15,0.010904275029603606,0.0018130298324517354,0.007396019699325429
toeplitz_rho_0.5,32,7,16,0.011958107765653371,0.008270074939967623,0.009509510132175499
toeplitz_rho_0.5,32,7,17,0.01297122633495347,0.009683021341321891,0.009487802558718877
toeplitz_rho_0.5,32,7,18,0.012658129348458775,0.0013709663419995796,0.008998525293758441
toeplitz_rho_0.5,32,7,19,0.014935294158292428,0.0025738206282896253,0.010938432763675152
toeplitz_rho_0.5,32,7,20,0.013899355562977592,0.0022884004105242868,0.011255053549628843
toeplitz_rho_0.5,32,7,21,0.020936010476924036,0.004731983205245491,0.018187096667797324
toeplitz_rho_0.5,32,7,22,0.011813295794506302,0.006654601344155609,0.007708509828209339
toeplitz_rho_0.5,32,7,23,0.011467746888393197,0.00413012560980887,0.007605822504260719
toeplitz_rho_0.5,32,7,24,0.008906995245357383,0.008103927402726759,0.0059255028205004966
toeplitz_rho_0.5,32,7,25,0.01318250882660814,0.00010801370208376988,0.009750602261245881
toeplitz_rho_0.5,32,7,26,0.0089182865526993,0.0044378198038506735,0.006486192106674983
toeplitz_rho_0.5,32,7,27,0.013462374253354975,0.005763548181834252,0.010155971606576514
toeplitz_rho_0.5,32,7,28,0.012187014060798524,0.002049914730248108,0.0086034913587098
toeplitz_rho_0.5,32,7,29,0.014718297002950674,0.004310278939820189,0.010934510725385194
toeplitz_rho_0.5,32,7,30,0.007924636649308878,0.008988671231206901,0.006799511817138903
toeplitz_rho_0.5,32,7,31,0.02088871846810757,0.006891621487078499,0.01699625569255664
toeplitz_rho_0.5,32,7,32,0.014349195202518943,0.002182996825589696,0.011471772460060677
toeplitz_rho_0.5,32,7,33,0.01403987565194733,0.0008443763305190765,0.010487259153942583
toeplitz_rho_0.5,32,7,34,0.011272007700343603,0.0010848194689678488,0.008091441437632744
toeplitz_rho_0.5,32,7,35,0.014165594737384886,0.005927515389790328,0.01059935813356832
toeplitz_rho_0.5,64,0,0,0.0003178276255521332,0.006207809156236451,0.0002913773307981787
toeplitz_rho_0.5,64,0,1,0.00031395507959491533,0.011881911731738172,0.00036677956533648815
toeplitz_rho_0.5,64,0,2,0.0003832244654896067,0.003970384668809064,0.00028160261953351124
toeplitz_rho_0.5,64,0,3,0.0003816137876795811,0.0032147763498121835,0.00026432103201240963
toeplitz_rho_0.5,64,0,4,0.0003942815017934757,0.002404798461392591,0.0002679681645173003
toeplitz_rho_0.5,64,0,5,0.0010353331146434992,0.0018068988100343087,0.0004606608201847719
toeplitz_rho_0.5,64,0,6,0.000664930716233361,0.0008515009544640351,0.00031438420750853836
toeplitz_rho_0.5,64,0,7,0.0011947685438842605,0.0036556673676239695,0.000616520217281242
toeplitz_rho_0.5,64,0,8,0.0005971559946624588,0.0026300411229214066,0.0002985851295017949
toeplitz_rho_0.5,64,0,9,0.0003686143778861265,0.005404079828003646,0.00044346239944221183
toeplitz_rho_0.5,64,0,10,0.000396709798442234,0.011122857381920741,0.00032358784748370053
toeplitz_rho_0.5,64,0,11,0.00038977589830244125,0.017863432833886507,0.0003756641343420512
toeplitz_rho_0.5,64,0,12,0.0009603507884173565,0.0036877112956604317,0.0004560310904655505
toeplitz_rho_0.5,64,0,13,0.0009206573579110351,0.0004046887754186782,0.00042076875320514
toeplitz_rho_0.5,64,0,14,0.0005537291980563379,0.008554213832780112,0.00028572953229831955
toeplitz_rho_0.5,64,0,15,0.0005879288098175898,0.010610277887299784,0.00029188620788238003
toeplitz_rho_0.5,64,0,16,0.001587553401296636,0.008929876190942567,0.0008061247709658776
toeplitz_rho_0.5,64,0,17,0.0026753779747747987,0.004572840599929988,0.0013546143244310706
toeplitz_rho_0.5,64,0,18,0.0013567281399499505,0.003183767735582994,0.0006768530723474828
toeplitz_rho_0.5,64,0,19,0.0027811541055443325,0.007268430651642475,0.0015067859215171925
toeplitz_rho_0.5,64,0,20,0.0008751189928024138,0.0043691217677077135,0.0005932274168024194
toeplitz_rho_0.5,64,0,21,0.0005657094892246168,0.011217234481230954,0.0004420567350881646
toeplitz_rho_0.5,64,0,22,0.000693752547729258,0.0052654549580974045,0.0003406814029932412
toeplitz_rho_0.5,64,0,23,0.0008589357661543794,0.007929766141374257,0.0003836183801448647
toeplitz_rho_0.5,64,0,24,0.0017928126324452747,0.005467299461353059,0.0009245360568740992
toeplitz_rho_0.5,64,0,25,0.0007346248387607028,0.0011053312829400557,0.000371416100855055
toeplitz_rho_0.5,64,0,26,0.0003966783690529319,0.009978419770416646,0.0004992883204086994
toeplitz_rho_0.5,64,0,27,0.00042070040824695564,0.005191598068797102,0.0002722876825351464
toeplitz_rho_0.5,64,0,28,0.0018293860694626107,0.006573811175266416,0.001006161202680616
toeplitz_rho_0.5,64,0,29,0.000708485589618878,0.00017248122141884546,0.00033903155205382876
toeplitz_rho_0.5,64,0,30,0.0007647090049479998,0.002795205520483236,0.0004694656758385302
toeplitz_rho_0.5,64,0,31,0.001475515674086645,0.008452157659878234,0.0007157909727930513
toeplitz_rho_0.5,64,0,32,0.00040532732720610567,0.0017431431364892764,0.00027517017122113036
toeplitz_rho_0.5,64,0,33,0.00038842658180994016,0.0035479930291219012,0.0002644666130064496
toeplitz_rho_0.5,64,0,34,0.0005452539765509877,0.0003178184036224347,0.00031777120386475424
toeplitz_rho_0.5,64,0,35,0.00037183934245903623,0.008471988291436848,0.000270505248820477
toeplitz_rho_0.5,64,1,0,0.0032772891301385285,0.001146654725861418,0.00434416732599853
toeplitz_rho_0.5,64,1,1,0.0031965522201554235,0.001604358110558909,0.005005727978572889
toeplitz_rho_0.5,64,1,2,0.003482573895532459,0.005178522316673049,0.005006752418163069
toeplitz_rho_0.5,64,1,3,0.003333603218323605,0.0006406918381623169,0.005234913603989053
toeplitz_rho_0.5,64,1,4,0.003117794465393317,0.0015816882496208977,0.0053038950338247445
toeplitz_rho_0.5,64,1,5,0.003535802328626417,0.0035722122738389706,0.004370541190515516
toeplitz_rho_0.5,64,1,6,0.0035656401660309504,0.003012446893352628,0.005562293271819177
toeplitz_rho_0.5,64,1,7,0.0036193479159597726,0.010828747551237798,0.00434125979625848
toeplitz_rho_0.5,64,1,8,0.0030684895112410362,0.0012236457691683217,0.005563387727718814
toeplitz_rho_0.5,64,1,9,0.0026614027180173654,0.003039575900021103,0.005914711182182352
toeplitz_rho_0.5,64,1,10,0.003911205620076957,0.0048665837879197805,0.004346596779383544
toeplitz_rho_0.5,64,1,11,0.003074067399433515,0.0005538433579869483,0.004937522173117892
toeplitz_rho_0.5,64,1,12,0.0031873407282726972,0.0014193819177899473,0.0052201298930836
toeplitz_rho_0.5,64,1,13,0.0038334131591470696,0.008402224922774398,0.003892825629649552
toeplitz_rho_0.5,64,1,14,0.003028330493706711,0.0016340881935621573,0.004441413279696533
toeplitz_rho_0.5,64,1,15,0.0031782305372424833,0.0036370300065758313,0.004863809539380751
toeplitz_rho_0.5,64,1,16,0.0028106351675124645,0.0013946677277849023,0.005036949556846039
toeplitz_rho_0.5,64,1,17,0.0029446752918593487,0.0014657084375658699,0.00520313955198221
toeplitz_rho_0.5,64,1,18,0.0029980509129042395,0.00027351168675338554,0.005364301665757522
toeplitz_rho_0.5,64,1,19,0.002936176832192311,0.003935223436327798,0.0039035357836249207
toeplitz_rho_0.5,64,1,20,0.002511444939800174,0.0032287917035862847,0.005720403916100288
toeplitz_rho_0.5,64,1,21,0.0030688510054827953,0.0006218998707189301,0.005095040862834905
toeplitz_rho_0.5,64,1,22,0.0032593766228542495,0.0033891748858686935,0.0049002149646144135
toeplitz_rho_0.5,64,1,23,0.002645246552759631,0.0015741455907560872,0.005537580964501096
toeplitz_rho_0.5,64,1,24,0.003205941730572013,0.0004474693396187214,0.005371862504013165
toeplitz_rho_0.5,64,1,25,0.0029337145186861214,0.0034880889068511956,0.00522044348544747
toeplitz_rho_0.5,64,1,26,0.0027506079908683825,0.007786231960265295,0.0037565344939226447
toeplitz_rho_0.5,64,1,27,0.0027764919239180222,0.0009809969511472142,0.005794247553427804
toeplitz_rho_0.5,64,1,28,0.0029258793803478593,0.0003028652409581813,0.005062637227913593
toeplitz_rho_0.5,64,1,29,0.003129445512911062,0.003063529594581844,0.004759100695406537
toeplitz_rho_0.5,64,1,30,0.0029206528583004356,0.0019949351256972705,0.005499942560516811
toeplitz_rho_0.5,64,1,31,0.0031822802287167096,0.0004911354654223287,0.005310584542975545
toeplitz_rho_0.5,64,1,32,0.0030770611383136,0.0009845499363905998,0.005798585438877589
toeplitz_rho_0.5,64,1,33,0.003260663692579267,0.0002516337648609591,0.004772581623953264
toeplitz_rho_0.5,64,1,34,0.002648034243787163,0.0010611484399023745,0.005486037454785559
toeplitz_rho_0.5,64,1,35,0.003025366175041475,0.0003019027234480648,0.005562897189844185
toeplitz_rho_0.5,64,2,0,0.003878733937888055,0.002180884703532943,0.0022282704889011766
toeplitz_rho_0.5,64,2,1,0.0043944953799691395,0.005765094388746797,0.0024536456827205623
toeplitz_rho_0.5,64,2,2,0.0019329000948329206,0.002161975600836637,0.0018759904505647642
toeplitz_rho_0.5,64,2,3,0.0015127626630899184,0.005412493475444322,0.0026273944908169074
toeplitz_rho_0.5,64,2,4,0.0011922437958891985,0.004446576998994454,0.002894108061288315
toeplitz_rho_0.5,64,2,5,0.0025969975190420647,0.006066649858013334,0.0024124929652298284
toeplitz_rho_0.5,64,2,6,0.004416150084515259,0.016846128339098546,0.0020962203398146714
toeplitz_rho_0.5,64,2,7,0.0023588349917027006,0.0005428848137493997,0.002134744301700891
toeplitz_rho_0.5,64,2,8,0.0037544165257381765,0.004555054442129473,0.0021152979989571973
toeplitz_rho_0.5,64,2,9,0.0019403440313703986,0.016298297338589205,0.0015922540222911364
toeplitz_rho_0.5,64,2,10,0.002330373655885506,0.008182678265006377,0.001724435352866546
toeplitz_rho_0.5,64,2,11,0.003321878661364122,0.0007598786301410559,0.0021284198389652886
toeplitz_rho_0.5,64,2,12,0.0019281954410566727,0.006434646704128489,0.0023016661309488633
toeplitz_rho_0.5,64,2,13,0.0015139680616301694,0.006255443103505776,0.002355891366092143
toeplitz_rho_0.5,64,2,14,0.00406551468150812,0.006358648204777453,0.002314345454999939
toeplitz_rho_0.5,64,2,15,0.003942846289204955,0.0025082338935384966,0.0021949656783205465
toeplitz_rho_0.5,64,2,16,0.0022541658297210495,0.0006437782467383403,0.002123422736859292
toeplitz_rho_0.5,64,2,17,0.0032149554389702475,0.0010445003018276307,0.002051833470415204
toeplitz_rho_0.5,64,2,18,0.0023151746254266737,0.003355334774503506,0.002045328025213743
toeplitz_rho_0.5,64,2,19,0.0019994565578463543,0.007765726294126607,0.0016090028675621807
toeplitz_rho_0.5,64,2,20,0.00428860937436044,0.017520298656391854,0.002146066367863584
toeplitz_rho_0.5,64,2,21,0.0019802624121950992,0.004783716695393361,0.0023955047097008915
toeplitz_rho_0.5,64,2,22,0.002338172769065711,0.003300487632624713,0.002249650613707219
toeplitz_rho_0.5,64,2,23,0.0028572123251199674,0.008065189158674314,0.0022578691825344993
toeplitz_rho_0.5,64,2,24,0.002875514174555304,0.0014927959623427314,0.0021740165492489033
toeplitz_rho_0.5,64,2,25,0.0019787284387188468,0.004103043212279719,0.002329389094974262
toeplitz_rho_0.5,64,2,26,0.0016121879556790714,0.00241899907746512,0.0025102928618098773
toeplitz_rho_0.5,64,2,27,0.0020555518614437736,0.0020265581448368655,0.0021256277642887865
toeplitz_rho_0.5,64,2,28,0.00272532499746059,0.0007527617820719839,0.0019843545256206614
toeplitz_rho_0.5,64,2,29,0.0015719501222623354,0.003658123427287433,0.002337254459129287
toeplitz_rho_0.5,64,2,30,0.001993906460681526,0.0029346377523035818,0.0023327298866390373
toeplitz_rho_0.5,64,2,31,0.0029877449585482677,0.009630771705005934,0.0018581499564792056
toeplitz_rho_0.5,64,2,32,0.0016727480545627223,0.003262226285812196,0.002321390855007866
toeplitz_rho_0.5,64,2,33,0.004581733910406194,0.004999292109714706,0.002298561580118123
toeplitz_rho_0.5,64,2,34,0.004058165048645547,0.006923397150390876,0.0020392170245354777
toeplitz_rho_0.5,64,2,35,0.0032109769849014767,0.009437733443378981,0.0020544749399177575
toeplitz_rho_0.5,64,3,0,0.002930130331052194,0.009183414439698463,0.003677146650555335
toeplitz_rho_0.5,64,3,1,0.002194647025711552,0.006503430480702478,0.002875520214562193
toeplitz_rho_0.5,64,3,2,0.002526450439999571,0.012213188883905136,0.0032831813449743586
toeplitz_rho_0.5,64,3,3,0.002402006249623712,0.027245915158667616,0.003364491656959276
toeplitz_rho_0.5,64,3,4,0.0023833697869169988,0.005634758597986841,0.003163626567501995
toeplitz_rho_0.5,64,3,5,0.0023191925217662156,0.006084195492447106,0.003292936169676925
toeplitz_rho_0.5,64,3,6,0.0037701510147947095,0.014976098244382178,0.004779381331551401
toeplitz_rho_0.5,64,3,7,0.005449037329765692,0.03851863222447996,0.007512691329110541
toeplitz_rho_0.5,64,3,8,0.0023592230118407186,0.004885068840017254,0.0030962771511016136
toeplitz_rho_0.5,64,3,9,0.0020464314608288343,0.0031767942519491587,0.0027137194565047605
toeplitz_rho_0.5,64,3,10,0.00228598663157071,0.004020963756079909,0.002961931214491925
toeplitz_rho_0.5,64,3,11,0.002525620734582573,0.018888431274162523,0.003528765215007849
toeplitz_rho_0.5,64,3,12,0.0019869169111921495,0.003275951611027222,0.002682462765061252
toeplitz_rho_0.5,64,3,13,0.003636571735891612,0.006948515086641641,0.004423029169146583
toeplitz_rho_0.5,64,3,14,0.0024519306432078127,0.007203257422804747,0.003068106589005883
toeplitz_rho_0.5,64,3,15,0.0029896578463120796,0.0038389053187500516,0.0036827160852803053
toeplitz_rho_0.5,64,3,16,0.0023527095831606536,0.01022143805891539,0.003122135685096718
toeplitz_rho_0.5,64,3,17,0.0019081178109767187,0.008769824526504358,0.002670695339298121
toeplitz_rho_0.5,64,3,18,0.0034083961790577757,0.007338606015596158,0.004086584339354927
toeplitz_rho_0.5,64,3,19,0.004724074623331433,0.038577066338278204,0.0058580432959261745
toeplitz_rho_0.5,64,3,20,0.004812773331860137,0.01592726953563523,0.0059808664667392
toeplitz_rho_0.5,64,3,21,0.002273501803240179,0.007297854534096017,0.0031406283165343217
toeplitz_rho_0.5,64,3,22,0.003474818194445647,0.018824756051068398,0.00415243550707477
toeplitz_rho_0.5,64,3,23,0.001715143207433602,0.018576187796310713,0.0023410669834489466
toeplitz_rho_0.5,64,3,24,0.004514993268221271,0.0189567768576904,0.005466072249003956
toeplitz_rho_0.5,64,3,25,0.0024087828163604067,0.019955037749034274,0.0035348224510011227
toeplitz_rho_0.5,64,3,26,0.0026825025154129604,0.005358557736897096,0.0034662181960423578
toeplitz_rho_0.5,64,3,27,0.005857142153372454,0.013285039278241484,0.007112604146316646
toeplitz_rho_0.5,64,3,28,0.005432372425075062,0.016946006945482647,0.006791382336794956
toeplitz_rho_0.5,64,3,29,0.0032429216880667023,0.017311560195633773,0.003936723150193775
toeplitz_rho_0.5,64,3,30,0.0033789051828004447,0.030531912159946675,0.004256861720929593
toeplitz_rho_0.5,64,3,31,0.002124214319260825,0.011461680486782304,0.0029956839593807015
toeplitz_rho_0.5,64,3,32,0.0023907105254661262,0.041055532990807574,0.0031468732346992857
toeplitz_rho_0.5,64,3,33,0.0021581707097277484,0.0034056438864540645,0.0028633542491416303
toeplitz_rho_0.5,64,3,34,0.0032211086158801688,0.01678180638413188,0.004021215822704972
toeplitz_rho_0.5,64,3,35,0.002219028629570342,0.0038994761200312786,0.0030596891659621507
toeplitz_rho_0.5,64,4,0,0.0006777973915962726,0.001180178315277365,0.0021330731317140356
toeplitz_rho_0.5,64,4,1,0.0008108458248165365,0.0004456000324267563,0.0020446275911942605
toeplitz_rho_0.5,64,4,2,0.0005767444639592784,0.0015247300849671902,0.0024711917752382037
toeplitz_rho_0.5,64,4,3,0.0005226333138282749,0.0041396688270083646,0.0018830027607304649
toeplitz_rho_0.5,64,4,4,0.0009971951659037007,0.004680928263081015,0.0024155093439780263
toeplitz_rho_0.5,64,4,5,0.0005031336789381303,0.0035336320751426053,0.001956205576962083
toeplitz_rho_0.5,64,4,6,0.000796363607947803,0.005027396400224156,0.001728719945752099
toeplitz_rho_0.5,64,4,7,0.0015961432281120763,0.020597440208357465,0.00256905154641793
toeplitz_rho_0.5,64,4,8,0.0008653715149198629,0.004584484200384356,0.001948108200091156
toeplitz_rho_0.5,64,4,9,0.0008528813242958831,0.007033332789634968,0.0016747795682212033
toeplitz_rho_0.5,64,4,10,0.0006281457036409857,0.0019617659389702734,0.0027082592163817924
toeplitz_rho_0.5,64,4,11,0.0007661774684479582,0.005705979481542156,0.003062409561129825
toeplitz_rho_0.5,64,4,12,0.0008919791876144925,0.007519042724929995,0.0016486543014490645
toeplitz_rho_0.5,64,4,13,0.0008849925371787026,0.0017343140067401465,0.0017971098011426978
toeplitz_rho_0.5,64,4,14,0.000701681491034205,0.0047103721474664965,0.0023235556242403657
toeplitz_rho_0.5,64,4,15,0.0007135503173064758,0.0033510079345516826,0.0015458974495706108
toeplitz_rho_0.5,64,4,16,0.0007020276461722482,0.0044927097605645255,0.00208731760615604
toeplitz_rho_0.5,64,4,17,0.000897215457548323,0.0013999712423428965,0.001836969305065785
toeplitz_rho_0.5,64,4,18,0.0010244215146229321,0.00539162413096554,0.0025923532188282857
toeplitz_rho_0.5,64,4,19,0.0006315227898660758,0.0009543564147953703,0.0024072808944745404
toeplitz_rho_0.5,64,4,20,0.0005276717567627648,0.004761328789013441,0.0019046355536060109
toeplitz_rho_0.5,64,4,21,0.0007314335475449066,0.0036217431465490704,0.0016435295811808412
toeplitz_rho_0.5,64,4,22,0.0008496791150368703,0.0038918645599519187,0.002875071515866404
toeplitz_rho_0.5,64,4,23,0.0009190697776808372,0.008308518702866577,0.002686392058538837
toeplitz_rho_0.5,64,4,24,0.0005938291310483282,0.0030214804442346734,0.0016860675317919942
toeplitz_rho_0.5,64,4,25,0.0009738042279672272,0.006423812887841088,0.002104142844976667
toeplitz_rho_0.5,64,4,26,0.0006232238976587494,0.004444201313660584,0.0029049942201110094
toeplitz_rho_0.5,64,4,27,0.0005942662192774385,0.004230704304446402,0.0030766900912416227
toeplitz_rho_0.5,64,4,28,0.0005846420977732057,0.003331193712007296,0.0017377389206410874
toeplitz_rho_0.5,64,4,29,0.0007481026240015788,0.005527227560630528,0.0017230698808409297
toeplitz_rho_0.5,64,4,30,0.0008041156701865508,0.0022709905539735824,0.0017905058921352406
toeplitz_rho_0.5,64,4,31,0.0009377996657150955,0.0035074140014485665,0.0019837032654761583
toeplitz_rho_0.5,64,4,32,0.0007356075353684568,0.0015888594833454012,0.002557426930785516
toeplitz_rho_0.5,64,4,33,0.0008558493543173079,0.001509128689994031,0.002146829044639589
toeplitz_rho_0.5,64,4,34,0.0007387266312860125,0.0016764511077897262,0.001781003882589584
toeplitz_rho_0.5,64,4,35,0.0007970988629977508,0.0004928761281237351,0.002049856864900157
toeplitz_rho_0.5,64,5,0,0.00033520111695089323,0.006035500406418012,0.001629848907514551
toeplitz_rho_0.5,64,5,1,0.00105692551415063,0.004659189181149985,0.00132881816687837
toeplitz_rho_0.5,64,5,2,0.0005314273169542495,0.007176179988248876,0.0013356427894264554
toeplitz_rho_0.5,64,5,3,0.00020194214876278514,0.009963047197813215,0.0020887460322543084
toeplitz_rho_0.5,64,5,4,0.0007193510420505326,0.01050085759038782,0.0025526624121721335
toeplitz_rho_0.5,64,5,5,0.0009645533975220547,0.00539181669301514,0.0012908074187358584
toeplitz_rho_0.5,64,5,6,0.005714007814912643,0.10722572282870926,0.005091284906104812
toeplitz_rho_0.5,64,5,7,0.0005850860080593326,0.015013914862010914,0.0016424872796819156
toeplitz_rho_0.5,64,5,8,0.0012385455583338385,0.04022344585556804,0.0018973450760466576
toeplitz_rho_0.5,64,5,9,0.0006513272423068463,0.02033001580237606,0.001540929045714651
toeplitz_rho_0.5,64,5,10,0.0006239566427404665,0.000928971495359364,0.0013931288154590896
toeplitz_rho_0.5,64,5,11,0.0017491762083152718,0.018930489802928684,0.0018493991848022478
toeplitz_rho_0.5,64,5,12,0.0012885597042090065,0.05423908965148565,0.0020846553497745543
toeplitz_rho_0.5,64,5,13,0.0019765975969736034,0.038191347186963126,0.002517564101646138
toeplitz_rho_0.5,64,5,14,0.0007084021217485066,0.004017336263729572,0.0012339648046404796
toeplitz_rho_0.5,64,5,15,0.0018327707026177824,0.022282211630305186,0.0019203002601321118
toeplitz_rho_0.5,64,5,16,0.0005487119477327176,0.00913341539375316,0.0012358849368511709
toeplitz_rho_0.5,64,5,17,0.0009930370909342367,0.00837213097263468,0.0015139598011730789
toeplitz_rho_0.5,64,5,18,0.0009984363955721316,0.006866854798206373,0.0013222171102902109
toeplitz_rho_0.5,64,5,19,0.0005621217039631754,0.004134947351433615,0.0019237641673550394
toeplitz_rho_0.5,64,5,20,0.0008483644079559498,0.02537072719930846,0.0016347957280378575
toeplitz_rho_0.5,64,5,21,0.0014035737721870406,0.017368087031048793,0.0020366134389180127
toeplitz_rho_0.5,64,5,22,0.0005930170553415107,0.005898421086093609,0.002268263895177148
toeplitz_rho_0.5,64,5,23,0.0011083723213928189,0.00817840743005741,0.0014800913303622014
toeplitz_rho_0.5,64,5,24,0.0013125489367912435,0.020756447271598814,0.0012408153915178816
toeplitz_rho_0.5,64,5,25,0.0009321921344344081,0.011653250747325015,0.0017765880653807678
toeplitz_rho_0.5,64,5,26,0.0005116454338931439,0.004459750083126501,0.0015510992926659473
toeplitz_rho_0.5,64,5,27,0.0002513794934983595,0.012491479717058405,0.002083220858699734
toeplitz_rho_0.5,64,5,28,0.000631523410376049,0.0038402529688314575,0.001985235503085077
toeplitz_rho_0.5,64,5,29,0.001087015562848234,0.010495065604193471,0.0012145329210936193
toeplitz_rho_0.5,64,5,30,0.0009807652919773422,0.02644793811018712,0.0015910643378686592
toeplitz_rho_0.5,64,5,31,0.00034888793116721005,0.010072046250800413,0.0020783913758043162
toeplitz_rho_0.5,64,5,32,0.0027071619586479306,0.012884332985104729,0.003684846935706884
toeplitz_rho_0.5,64,5,33,0.0005372856753303311,0.007660920660804063,0.0023347457522437955
toeplitz_rho_0.5,64,5,34,0.00027737232836099515,0.012852416762693001,0.0016826454443840452
toeplitz_rho_0.5,64,5,35,0.00015770446526052715,0.008389189190112945,0.00211854485663267
toeplitz_rho_0.5,64,6,0,0.0027633604452047167,0.0019233350977254735,0.005842951778379161
toeplitz_rho_0.5,64,6,1,0.0034955133361467662,0.00616009396106449,0.006603105086632779
toeplitz_rho_0.5,64,6,2,0.002293634361283489,0.0006953120300065493,0.005365204560430509
toeplitz_rho_0.5,64,6,3,0.0019917299947774724,0.0034060799152099163,0.005191683033722203
toeplitz_rho_0.5,64,6,4,0.002214280904990132,0.00927014860399816,0.005526471377237855
toeplitz_rho_0.5,64,6,5,0.0019741044582540284,0.004261412938484885,0.0051933042342646625
toeplitz_rho_0.5,64,6,6,0.0015200408232386741,0.007295028379700059,0.005324958111521939
toeplitz_rho_0.5,64,6,7,0.003966033642770629,0.004603478957817354,0.006728517534699061
toeplitz_rho_0.5,64,6,8,0.0021772089997591096,0.010895736799264807,0.00488452778017815
toeplitz_rho_0.5,64,6,9,0.0032290495956426944,0.0042651195221876485,0.006113330803822595
toeplitz_rho_0.5,64,6,10,0.0015186772540978601,0.014137799870393302,0.005004426831046198
toeplitz_rho_0.5,64,6,11,0.0031835224417334942,0.0013552444275422284,0.006015102711339768
toeplitz_rho_0.5,64,6,12,0.002886845768706256,0.0027603641131541,0.005595698959836412
toeplitz_rho_0.5,64,6,13,0.001412976583372161,0.003329018929640841,0.005033571085432852
toeplitz_rho_0.5,64,6,14,0.0031231806254647613,0.0023223012369027424,0.006047445267740154
toeplitz_rho_0.5,64,6,15,0.004678376953817145,0.006304374102121519,0.0069949457341011686
toeplitz_rho_0.5,64,6,16,0.001657428559853966,0.009221606893042876,0.004734546273748117
toeplitz_rho_0.5,64,6,17,0.0031751936062610893,0.0018583114026117136,0.006191873731383827
toeplitz_rho_0.5,64,6,18,0.00319591513494948,0.0011946787276837436,0.005955704947302649
toeplitz_rho_0.5,64,6,19,0.0030196211142122873,0.004260566561010828,0.006012047013353362
toeplitz_rho_0.5,64,6,20,0.0025546068048119142,0.0016871692099027697,0.005742683314354789
toeplitz_rho_0.5,64,6,21,0.0021949211562981687,0.0019805730015925145,0.005217784328398473
toeplitz_rho_0.5,64,6,22,0.003603585983522217,0.0031972424785662555,0.006501353162583999
toeplitz_rho_0.5,64,6,23,0.002780684303527485,0.007611383899910501,0.005500646080104241
toeplitz_rho_0.5,64,6,24,0.004570906855509346,0.010454519212300752,0.006963122820923762
toeplitz_rho_0.5,64,6,25,0.003457533231390612,0.0030965400802634296,0.006135641550275787
toeplitz_rho_0.5,64,6,26,0.001492230910004556,0.004507969999901432,0.0048164448405140165
toeplitz_rho_0.5,64,6,27,0.0015724314858500186,0.004483845049580571,0.005353125986232712
toeplitz_rho_0.5,64,6,28,0.0034149208437852323,0.005587326919726986,0.006268375551083085
toeplitz_rho_0.5,64,6,29,0.003850405613830228,0.011499636257104371,0.00643627267558444
toeplitz_rho_0.5,64,6,30,0.002812280600352509,0.009053867565283456,0.0059706970415597015
toeplitz_rho_0.5,64,6,31,0.003367146011325173,0.006101036978114404,0.006324342912103293
toeplitz_rho_0.5,64,6,32,0.0025910554602486175,0.0014059914549802647,0.005681015049706341
toeplitz_rho_0.5,64,6,33,0.0012631871151002033,0.00835173705314027,0.004540484170371525
toeplitz_rho_0.5,64,6,34,0.0015189330121046602,0.005713249560823499,0.005303926251052726
toeplitz_rho_0.5,64,6,35,0.0030096981254547728,0.00258139850436618,0.005957467831467462
toeplitz_rho_0.5,64,7,0,0.010754421509309475,0.0007433880276738283,0.011704483667432064
toeplitz_rho_0.5,64,7,1,0.009263742307720126,0.0012354405913626684,0.010161380422815369
toeplitz_rho_0.5,64,7,2,0.014504103215240972,0.0054484478773774315,0.0141889151535177
toeplitz_rho_0.5,64,7,3,0.008933174236754344,0.0012567007031468354,0.009889325188923347
toeplitz_rho_0.5,64,7,4,0.007373744209792733,0.004965020181164275,0.008788360997338656
toeplitz_rho_0.5,64,7,5,0.011565990708011438,0.001694268620104522,0.012041052642534945
toeplitz_rho_0.5,64,7,6,0.013913741569802528,0.002505746891553201,0.013604396700441237
toeplitz_rho_0.5,64,7,7,0.015192812632794633,0.0019015084005794601,0.01442554225001908
toeplitz_rho_0.5,64,7,8,0.016533564254734904,0.005185501169902881,0.01490886207311667
toeplitz_rho_0.5,64,7,9,0.00926675858683666,0.0009860536361194305,0.01015688701659754
toeplitz_rho_0.5,64,7,10,0.011499469539193886,0.0009021292893719056,0.012131899211496154
toeplitz_rho_0.5,64,7,11,0.010010915336772721,0.0017346525966151116,0.010966168368661882
toeplitz_rho_0.5,64,7,12,0.01137078793115437,0.0018273834546683985,0.011645405564200424
toeplitz_rho_0.5,64,7,13,0.013235280588473942,0.0003865945930074258,0.013206464496801863
toeplitz_rho_0.5,64,7,14,0.008327394186732482,0.003803217370948077,0.009296971817579243
toeplitz_rho_0.5,64,7,15,0.01040105926790157,0.001043123609777774,0.01097001151801391
toeplitz_rho_0.5,64,7,16,0.012455609352426355,0.0024507359095712845,0.01267066804150983
toeplitz_rho_0.5,64,7,17,0.009809299525383359,0.0007987408328552411,0.010778951485493116
toeplitz_rho_0.5,64,7,18,0.014657984867097615,0.0010046869479681574,0.014124786984404569
toeplitz_rho_0.5,64,7,19,0.01892820169001529,0.008150676453584945,0.01717668134176098
toeplitz_rho_0.5,64,7,20,0.01425435182841223,0.001620633963015115,0.013899262873763918
toeplitz_rho_0.5,64,7,21,0.010920487330254068,0.005018489017538664,0.011501806464375684
toeplitz_rho_0.5,64,7,22,0.013285623452063331,0.0005100561326613749,0.013246340346759774
toeplitz_rho_0.5,64,7,23,0.01689660726335736,0.003937106809160568,0.015516696199084329
toeplitz_rho_0.5,64,7,24,0.012816716631116,0.003895897858780427,0.013164737838981469
toeplitz_rho_0.5,64,7,25,0.01104011654555706,0.0008272821959889216,0.011935113449925658
toeplitz_rho_0.5,64,7,26,0.007223547271839921,0.005012510381552785,0.008674407247304438
toeplitz_rho_0.5,64,7,27,0.011492873185910695,0.0004523054857365058,0.011851822827824147
toeplitz_rho_0.5,64,7,28,0.013108424535327574,0.0006062843584158282,0.013366863174792678
toeplitz_rho_0.5,64,7,29,0.00816518619059486,0.004498344820266932,0.009166457785712772
toeplitz_rho_0.5,64,7,30,0.016242975147687487,0.004067722487897581,0.01506132298554279
toeplitz_rho_0.5,64,7,31,0.012540922706620748,0.0015845427536053188,0.012626865230072126
toeplitz_rho_0.5,64,7,32,0.012361863068071162,0.0026070160613867483,0.012760293393910707
toeplitz_rho_0.5,64,7,33,0.012126954354316188,0.0004707325456849854,0.012306113566508497
toeplitz_rho_0.5,64,7,34,0.01185689692682123,0.0011006225259100836,0.012018018896695699
toeplitz_rho_0.5,64,7,35,0.010238902515812128,0.0017641591557893245,0.011321749428826598
toeplitz_rho_0.5,128,0,0,0.0007880328546659135,0.0051237455821322615,0.0010734850898375936
toeplitz_rho_0.5,128,0,1,0.0003088666739702858,0.0045661154403514,0.0011918909846450778
toeplitz_rho_0.5,128,0,2,0.0012155164235571523,0.002315039111129736,0.0013604806067584606
toeplitz_rho_0.5,128,0,3,0.0006207655394680195,0.0013686680268833614,0.0012719986933846248
toeplitz_rho_0.5,128,0,4,0.0005869682586369413,0.00541551223105447,0.001150252728589597
toeplitz_rho_0.5,128,0,5,0.0010595487541633258,0.004076495360363085,0.001161138033312509
toeplitz_rho_0.5,128,0,6,0.0004730773579273003,0.0008112680149782272,0.0011431473949927592
toeplitz_rho_0.5,128,0,7,0.0006021593408763999,0.0024189528677494715,0.0010210202573628583
toeplitz_rho_0.5,128,0,8,0.0007842915064546494,0.008534598924273603,0.001195703152678106
toeplitz_rho_0.5,128,0,9,0.00021540743278144721,0.008399340037085413,0.001007669498072883
toeplitz_rho_0.5,128,0,10,0.0007870151810017449,0.0027361813725815306,0.0012634351877320962
toeplitz_rho_0.5,128,0,11,0.0009018957339967043,0.0004764090577695773,0.0012641947124520147
toeplitz_rho_0.5,128,0,12,0.001175352656636378,0.0018574388640293005,0.0014359463987572956
toeplitz_rho_0.5,128,0,13,0.0007817440242650335,0.0006603308244424178,0.0012593774230891057
toeplitz_rho_0.5,128,0,14,0.000772624650835674,0.002943738760145516,0.00104843065368642
toeplitz_rho_0.5,128,0,15,0.0005033557153968321,0.004081749734385403,0.001213156089970732
toeplitz_rho_0.5,128,0,16,0.0011423319303394196,0.002693061278351016,0.0014396505868200264
toeplitz_rho_0.5,128,0,17,0.0021086810755130483,0.003977174053095905,0.0020724579581402943
toeplitz_rho_0.5,128,0,18,0.0004515900577502866,0.006052666923564595,0.001010276622939572
toeplitz_rho_0.5,128,0,19,0.0014225093460826415,0.0016145719598316993,0.0014779010465666774
toeplitz_rho_0.5,128,0,20,0.0005976055663752418,0.00865477013205707,0.0011430547350610712
toeplitz_rho_0.5,128,0,21,0.001366769495377298,0.004917355417738805,0.0015628272498433727
toeplitz_rho_0.5,128,0,22,0.0007025765742191461,0.005065743684742444,0.0012760962712407297
toeplitz_rho_0.5,128,0,23,0.00036149957869271033,0.0027236350290220507,0.0011206995235638715
toeplitz_rho_0.5,128,0,24,0.000970515335905758,0.005735868589472575,0.0015392600381530816
toeplitz_rho_0.5,128,0,25,0.0010262072669849748,0.003744260887763311,0.001320001685784466
toeplitz_rho_0.5,128,0,26,0.0004513679233796889,0.004535744655419931,0.0011395456815224319
toeplitz_rho_0.5,128,0,27,0.0009797847238594538,0.001199082301242781,0.00135314048709495
toeplitz_rho_0.5,128,0,28,0.0006829378923890827,0.0011791024398260942,0.0010950449310153099
toeplitz_rho_0.5,128,0,29,0.0010400668284528541,0.0017805196828616148,0.0012953263564791707
toeplitz_rho_0.5,128,0,30,0.0008214970673497616,0.014256607337459853,0.001349862485472257
toeplitz_rho_0.5,128,0,31,0.0006698076503435541,0.0020725672748733133,0.0010958599387492303
toeplitz_rho_0.5,128,0,32,0.00088542193618096,0.0005977920239901807,0.0012038935375525777
toeplitz_rho_0.5,128,0,33,0.0005901324681777269,0.0034453745680782517,0.001333574830727834
toeplitz_rho_0.5,128,0,34,0.0006492854939113757,0.0007406352145096261,0.0011721716899421991
toeplitz_rho_0.5,128,0,35,0.00048476503017684194,0.002293951023458356,0.0011813334473647719
toeplitz_rho_0.5,128,1,0,0.0012740478104290977,0.00031570737502829773,0.0009512577982791295
toeplitz_rho_0.5,128,1,1,0.0013543497702328277,0.0011799382256317613,0.001226435855595241
toeplitz_rho_0.5,128,1,2,0.002872308259800341,0.0022841490463061803,0.002103334333877201
toeplitz_rho_0.5,128,1,3,0.0016529908813338462,0.0005467797566362873,0.0015326650201046596
toeplitz_rho_0.5,128,1,4,0.0017567284872815874,0.001019554466292495,0.0015699525604334498
toeplitz_rho_0.5,128,1,5,0.002629909682947473,0.0011992579895736479,0.0022464801627278745
toeplitz_rho_0.5,128,1,6,0.001343619012008788,0.0002950999741072292,0.001010276453369896
toeplitz_rho_0.5,128,1,7,0.002531743179766296,0.003928196017519609,0.0016837232389083439
toeplitz_rho_0.5,128,1,8,0.002121201726774227,0.0006446500362603856,0.0018168048091476091
toeplitz_rho_0.5,128,1,9,0.0020896351222599316,0.0006293576078440054,0.0016573816878974678
toeplitz_rho_0.5,128,1,10,0.0015354957197553638,0.0005959895733853275,0.001134673975507241
toeplitz_rho_0.5,128,1,11,0.0007583126202166388,0.0011176666886269118,0.0005845596318657965
toeplitz_rho_0.5,128,1,12,0.0030006076200905884,0.004089644438901299,0.0020880932726745705
toeplitz_rho_0.5,128,1,13,0.002705330601396466,0.0029251571856812493,0.0019430461685704652
toeplitz_rho_0.5,128,1,14,0.002259563700933856,0.0007046687592229186,0.0017942977733594115
toeplitz_rho_0.5,128,1,15,0.000752757360804983,0.0009361978888195483,0.0005303813043376516
toeplitz_rho_0.5,128,1,16,0.0019666755685951937,0.00044030937655796217,0.0016837100285261879
toeplitz_rho_0.5,128,1,17,0.0014326233096271456,0.001138442914561544,0.0011995057744201751
toeplitz_rho_0.5,128,1,18,0.0021407308288798263,0.0007830208242347789,0.0018140676285605397
toeplitz_rho_0.5,128,1,19,0.001013118282009006,0.0011801240005833336,0.0007340437387709706
toeplitz_rho_0.5,128,1,20,0.002594844889655858,0.002093375430249646,0.0022846990883807544
toeplitz_rho_0.5,128,1,21,0.0015613197479878776,0.0011618352578544706,0.001231135927866565
toeplitz_rho_0.5,128,1,22,0.0008334176778628425,0.00040324182061329003,0.0006452560607918549
toeplitz_rho_0.5,128,1,23,0.001748359162482655,0.0010165827169182611,0.0016345672048636067
toeplitz_rho_0.5,128,1,24,0.0011731655571342971,0.0007173356043586315,0.0009266006651861725
toeplitz_rho_0.5,128,1,25,0.0005028528685135581,0.0027765363443927908,0.00042863815562214176
toeplitz_rho_0.5,128,1,26,0.00207461332954055,0.0014617642313583493,0.0015637535481280544
toeplitz_rho_0.5,128,1,27,0.0017526264450160932,0.0011238602232197293,0.0013591195584762008
toeplitz_rho_0.5,128,1,28,0.0010615655182513479,0.0008195597853385959,0.0007404349050134814
toeplitz_rho_0.5,128,1,29,0.0013389335827757724,0.001877262581248058,0.001364103194365552
toeplitz_rho_0.5,128,1,30,0.0013014658013053605,0.0015829094277251677,0.001106246602815176
toeplitz_rho_0.5,128,1,31,0.001432209585568402,0.0017285317769196585,0.001198454459835048
toeplitz_rho_0.5,128,1,32,0.0027755455884998495,0.002994192994908466,0.0020673046967254046
toeplitz_rho_0.5,128,1,33,0.0011838645944322716,0.0007859767616051777,0.0008242355713948084
toeplitz_rho_0.5,128,1,34,0.0012637249234954905,0.00016689584054183733,0.0010442364779610347
toeplitz_rho_0.5,128,1,35,0.0010848874839553058,0.0005612355817271933,0.0008545793246945483
toeplitz_rho_0.5,128,2,0,0.0017470552359591714,0.0004409432704050891,0.0009455291392526628
toeplitz_rho_0.5,128,2,1,0.0029222068618173737,0.002600029347255778,0.0023979483432489783
toeplitz_rho_0.5,128,2,2,0.0016540871914631486,0.000532349262008099,0.0008311508751079432
toeplitz_rho_0.5,128,2,3,0.0031839838488906215,0.0034436062034706445,0.002820590407087775
toeplitz_rho_0.5,128,2,4,0.001950227793182355,5.424747743170173e-05,0.0012084267243090247
toeplitz_rho_0.5,128,2,5,0.0019462121463175654,0.0010935023269579636,0.0012178612457198492
toeplitz_rho_0.5,128,2,6,0.0018692969955179848,6.224100449938547e-05,0.0011109317916929472
toeplitz_rho_0.5,128,2,7,0.0017357660666670383,0.0006556341309938847,0.0009589943980559396
toeplitz_rho_0.5,128,2,8,0.0028040171878342237,0.0017966543772833837,0.0023942420963769884
toeplitz_rho_0.5,128,2,9,0.0013618455868796887,0.0006911130659428663,0.0006610115950225543
toeplitz_rho_0.5,128,2,10,0.0013925672256008999,0.0018252905586543466,0.0006991329250512993
toeplitz_rho_0.5,128,2,11,0.001794823165265181,0.0005119525314280085,0.001019634571175522
toeplitz_rho_0.5,128,2,12,0.0015907438003520183,0.0008425103177288196,0.0008246611597122116
toeplitz_rho_0.5,128,2,13,0.0020363996868587586,0.0017611460461672934,0.001365839395790693
toeplitz_rho_0.5,128,2,14,0.002260395062556615,0.0005938853056337543,0.0016754615852094378
toeplitz_rho_0.5,128,2,15,0.0013746511211495368,0.0015539909492383146,0.000672158515648803
toeplitz_rho_0.5,128,2,16,0.0015171067467697865,0.0012961049819576764,0.0008140099743288296
toeplitz_rho_0.5,128,2,17,0.0023472703888636065,0.0002877724386388666,0.0016921031915953428
toeplitz_rho_0.5,128,2,18,0.002260740176705494,0.0008095484815080981,0.0015680249565791422
toeplitz_rho_0.5,128,2,19,0.0039046880832989497,0.00585480177936719,0.004134592918300033
toeplitz_rho_0.5,128,2,20,0.001571270336129989,0.0002832411014075367,0.0007891101731394048
toeplitz_rho_0.5,128,2,21,0.0016467892033035845,0.0034641056744947364,0.0009592701661094723
toeplitz_rho_0.5,128,2,22,0.002332237287589218,0.0018466823965636947,0.0017480423612144726
toeplitz_rho_0.5,128,2,23,0.0022579569117216662,0.004289688696029106,0.0016744971123052003
toeplitz_rho_0.5,128,2,24,0.0022881776305769107,0.0009822258764815984,0.0015958167500443904
toeplitz_rho_0.5,128,2,25,0.001967066520985315,0.0017556713715063642,0.0011608361398294438
toeplitz_rho_0.5,128,2,26,0.0021525475813568276,8.221485289728902e-05,0.0014573568902885425
toeplitz_rho_0.5,128,2,27,0.001707624349386885,0.0022706515890430247,0.0008306811808559767
toeplitz_rho_0.5,128,2,28,0.001800743395441816,0.002393156917890542,0.0011526770229794172
toeplitz_rho_0.5,128,2,29,0.0026146080440403617,0.0011133323373578243,0.002077090399230586
toeplitz_rho_0.5,128,2,30,0.0015313210040877787,0.00044934451679749695,0.000766153292910185
toeplitz_rho_0.5,128,2,31,0.0022673334174194105,0.0020471592629216885,0.0014405676939702803
toeplitz_rho_0.5,128,2,32,0.0020022665475862176,0.0006082593866640249,0.0011725854694352702
toeplitz_rho_0.5,128,2,33,0.0021526276987758144,0.0002130223732609351,0.0014458500678948757
toeplitz_rho_0.5,128,2,34,0.0018143262324556175,0.002803526610419392,0.0011105859732725514
toeplitz_rho_0.5,128,2,35,0.002412277838566901,0.001429493569590437,0.0018849196840610405
toeplitz_rho_0.5,128,3,0,0.0012020317543718316,0.0020550745057533078,0.0008077608206099801
toeplitz_rho_0.5,128,3,1,0.00025905371737221233,0.00010334370789983944,0.0001376153004452746
toeplitz_rho_0.5,128,3,2,0.00046378438803236917,0.0022466171431218644,0.00024347262552898115
toeplitz_rho_0.5,128,3,3,0.00015480436191112203,0.0027823271723659182,9.133748421297124e-05
toeplitz_rho_0.5,128,3,4,0.0004367881992647484,0.0009811011736034336,0.0002609799296447792
toeplitz_rho_0.5,128,3,5,0.00021065563053494714,0.0009169062608948555,0.0001357231488727245
toeplitz_rho_0.5,128,3,6,0.0002736278052604378,9.843199680752549e-05,0.0001462110725674145
toeplitz_rho_0.5,128,3,7,0.0003095107618581454,0.0006091901105365231,0.0001887451096807767
toeplitz_rho_0.5,128,3,8,9.72420404784616e-05,0.0024698077595336214,5.721901897327458e-05
toeplitz_rho_0.5,128,3,9,0.0003436423261009833,0.0011072736413188494,0.0002321451457060464
toeplitz_rho_0.5,128,3,10,0.00037590032093109754,0.0005310824484855132,0.00020060220039301794
toeplitz_rho_0.5,128,3,11,0.0001837024945625371,0.0010014727111619971,9.22800813351426e-05
toeplitz_rho_0.5,128,3,12,0.0005426547928529482,0.00047308776547769606,0.00029514947066659026
toeplitz_rho_0.5,128,3,13,0.0003667033298415791,0.0010808094153648064,0.00023573979841172148
toeplitz_rho_0.5,128,3,14,0.00039155517388585615,0.0010150981855820544,0.00019800460533048623
toeplitz_rho_0.5,128,3,15,0.0006574488330110164,0.0004658548333621051,0.0003671003291344093
toeplitz_rho_0.5,128,3,16,0.0008205571844728562,0.001011146861436852,0.0004815365609353721
toeplitz_rho_0.5,128,3,17,0.0006423057668089797,0.0005900125380943917,0.00036343237045760503
toeplitz_rho_0.5,128,3,18,0.00040821535841997227,0.0008136905028237024,0.0002037022778456487
toeplitz_rho_0.5,128,3,19,0.00032695255255836965,0.0005788258205199413,0.00017223354823257174
toeplitz_rho_0.5,128,3,20,0.00013909674849659284,0.0007261599815752836,7.202976802001252e-05
toeplitz_rho_0.5,128,3,21,0.0003873753319802499,0.011461587280503732,0.00042965117693711754
toeplitz_rho_0.5,128,3,22,0.0002401769131389802,0.00013291830198221237,0.00012618464674763824
toeplitz_rho_0.5,128,3,23,0.00024287152420244385,0.0002453564086683478,0.00014021023987357916
toeplitz_rho_0.5,128,3,24,0.0001776401950050786,0.005059768082262322,0.00016743534365658972
toeplitz_rho_0.5,128,3,25,0.00019114927513158445,0.002777963518423598,0.00013509583539043639
toeplitz_rho_0.5,128,3,26,0.00023661168685942656,9.140654065707758e-05,0.00012508175811562193
toeplitz_rho_0.5,128,3,27,0.00010190002671022915,0.0017770518700482335,5.5960987755237154e-05
toeplitz_rho_0.5,128,3,28,0.0005893338302770616,0.0005703538653626867,0.00032922877500847844
toeplitz_rho_0.5,128,3,29,0.0003503059514705398,2.764219415406187e-05,0.0001919992657375051
toeplitz_rho_0.5,128,3,30,0.00011736576714333094,0.0013560532674948267,5.927872709637463e-05
toeplitz_rho_0.5,128,3,31,0.00042617992175092683,0.0013325841022704859,0.00021563830471717766
toeplitz_rho_0.5,128,3,32,0.0002552218536826536,0.00107173044551266,0.0001221753468974536
toeplitz_rho_0.5,128,3,33,0.0001978688376659833,0.0027955239863092485,0.00012033420620430414
toeplitz_rho_0.5,128,3,34,0.0005017843419057935,0.0011764221297457602,0.0002955736681778405
toeplitz_rho_0.5,128,3,35,0.0008501757413341203,0.0029434788593831348,0.0006172615256501421
toeplitz_rho_0.5,128,4,0,0.000994446320270089,0.0027243711641685778,0.0015627742762822695
toeplitz_rho_0.5,128,4,1,0.0008199459246789018,0.0032794974619423075,0.00130221765148508
toeplitz_rho_0.5,128,4,2,0.0009778238143070559,0.0007098069187095519,0.0011982866775505357
toeplitz_rho_0.5,128,4,3,0.0008127414109419375,0.001614022874899015,0.001190589015334138
toeplitz_rho_0.5,128,4,4,0.000996195161592974,0.002093124052805536,0.0007040072778237091
toeplitz_rho_0.5,128,4,5,0.0008484362457531643,0.0036768936226337133,0.0011775658531374762
toeplitz_rho_0.5,128,4,6,0.0010268303459900242,0.0054397906837150515,0.0006425739577086572
toeplitz_rho_0.5,128,4,7,0.0011192047496967436,0.001549335521411327,0.000715322922865665
toeplitz_rho_0.5,128,4,8,0.0010809982430705896,0.004633982249937519,0.000812814120797218
toeplitz_rho_0.5,128,4,9,0.0008360967928501116,0.0014675083348460807,0.0016595499218875873
toeplitz_rho_0.5,128,4,10,0.0013054153268844126,0.0021918448593712223,0.0009690505243480473
toeplitz_rho_0.5,128,4,11,0.000768383759360889,0.0013354225252203223,0.0014219899800505824
toeplitz_rho_0.5,128,4,12,0.0009466737149773216,0.0012043843974767553,0.0007485876336683188
toeplitz_rho_0.5,128,4,13,0.0011115082458733917,0.0016021815243832168,0.0011079955542623086
toeplitz_rho_0.5,128,4,14,0.0006381753730389871,0.00507065896999351,0.0019370760148250583
toeplitz_rho_0.5,128,4,15,0.0006476706823014799,0.005542292212544394,0.0014908428507556936
toeplitz_rho_0.5,128,4,16,0.000571974003353913,0.003734977419126947,0.0016607966676105601
toeplitz_rho_0.5,128,4,17,0.0008689134302021011,0.0008236318381923839,0.001337905539871629
toeplitz_rho_0.5,128,4,18,0.0008831137450844091,0.0017453647756190895,0.0018239432336200592
toeplitz_rho_0.5,128,4,19,0.0009490697066220166,0.0005288438682473583,0.0012318856392516575
toeplitz_rho_0.5,128,4,20,0.0011607081000489263,0.004797324879578232,0.0005559213010178735
toeplitz_rho_0.5,128,4,21,0.0012356242384585667,0.0019223390640644095,0.001233981834599941
toeplitz_rho_0.5,128,4,22,0.0009608987582163849,0.0021864340388972545,0.0006131370288151277
toeplitz_rho_0.5,128,4,23,0.0006836049295585702,0.004888498824048357,0.0012894079531313872
toeplitz_rho_0.5,128,4,24,0.0005861678973792881,0.00532137854776348,0.0017253120026197283
toeplitz_rho_0.5,128,4,25,0.0009549731940634266,0.0022467850649471356,0.0007924064525101598
toeplitz_rho_0.5,128,4,26,0.0011328091669038102,0.0018810765262409893,0.0012092110987069783
toeplitz_rho_0.5,128,4,27,0.0011097354879587775,0.001727302555320221,0.0010619178640454137
toeplitz_rho_0.5,128,4,28,0.0011126227876503757,0.0029938602636733216,0.0006809391053043609
toeplitz_rho_0.5,128,4,29,0.0013396627162874438,0.003469619594701159,0.0014097304178940365
toeplitz_rho_0.5,128,4,30,0.0014291393186557791,0.0032816690842878823,0.0007288309621151675
toeplitz_rho_0.5,128,4,31,0.0010406647691142033,0.006713599877378646,0.0013889227633430289
toeplitz_rho_0.5,128,4,32,0.0008840768751603769,0.0023636401819770335,0.0011695266208510734
toeplitz_rho_0.5,128,4,33,0.0009847263234437618,0.0017869627807841361,0.000816941551954838
toeplitz_rho_0.5,128,4,34,0.0014869339045288938,0.007607755269234243,0.0009173654324702087
toeplitz_rho_0.5,128,4,35,0.0011664382520452914,0.001362603108551038,0.0006850638062607531
toeplitz_rho_0.5,128,5,0,0.0023217970566387315,0.0004401905095786822,0.0018460043692550352
toeplitz_rho_0.5,128,5,1,0.004206914866774592,0.0021638001132237785,0.0028584016145373273
toeplitz_rho_0.5,128,5,2,0.00340093920282496,0.004457107458205382,0.0030085083805039574
toeplitz_rho_0.5,128,5,3,0.002177552437320388,0.0035346516359227947,0.0021023770329890038
toeplitz_rho_0.5,128,5,4,0.0029143593633981467,0.005737322389313078,0.002974617553665436
toeplitz_rho_0.5,128,5,5,0.0030782023176105836,0.0019711580079047357,0.002165684588786238
toeplitz_rho_0.5,128,5,6,0.002424695941182153,0.0023315991918340215,0.0017908181876966
toeplitz_rho_0.5,128,5,7,0.0023021978047592677,0.0024293734377233045,0.002311992498093532
toeplitz_rho_0.5,128,5,8,0.002092224402383479,0.002468040613482366,0.0016925130675570304
toeplitz_rho_0.5,128,5,9,0.0032160579912528992,0.001023928537786966,0.002400206262624732
toeplitz_rho_0.5,128,5,10,0.0027528957938737376,0.0005193252818543728,0.0019924863826092554
toeplitz_rho_0.5,128,5,11,0.002338108961299056,0.0015839899409830697,0.00205685283623549
toeplitz_rho_0.5,128,5,12,0.003091510708861579,0.003016236710442527,0.0024288826234082246
toeplitz_rho_0.5,128,5,13,0.005206305444797697,0.004822543344160161,0.003685162936319757
toeplitz_rho_0.5,128,5,14,0.003218989838718777,0.0003640906746118183,0.002188577150487451
toeplitz_rho_0.5,128,5,15,0.004073936541055335,0.0012296561020995519,0.0027152267123334442
toeplitz_rho_0.5,128,5,16,0.003317832475300132,0.001173025451359545,0.00243786942200918
toeplitz_rho_0.5,128,5,17,0.0024432741268302343,0.0003245655139114933,0.001994047233869513
toeplitz_rho_0.5,128,5,18,0.002987545980730643,0.0009144779769305492,0.002102879024485269
toeplitz_rho_0.5,128,5,19,0.0021062326063192257,0.0017881336519304095,0.001658440304616972
toeplitz_rho_0.5,128,5,20,0.00275323009228133,0.0007811806587337095,0.0022329722555626537
toeplitz_rho_0.5,128,5,21,0.0039210949120807356,0.004330459478280447,0.0029965583697024204
toeplitz_rho_0.5,128,5,22,0.002194392158414047,0.00563502698682262,0.002336397906025214
toeplitz_rho_0.5,128,5,23,0.0018431749675737069,0.0029170201629042797,0.0017452505703463997
toeplitz_rho_0.5,128,5,24,0.0025984738574772437,0.0004702700977871579,0.001974923959130266
toeplitz_rho_0.5,128,5,25,0.002603214087556171,0.0025184956180347206,0.002717527584710015
toeplitz_rho_0.5,128,5,26,0.0027027546381778707,0.0008887786418517286,0.0021194504189786653
toeplitz_rho_0.5,128,5,27,0.003340354713398166,0.004830238345768265,0.0030142298893347337
toeplitz_rho_0.5,128,5,28,0.0033179771344879557,0.00274855978429382,0.00290427056864116
toeplitz_rho_0.5,128,5,29,0.0030822987579774337,0.0005882044621884354,0.002223192273446002
toeplitz_rho_0.5,128,5,30,0.002545132849175545,0.004461135841825645,0.0026592750833499164
toeplitz_rho_0.5,128,5,31,0.002559963440519663,0.00038380617228091766,0.002211815780773772
toeplitz_rho_0.5,128,5,32,0.002167628606031188,0.0017485742367627584,0.0016816420096774647
toeplitz_rho_0.5,128,5,33,0.00290288808286295,0.0017881763563532462,0.0024325362416053238
toeplitz_rho_0.5,128,5,34,0.002954254204677678,0.0014300777113442154,0.0022843349479429184
toeplitz_rho_0.5,128,5,35,0.0031616940611722375,0.0026489051830436315,0.002457792598209902
toeplitz_rho_0.5,128,6,0,0.0035151822676455376,0.0024841249022070373,0.006522320885634682
toeplitz_rho_0.5,128,6,1,0.0017227853813980057,0.0013563264686023372,0.004528563455063179
toeplitz_rho_0.5,128,6,2,0.002626788378215592,0.0005791614099590044,0.0052980288280357925
toeplitz_rho_0.5,128,6,3,0.0018183673364625527,0.0024927573520043627,0.004574875579449338
toeplitz_rho_0.5,128,6,4,0.0018115121269096362,0.0005045167717054487,0.004397666874652717
toeplitz_rho_0.5,128,6,5,0.0025602118825956543,0.001768633318420134,0.005248281878493698
toeplitz_rho_0.5,128,6,6,0.002316751868351449,0.008725977663943231,0.004771115727873318
toeplitz_rho_0.5,128,6,7,0.0018183845575775815,0.009729554505869101,0.004959991783514545
toeplitz_rho_0.5,128,6,8,0.0017847169231255669,0.0007022792223398809,0.004253482559406833
toeplitz_rho_0.5,128,6,9,0.0019099501584485925,0.005591458384137568,0.005136968681826969
toeplitz_rho_0.5,128,6,10,0.0020325951592598235,0.0031599293427447463,0.005065312653925307
toeplitz_rho_0.5,128,6,11,0.004146571629359619,0.00404428147935469,0.007471230813015353
toeplitz_rho_0.5,128,6,12,0.0017561799072614527,0.0015625029419066806,0.0040529026856795155
toeplitz_rho_0.5,128,6,13,0.0018920925626448454,0.0028073019694436576,0.0047850899780986205
toeplitz_rho_0.5,128,6,14,0.001839571935017144,0.0017468616657965608,0.0043384495351539544
toeplitz_rho_0.5,128,6,15,0.0021965677570873984,0.0024627072148548923,0.005138250420684134
toeplitz_rho_0.5,128,6,16,0.002059150421890841,0.00778750881752846,0.005245113873106215
toeplitz_rho_0.5,128,6,17,0.002254981516955622,0.003321401998704754,0.004874383043980752
toeplitz_rho_0.5,128,6,18,0.00232299060872671,0.0018042027462733911,0.005015675558152365
toeplitz_rho_0.5,128,6,19,0.0016399541041668033,0.0028324819096897354,0.003844447447214723
toeplitz_rho_0.5,128,6,20,0.0026218545325090016,0.003787430417512896,0.005511114826923378
toeplitz_rho_0.5,128,6,21,0.004277949609244858,0.004810332200084419,0.007574559297328689
toeplitz_rho_0.5,128,6,22,0.0036420894971075164,0.005543770405702234,0.007133304793046953
toeplitz_rho_0.5,128,6,23,0.002656309394182616,0.004110781555455015,0.005661950223903176
toeplitz_rho_0.5,128,6,24,0.0027239918546526076,0.0021255186820051753,0.005669238469913292
toeplitz_rho_0.5,128,6,25,0.0019016437100316664,0.009030234133331805,0.004592226250544057
toeplitz_rho_0.5,128,6,26,0.0029883140503722365,0.0015969938423931224,0.0059111585983315455
toeplitz_rho_0.5,128,6,27,0.002012540345902578,0.005364036194707501,0.00420482108921138
toeplitz_rho_0.5,128,6,28,0.0019906821144439093,0.0026517882696356493,0.004430900491222731
toeplitz_rho_0.5,128,6,29,0.0017392132738855565,0.0011268755115799946,0.004459748747265756
toeplitz_rho_0.5,128,6,30,0.0016963970490840655,0.0031847533312732304,0.004353981817726443
toeplitz_rho_0.5,128,6,31,0.0030136795891229223,0.007911757101984529,0.005771799372095333
toeplitz_rho_0.5,128,6,32,0.003004421644565762,0.004296304406139926,0.0054956463987266896
toeplitz_rho_0.5,128,6,33,0.002052511564129053,0.002580629497905099,0.005079865242188927
toeplitz_rho_0.5,128,6,34,0.0020128060063150342,0.0035917074209812654,0.004836799827498868
toeplitz_rho_0.5,128,6,35,0.002928774072861497,0.0034456279521296942,0.005674670072192972
toeplitz_rho_0.5,128,7,0,0.0013559314840626857,0.002360358671062568,0.001471994319333472
toeplitz_rho_0.5,128,7,1,0.0014051892805938139,0.004091864657658379,0.001896205405595492
toeplitz_rho_0.5,128,7,2,0.0017139264350123935,0.006905868370889991,0.0015222828197221042
toeplitz_rho_0.5,128,7,3,0.0013367958961252985,0.004028503643321876,0.0018041368565572444
toeplitz_rho_0.5,128,7,4,0.0023800199235724157,0.00966306527102993,0.002741764956987499
toeplitz_rho_0.5,128,7,5,0.0018150906210371428,0.008202298390418444,0.002184741725527999
toeplitz_rho_0.5,128,7,6,0.0016829094780191367,0.0005687812130624783,0.0019683233836725834
toeplitz_rho_0.5,128,7,7,0.0011390823027094474,0.00677576453482883,0.0014311730346455568
toeplitz_rho_0.5,128,7,8,0.0013658641653466553,0.0030081294259493895,0.0017074160746128465
toeplitz_rho_0.5,128,7,9,0.0016688930465300301,0.004040580259767895,0.0020281713143144677
toeplitz_rho_0.5,128,7,10,0.0014126413933750678,0.002938219118160795,0.0015028788879999967
toeplitz_rho_0.5,128,7,11,0.0017643035304161676,0.0016029433339176044,0.001957352287946173
toeplitz_rho_0.5,128,7,12,0.0019362881459900646,0.0028586818935463086,0.002237543155247275
toeplitz_rho_0.5,128,7,13,0.0013984394593991596,0.004802499722780981,0.0017058596255385666
toeplitz_rho_0.5,128,7,14,0.0011597282317223853,0.0015573066217320854,0.0014443493467765347
toeplitz_rho_0.5,128,7,15,0.0014196142879954752,0.007233136079541496,0.0018527879251843454
toeplitz_rho_0.5,128,7,16,0.0013034866362759128,0.003551756762713791,0.0016993459739162691
toeplitz_rho_0.5,128,7,17,0.0015899020225804807,0.005741958474572984,0.0019257805009612408
toeplitz_rho_0.5,128,7,18,0.0013205980714302186,0.004435354139837221,0.0016468233212380287
toeplitz_rho_0.5,128,7,19,0.001301542778008537,0.0030930928791399076,0.0017517531446990513
toeplitz_rho_0.5,128,7,20,0.0015405821388907474,0.00024733547612136483,0.00182123177907381
toeplitz_rho_0.5,128,7,21,0.0013661146890296646,0.0005375460076669328,0.0016736501914345774
toeplitz_rho_0.5,128,7,22,0.001583085196022175,0.01585570918477367,0.001855787488782248
toeplitz_rho_0.5,128,7,23,0.0013750441598417487,0.0028110184739305838,0.0017720880026505803
toeplitz_rho_0.5,128,7,24,0.0015034715531055025,0.0029198582734738764,0.0016995633239858293
toeplitz_rho_0.5,128,7,25,0.0013640775482803614,0.004833853150537991,0.0015507681783680195
toeplitz_rho_0.5,128,7,26,0.001411088520253423,0.002094581216049163,0.0017507690350144689
toeplitz_rho_0.5,128,7,27,0.0012486912137163785,0.0011824158730109283,0.0015075106166451517
toeplitz_rho_0.5,128,7,28,0.001377488626988899,0.0022819506725127595,0.0015434168273101637
toeplitz_rho_0.5,128,7,29,0.0012899026153313554,0.0014953485045049605,0.0015734936476376202
toeplitz_rho_0.5,128,7,30,0.0013330242315927477,0.0019605643544496525,0.001754059880628103
toeplitz_rho_0.5,128,7,31,0.0016661803491801294,0.009553165100139614,0.0017173294465832986
toeplitz_rho_0.5,128,7,32,0.0015795611272018755,0.006340216605728453,0.0020323128879761432
toeplitz_rho_0.5,128,7,33,0.0017722579505249595,0.007208044755757341,0.0018960548119567806
toeplitz_rho_0.5,128,7,34,0.001360053446983553,0.0049886238193867635,0.001310607381433169
toeplitz_rho_0.5,128,7,35,0.0010502026100964108,0.006675902870190695,0.0012118739363884386
toeplitz_rho_0.5,256,0,0,0.0002431118433963647,0.0034857725423107274,0.000291672096478172
toeplitz_rho_0.5,256,0,1,0.00037942889155668646,0.0005015247192927966,0.00046980756227988296
toeplitz_rho_0.5,256,0,2,0.00030993302332674166,0.0042260572112640254,0.00037224092589634557
toeplitz_rho_0.5,256,0,3,0.0005265847438704913,0.002746023067992193,0.0006226478818092265
toeplitz_rho_0.5,256,0,4,0.00022917534808118917,0.00010095735756311943,0.00025498767275750224
toeplitz_rho_0.5,256,0,5,0.00020568153641854048,0.0009040820341184852,0.0002595602241128391
toeplitz_rho_0.5,256,0,6,0.00016988145195303992,0.000225227606389637,0.00019655734069951025
toeplitz_rho_0.5,256,0,7,0.00017691258866611769,0.002218160224787352,0.00022391616865065892
toeplitz_rho_0.5,256,0,8,0.00021500471866710288,0.0006564821578137295,0.0002367981038198772
toeplitz_rho_0.5,256,0,9,0.0007577670635030851,0.0037493895735936796,0.0008236266677922833
toeplitz_rho_0.5,256,0,10,0.00022177773409427838,0.0005690395961038279,0.00022760900239350308
toeplitz_rho_0.5,256,0,11,0.0003261282454227054,0.00035429438001616123,0.0003533888015961487
toeplitz_rho_0.5,256,0,12,0.00016770369438994144,0.00023344578146930375,0.00020484785589084463
toeplitz_rho_0.5,256,0,13,0.00038711621417658403,0.0015944641390613773,0.00036737270962910974
toeplitz_rho_0.5,256,0,14,0.00018568300341556066,0.00023525302722231624,0.000209470423417056
toeplitz_rho_0.5,256,0,15,0.00015521159169019187,0.0029081344657819136,0.0001865350558381451
toeplitz_rho_0.5,256,0,16,0.0002721168605761365,0.0015123107592951237,0.0003247123103020475
toeplitz_rho_0.5,256,0,17,0.0004621736914005256,0.0004085659119057944,0.0004949826071368425
toeplitz_rho_0.5,256,0,18,0.00020230214873800817,0.00048185934806969466,0.00022185824723662632
toeplitz_rho_0.5,256,0,19,0.00014379775268230684,0.0006008850253793861,0.00017879684278828645
toeplitz_rho_0.5,256,0,20,0.00022772321762461734,0.0011982036413969257,0.00026505369568700416
toeplitz_rho_0.5,256,0,21,0.0001698918840615056,0.001043329379204716,0.0002046577891979543
toeplitz_rho_0.5,256,0,22,0.0006107785800961565,0.002610854246303303,0.0006898135476341889
toeplitz_rho_0.5,256,0,23,0.00018733851201994475,0.00103733790697549,0.0002274142774715035
toeplitz_rho_0.5,256,0,24,0.00015941829117913588,0.0020655340578428823,0.00019816398062509795
toeplitz_rho_0.5,256,0,25,0.0005245128509830915,0.002313023011583133,0.0005889391610211511
toeplitz_rho_0.5,256,0,26,0.0005644959067507153,0.002423749781691364,0.0006565231903899205
toeplitz_rho_0.5,256,0,27,0.0002492239119727347,0.0012702635049464403,0.0002654434683958426
toeplitz_rho_0.5,256,0,28,0.00018984782631387522,0.0008509054656326922,0.00020824553825599977
toeplitz_rho_0.5,256,0,29,0.00038027776711579037,0.001766225093092042,0.00041200740920249853
toeplitz_rho_0.5,256,0,30,0.00041435610105915795,0.002125028502131978,0.00046161898796118694
toeplitz_rho_0.5,256,0,31,0.0001548363845557568,0.0004435022490639545,0.00018394163937671836
toeplitz_rho_0.5,256,0,32,0.00018152899269253248,0.0006647609229151004,0.0002216025217870511
toeplitz_rho_0.5,256,0,33,0.00021072723797593967,0.0009611320247750511,0.00024469288865935305
toeplitz_rho_0.5,256,0,34,0.00015216664290615439,0.0004911038235801286,0.00019098067642249353
toeplitz_rho_0.5,256,0,35,0.00031677460722935575,0.0006981401937367164,0.00034834130112205525
toeplitz_rho_0.5,256,1,0,0.0013799872192648255,0.0012161676509248225,0.0007463961418640438
toeplitz_rho_0.5,256,1,1,0.001307690877209069,0.0016477196682346449,0.0006890094144367306
toeplitz_rho_0.5,256,1,2,0.0012301314927907292,0.0014688487893954878,0.000786315473535566
toeplitz_rho_0.5,256,1,3,0.0011089524138435632,0.0007207836588294326,0.0006027397120463512
toeplitz_rho_0.5,256,1,4,0.0012116023591942486,0.00012533396425138885,0.0007747973968816289
toeplitz_rho_0.5,256,1,5,0.0012334969284244401,0.00042015131922766645,0.0005860367546385026
toeplitz_rho_0.5,256,1,6,0.0011585332980521951,0.0011875518152342542,0.0005455859375023641
toeplitz_rho_0.5,256,1,7,0.0011508579541218923,0.001553045834925818,0.0006763287133570807
toeplitz_rho_0.5,256,1,8,0.0016205712025397579,0.002049368628648914,0.0012950392140629798
toeplitz_rho_0.5,256,1,9,0.0011138862583785218,0.000488968701411185,0.0008037741417424463
toeplitz_rho_0.5,256,1,10,0.0014204807115224052,0.0011686859565353985,0.0014212387302756464
toeplitz_rho_0.5,256,1,11,0.0014071078167259084,0.0008196813788572722,0.0007086990159719335
toeplitz_rho_0.5,256,1,12,0.0011981610719144782,0.0006100870442185518,0.0006929949086577239
toeplitz_rho_0.5,256,1,13,0.0013206371884310732,0.0003946635174903935,0.0006682064660279482
toeplitz_rho_0.5,256,1,14,0.001421486544758098,0.0026313438995439675,0.0007574918637128858
toeplitz_rho_0.5,256,1,15,0.0012441707270077903,0.00024444731922063475,0.0006203233811018124
toeplitz_rho_0.5,256,1,16,0.0012174025321364632,0.0005576438843904449,0.0007392777105425781
toeplitz_rho_0.5,256,1,17,0.0014123277337698464,0.0005030958428269577,0.0006962735434945333
toeplitz_rho_0.5,256,1,18,0.0016625759729872276,0.0012521113456943447,0.0009118005562393479
toeplitz_rho_0.5,256,1,19,0.0012736478539166257,0.00046868708936934815,0.0008632789683900058
toeplitz_rho_0.5,256,1,20,0.0014342368183695824,0.001940789197352851,0.0013088273034913903
toeplitz_rho_0.5,256,1,21,0.0013311490707550422,0.0013411850670769943,0.0010534001713929677
toeplitz_rho_0.5,256,1,22,0.0015272768858814732,0.0018418358459423587,0.000830387306899985
toeplitz_rho_0.5,256,1,23,0.0012908965989203405,0.0003420064514833722,0.0006300482781910804
toeplitz_rho_0.5,256,1,24,0.0012034238318558864,0.0006401176239955325,0.0006006263861661062
toeplitz_rho_0.5,256,1,25,0.0014331247261041668,0.0016552988924422906,0.0007125746137112562
toeplitz_rho_0.5,256,1,26,0.0016351777066939605,0.0013677682919467624,0.0009072877814869407
toeplitz_rho_0.5,256,1,27,0.0012474371809504067,0.00013525336825268,0.0006774970787512479
toeplitz_rho_0.5,256,1,28,0.0013636397420782145,0.0013697442706049414,0.0006960849968078648
toeplitz_rho_0.5,256,1,29,0.001184704162246376,0.00027818300348680426,0.0008107827413378278
toeplitz_rho_0.5,256,1,30,0.001408120112162354,0.0008323620389857435,0.0009787632756693666
toeplitz_rho_0.5,256,1,31,0.0012107845323993378,0.0005796540615093917,0.0006146772679952327
toeplitz_rho_0.5,256,1,32,0.001520395936699275,0.0010345140419271883,0.0007979168401071729
toeplitz_rho_0.5,256,1,33,0.0011692835750020335,0.0010171899783129944,0.0005458354392324941
toeplitz_rho_0.5,256,1,34,0.001109457867170743,0.0006223013490629772,0.0005808104846675281
toeplitz_rho_0.5,256,1,35,0.0012681418319881697,0.00037513064680800667,0.0006331802767918556
toeplitz_rho_0.5,256,2,0,0.0010187422983652188,0.00011704875993709418,0.0018137682073060292
toeplitz_rho_0.5,256,2,1,0.0008620768448730309,0.00023974467579588303,0.0015544052598655002
toeplitz_rho_0.5,256,2,2,0.001508920748807871,0.001027520967948824,0.0024607066430391475
toeplitz_rho_0.5,256,2,3,0.0011110198071703687,0.00116847685692211,0.001995464266005548
toeplitz_rho_0.5,256,2,4,0.001243830142658539,0.00025388610510418516,0.002113697864029338
toeplitz_rho_0.5,256,2,5,0.0011615779881780082,0.0004847482058449801,0.0020448333625146375
toeplitz_rho_0.5,256,2,6,0.0011507774926621031,0.0005679508693616424,0.0019943019883062367
toeplitz_rho_0.5,256,2,7,0.0016167786984450452,0.0009131498433691316,0.0027017495471192195
toeplitz_rho_0.5,256,2,8,0.0010023991685474854,9.349529549004478e-05,0.0017922764556892409
toeplitz_rho_0.5,256,2,9,0.0010982711044944804,0.00011789572891846549,0.0019473781882338873
toeplitz_rho_0.5,256,2,10,0.0008725114099945583,0.0005250436957480082,0.0016183512867912662
toeplitz_rho_0.5,256,2,11,0.0010566838901426147,0.0007215524275241402,0.001853150697904134
toeplitz_rho_0.5,256,2,12,0.0009975085056237484,0.000253713655118063,0.0018446770759842292
toeplitz_rho_0.5,256,2,13,0.0014732308060125992,0.0019382864077848515,0.002374012374247004
toeplitz_rho_0.5,256,2,14,0.0009405427181512505,0.0005789129756665534,0.0017231794503155535
toeplitz_rho_0.5,256,2,15,0.0011001109197758686,0.0005331656894025274,0.0019368819831150725
toeplitz_rho_0.5,256,2,16,0.0008290451369458854,0.0009876445896844475,0.001508629978987288
toeplitz_rho_0.5,256,2,17,0.0013509540793231942,0.00031339710761538224,0.0022827561830299527
toeplitz_rho_0.5,256,2,18,0.0015987123296261718,0.0012892023367220913,0.002661980269351513
toeplitz_rho_0.5,256,2,19,0.0008327372631808616,0.0008408501923617378,0.001459129624762597
toeplitz_rho_0.5,256,2,20,0.0009120117505089025,0.0009387854128508604,0.0016847776563760782
toeplitz_rho_0.5,256,2,21,0.0012155863702559687,0.0007344794047423041,0.0021174957140217164
toeplitz_rho_0.5,256,2,22,0.0011777195889237167,0.00027645500981994206,0.002063041347671595
toeplitz_rho_0.5,256,2,23,0.0010000133560752974,0.00027537822155862773,0.0018228188318728886
toeplitz_rho_0.5,256,2,24,0.0009718139564970261,0.00048056989407424923,0.001752476697946451
toeplitz_rho_0.5,256,2,25,0.0010385772757828596,0.0004477332093554402,0.0018685771198611323
toeplitz_rho_0.5,256,2,26,0.000955852065305032,0.00012491600758085942,0.0016898404824080395
toeplitz_rho_0.5,256,2,27,0.000848518304925388,0.0005002134566254389,0.0015069945390513285
toeplitz_rho_0.5,256,2,28,0.0009406283567398096,0.0023616811634662054,0.0016077791115666513
toeplitz_rho_0.5,256,2,29,0.0008345932223356636,0.0007900810300964256,0.0015566701242552198
toeplitz_rho_0.5,256,2,30,0.0011821773629966837,0.0006068281166687552,0.0020959395631814197
toeplitz_rho_0.5,256,2,31,0.0009827169366002139,0.002172859571787303,0.0016180498016260005
toeplitz_rho_0.5,256,2,32,0.0013924459341453476,0.0024111679931407577,0.0024467756897999463
toeplitz_rho_0.5,256,2,33,0.001132850615709561,0.0006147206079431496,0.002003858161518256
toeplitz_rho_0.5,256,2,34,0.00117091701452328,0.0002421809281503086,0.0020277931746833637
toeplitz_rho_0.5,256,2,35,0.0009530764535968229,0.0011965024715107117,0.0017130253326314599
toeplitz_rho_0.5,256,3,0,0.0005854478870097012,0.00071216982057741,0.001143606472723295
toeplitz_rho_0.5,256,3,1,0.0004943518910958275,0.00042302318445008684,0.0013646154173550984
toeplitz_rho_0.5,256,3,2,0.0004906439437294276,0.0009135264357804083,0.0009771516364092151
toeplitz_rho_0.5,256,3,3,0.0002784851437392505,0.00164333319750009,0.0005141396037169929
toeplitz_rho_0.5,256,3,4,0.00035693809577565434,0.001206177937079513,0.000776867056969943
toeplitz_rho_0.5,256,3,5,0.0004754223629137652,0.0009059103798609806,0.0013756854941895237
toeplitz_rho_0.5,256,3,6,0.0005761209989153096,0.0005870109744284689,0.0013095770052294394
toeplitz_rho_0.5,256,3,7,0.00028066179950901387,0.002458361948128572,0.0007260182924400959
toeplitz_rho_0.5,256,3,8,0.0003896366836263174,0.00025683208822478265,0.000825434421688702
toeplitz_rho_0.5,256,3,9,0.00027231076293284163,0.0009830649944950914,0.0005404996284355907
toeplitz_rho_0.5,256,3,10,0.00042740400879871993,0.00012207557910889956,0.0009510232158834457
toeplitz_rho_0.5,256,3,11,0.00039087730241033763,0.0007956662444461488,0.0007821986155637403
toeplitz_rho_0.5,256,3,12,0.0004734116391072,0.0011841331847840231,0.0013053521966504347
toeplitz_rho_0.5,256,3,13,0.00011073226148176209,0.0033599356876199975,0.00027326444800885186
toeplitz_rho_0.5,256,3,14,0.0002791762867289887,0.0008685992899776886,0.0005313039337915962
toeplitz_rho_0.5,256,3,15,0.00030827337830991396,0.0005643430239290749,0.0006206782699527618
toeplitz_rho_0.5,256,3,16,0.0003703328741852004,0.001613219328044774,0.0014412979690352741
toeplitz_rho_0.5,256,3,17,0.00069723236105863,0.001663730495516321,0.001337990090348855
toeplitz_rho_0.5,256,3,18,0.00019806702884899176,0.0022006780828519425,0.0004159336715034856
toeplitz_rho_0.5,256,3,19,0.0005234538921307247,0.0007639445011708722,0.0010575071737906952
toeplitz_rho_0.5,256,3,20,0.0006235122945604537,0.001577875841136822,0.0012357202857401909
toeplitz_rho_0.5,256,3,21,0.00032165997615928146,0.00048295001102503153,0.0008029562998601175
toeplitz_rho_0.5,256,3,22,0.00024411691156352432,0.0011146336378847032,0.000499357655740886
toeplitz_rho_0.5,256,3,23,0.0005117410092727029,0.0008352729100148193,0.0011200909611643619
toeplitz_rho_0.5,256,3,24,0.00013447722241382695,0.0024906543753556334,0.0003051720275405388
toeplitz_rho_0.5,256,3,25,0.0002854454828461529,0.0012877689503752294,0.0007734367138132695
toeplitz_rho_0.5,256,3,26,0.00036046865633953954,0.0004296985749068691,0.0007376848470754087
toeplitz_rho_0.5,256,3,27,0.0007993633265129538,0.0014614090944742467,0.0016204400804511426
toeplitz_rho_0.5,256,3,28,0.00038870758459389203,0.0001770659081651227,0.0008928083370709106
toeplitz_rho_0.5,256,3,29,0.0003789311900533461,0.0005293256568726191,0.0008226969037424186
toeplitz_rho_0.5,256,3,30,0.0005214866843651797,0.00020146130559121163,0.001078634383871002
toeplitz_rho_0.5,256,3,31,0.000422830920089774,0.0007640959112172478,0.001234262890192635
toeplitz_rho_0.5,256,3,32,0.000320509226320551,0.005097401095882137,0.0006849569344677356
toeplitz_rho_0.5,256,3,33,0.0005034086249708795,0.0002956089021521471,0.0011939793297837309
toeplitz_rho_0.5,256,3,34,0.00023890101968010877,0.0025841620491326286,0.0005494440217998931
toeplitz_rho_0.5,256,3,35,0.00016107017091600154,0.004228801344019144,0.0004966053719130536
toeplitz_rho_0.5,256,4,0,0.0002747578140664938,0.000431833772365911,0.00020806330449718422
toeplitz_rho_0.5,256,4,1,0.0008398015227460484,0.0047426512081044855,0.0008022587827565906
toeplitz_rho_0.5,256,4,2,0.00026385182261305185,0.0005618865109376274,0.0002511706040618487
toeplitz_rho_0.5,256,4,3,0.00021556635129555045,0.0002521086686454815,0.00019262527245788078
toeplitz_rho_0.5,256,4,4,0.00026060730442596604,0.002212246521480147,0.00024191108856235337
toeplitz_rho_0.5,256,4,5,0.0013364990968826897,0.0017377206785456035,0.0012380764513931057
toeplitz_rho_0.5,256,4,6,0.0002799243452202765,0.0003552770578255344,0.00029580751940566955
toeplitz_rho_0.5,256,4,7,0.0006595047214999504,0.000787393634853938,0.0006253310127476243
toeplitz_rho_0.5,256,4,8,0.0002602882212061789,0.0003943067220475385,0.00019805377243295707
toeplitz_rho_0.5,256,4,9,0.0006107624006454783,0.0006328266802418236,0.0005360761930359606
toeplitz_rho_0.5,256,4,10,0.00013448614256902623,0.0006000973075549561,0.0001478164750236217
toeplitz_rho_0.5,256,4,11,0.0004284405478896365,0.0009057333851607379,0.00034423603635533106
toeplitz_rho_0.5,256,4,12,0.00025592377620093677,0.0009002985553689497,0.00018803381558514195
toeplitz_rho_0.5,256,4,13,0.00040570857386237137,0.00010684942098951786,0.00034363522513528066
toeplitz_rho_0.5,256,4,14,0.0010899158609935992,0.0022087802616837845,0.0009923565904155424
toeplitz_rho_0.5,256,4,15,0.0025302069059272066,0.006326594891082644,0.002416691504496983
toeplitz_rho_0.5,256,4,16,0.0001501851452166583,0.0008923023707030867,0.00018794614412097026
toeplitz_rho_0.5,256,4,17,0.0001379240738700842,0.0011628688329222083,8.176707429940989e-05
toeplitz_rho_0.5,256,4,18,0.0004015072971678895,0.0012754958653050882,0.00030709860550227625
toeplitz_rho_0.5,256,4,19,0.00031682485660464865,7.23753099220352e-05,0.00028158789690900694
toeplitz_rho_0.5,256,4,20,0.00045294202781216995,0.0012800885062841196,0.00046436546215631507
toeplitz_rho_0.5,256,4,21,0.0003713929519560569,0.00022913748182870066,0.00030381296134609077
toeplitz_rho_0.5,256,4,22,0.0017485734947825815,0.005472863969654106,0.0016263756494207591
toeplitz_rho_0.5,256,4,23,0.00020883719557483876,0.0006613318070241806,0.00018552895282521837
toeplitz_rho_0.5,256,4,24,0.0011448135400618125,0.0031867949305505803,0.0010113038981108867
toeplitz_rho_0.5,256,4,25,0.00027783136257775686,0.0008734242156761135,0.0002049116931324019
toeplitz_rho_0.5,256,4,26,0.0003432271860552283,0.0003769612657515646,0.0002825408581753115
toeplitz_rho_0.5,256,4,27,0.00045500710829024223,0.0005589153223506957,0.00044809434678305237
toeplitz_rho_0.5,256,4,28,0.000234548646215156,0.0007204973379833024,0.0001612170713421464
toeplitz_rho_0.5,256,4,29,0.00013727480754912647,0.00032763626725649674,0.00012870566263572256
toeplitz_rho_0.5,256,4,30,0.00019892446488782703,0.00031927674993938323,0.00015463870207834662
toeplitz_rho_0.5,256,4,31,0.00018935637547180418,0.00023086149604501576,0.00017568439289628512
toeplitz_rho_0.5,256,4,32,0.000274206792411729,0.000246673314156771,0.0002486488158052236
toeplitz_rho_0.5,256,4,33,0.0002476705321386702,0.0005234941558454355,0.00018778892717586344
toeplitz_rho_0.5,256,4,34,0.000599752374740249,0.0020896790286817155,0.0004998411168077754
toeplitz_rho_0.5,256,4,35,0.00035737329497728676,0.00024407113031802558,0.0003522527052374219
toeplitz_rho_0.5,256,5,0,0.001470556255082591,0.0009818248689499858,0.0010455774299233899
toeplitz_rho_0.5,256,5,1,0.0010207847436384473,0.0014447805211013406,0.0008148033416563208
toeplitz_rho_0.5,256,5,2,0.0014064105541238769,0.0022681448478473667,0.0009338365156937015
toeplitz_rho_0.5,256,5,3,0.0018348598391629725,0.004281926548472332,0.0010408079073004357
toeplitz_rho_0.5,256,5,4,0.0008792435831886568,0.0039353016091635325,0.0006863158991982393
toeplitz_rho_0.5,256,5,5,0.001223268023070772,0.0009006314666062465,0.0010206877344826016
toeplitz_rho_0.5,256,5,6,0.0008251542088012888,0.0009441569044105105,0.0007795323948844855
toeplitz_rho_0.5,256,5,7,0.0008616482435776266,0.0014784031630240817,0.0008398239207696863
toeplitz_rho_0.5,256,5,8,0.0013196414514237745,0.0002821719758611019,0.0009872499522920854
toeplitz_rho_0.5,256,5,9,0.0011817431996749969,0.0004890881609169791,0.0009326811204498582
toeplitz_rho_0.5,256,5,10,0.0012616414774027007,0.0007068787898211503,0.001058658855783553
toeplitz_rho_0.5,256,5,11,0.0005459737323961217,0.0023614868312907596,0.0005798142418417621
toeplitz_rho_0.5,256,5,12,0.0010775217840316496,0.0010756625965165547,0.0008523865024723929
toeplitz_rho_0.5,256,5,13,0.001056117630098852,0.0013390018033337862,0.0008432853591106553
toeplitz_rho_0.5,256,5,14,0.0011802032413265257,0.0004639516542857502,0.0009425735838612063
toeplitz_rho_0.5,256,5,15,0.001472842599705441,0.0005065890494799327,0.0010357754788067703
toeplitz_rho_0.5,256,5,16,0.0007098959313842898,0.0013743146858735773,0.000646469170804385
toeplitz_rho_0.5,256,5,17,0.0013095493917009344,0.0008937636638437592,0.0011187697354342408
toeplitz_rho_0.5,256,5,18,0.00020697815101221084,0.0071903402699148074,0.0002654884993527742
toeplitz_rho_0.5,256,5,19,0.0006047730357580847,0.0013493580509782146,0.0005461998083599391
toeplitz_rho_0.5,256,5,20,0.001135518960986971,0.001063290709948097,0.0009416925106509862
toeplitz_rho_0.5,256,5,21,0.0010707238112569848,0.00030626140462828753,0.0008854039564137007
toeplitz_rho_0.5,256,5,22,0.001177392772027402,0.0006376631476323027,0.001040370861693139
toeplitz_rho_0.5,256,5,23,0.0014627550236537058,0.0011973082095863882,0.001000499813977298
toeplitz_rho_0.5,256,5,24,0.001173689008925863,0.0014204275541812182,0.0009490876199910121
toeplitz_rho_0.5,256,5,25,0.0017814003393479781,0.00201358690804834,0.0011352646099279519
toeplitz_rho_0.5,256,5,26,0.0011798538084192567,0.002269559567603076,0.0010572353780354175
toeplitz_rho_0.5,256,5,27,0.0018566366220092731,0.005291969317950531,0.001287183066934267
toeplitz_rho_0.5,256,5,28,0.0007272821213514475,0.0015828582067628537,0.0007005785180198243
toeplitz_rho_0.5,256,5,29,0.0011907356980483423,0.0001942487899709096,0.0010241859243771607
toeplitz_rho_0.5,256,5,30,0.0019574425500177364,0.004856698881156119,0.001038445341139279
toeplitz_rho_0.5,256,5,31,0.0004983235468064508,0.0022545320049946723,0.0004932113724088541
toeplitz_rho_0.5,256,5,32,0.0013234167094566273,0.00010510386588939263,0.0010438846437506543
toeplitz_rho_0.5,256,5,33,0.0012157834706564006,0.001094118685548546,0.0009181589448294196
toeplitz_rho_0.5,256,5,34,0.0011600801832217086,0.0006110611312465583,0.001024627391814509
toeplitz_rho_0.5,256,5,35,0.001439079188466093,0.0013176926409348285,0.0009354978664723498
toeplitz_rho_0.5,256,6,0,0.0009037970485704602,0.000338912235695275,0.0010312854179238568
toeplitz_rho_0.5,256,6,1,0.0008951469182512512,0.0004132669094531764,0.001009715688547534
toeplitz_rho_0.5,256,6,2,0.000718897406474056,0.0005173898706346727,0.0009974490469779464
toeplitz_rho_0.5,256,6,3,0.0006750809920461304,0.0005512197348206929,0.0008378676551384727
toeplitz_rho_0.5,256,6,4,0.0008960601611699534,0.00028634362700994325,0.0010485761339249844
toeplitz_rho_0.5,256,6,5,0.0009375085786424341,0.0012985503182895073,0.0011032261521704756
toeplitz_rho_0.5,256,6,6,0.000794826032107446,0.0004887754743451074,0.0009171161006151518
toeplitz_rho_0.5,256,6,7,0.0007929009092307513,0.00014659252771360797,0.0008890107284411947
toeplitz_rho_0.5,256,6,8,0.0008041732254073027,0.00015030860982362496,0.0010082802231445095
toeplitz_rho_0.5,256,6,9,0.0008396917961195941,0.00022503638447343707,0.0010027537516730113
toeplitz_rho_0.5,256,6,10,0.0008269422212323095,2.666159198955265e-05,0.0009334162174928367
toeplitz_rho_0.5,256,6,11,0.0008767097967802104,0.0006107009008684494,0.001122791357852053
toeplitz_rho_0.5,256,6,12,0.0006653367308161215,0.0003130128622319121,0.0008600810265825254
toeplitz_rho_0.5,256,6,13,0.0008745077976216348,0.00025946392517441514,0.0010055361519631008
toeplitz_rho_0.5,256,6,14,0.0009205699344598699,0.0004472651034032063,0.0010459048813246494
toeplitz_rho_0.5,256,6,15,0.0007709968348585695,0.0003472691842224223,0.0008731762307614071
toeplitz_rho_0.5,256,6,16,0.0007076044577567134,0.000275662773923122,0.0008201420184233596
toeplitz_rho_0.5,256,6,17,0.0008272976210476014,0.00025436246883609305,0.0009664309035506691
toeplitz_rho_0.5,256,6,18,0.0008206185793733479,0.000497130712063254,0.0009681861115432474
toeplitz_rho_0.5,256,6,19,0.0008716458001477214,0.00022901049617731652,0.0009931060005831404
toeplitz_rho_0.5,256,6,20,0.0008365923850494968,0.0003990547217468934,0.000990085991021594
toeplitz_rho_0.5,256,6,21,0.0007925528681927876,0.0005226039972244862,0.0008967612602888559
toeplitz_rho_0.5,256,6,22,0.0008126771543061338,0.0002850619219305447,0.001113582644870382
toeplitz_rho_0.5,256,6,23,0.0009604618307365575,0.001267750865208955,0.0014395699019839915
toeplitz_rho_0.5,256,6,24,0.000861822574380321,0.0001418661983045353,0.0009822680189970105
toeplitz_rho_0.5,256,6,25,0.0006028969966892223,0.0007240295870112406,0.0008027948181886865
toeplitz_rho_0.5,256,6,26,0.0007279793012558133,0.00016790622187628238,0.0008822525685247861
toeplitz_rho_0.5,256,6,27,0.0008484016335111632,0.000485108865324471,0.001001791320073272
toeplitz_rho_0.5,256,6,28,0.000845563293829109,0.0003525064416332977,0.0009506043481733999
toeplitz_rho_0.5,256,6,29,0.0008055235739532539,0.0002863946763474516,0.0009367987247254389
toeplitz_rho_0.5,256,6,30,0.0008151326312484694,0.00024349970631053658,0.0009350667706141395
toeplitz_rho_0.5,256,6,31,0.0008979902955113852,0.0005844245714258276,0.0010999827015730872
toeplitz_rho_0.5,256,6,32,0.0008204780293991796,8.200439949440848e-05,0.0009431780173632777
toeplitz_rho_0.5,256,6,33,0.0008126321036333661,8.623242614701581e-05,0.0009119506442083918
toeplitz_rho_0.5,256,6,34,0.0009031416973140679,0.0007169308736618533,0.0010460083592331577
toeplitz_rho_0.5,256,6,35,0.0007716733185143581,0.00010684944601098997,0.0008709255056922008
toeplitz_rho_0.5,256,7,0,0.0002905587538572091,0.0003793762650475898,0.0003472672526492444
toeplitz_rho_0.5,256,7,1,0.00029602793553609085,0.0004809611501955403,0.0004203503925045874
toeplitz_rho_0.5,256,7,2,0.00032061436096742255,0.00047518474280142684,0.0004313031182950612
toeplitz_rho_0.5,256,7,3,0.0003589378068944697,0.0007310404781912419,0.0005348773980549735
toeplitz_rho_0.5,256,7,4,0.00028371414788348,0.0006032311640513825,0.0003207907881636015
toeplitz_rho_0.5,256,7,5,0.00026050148310942416,0.0012601315736266998,0.0003627989105751818
toeplitz_rho_0.5,256,7,6,0.00030841781182816357,0.00013392651671229665,0.0004175544485555745
toeplitz_rho_0.5,256,7,7,0.00032582066733237577,0.00029806285660014984,0.0004203908921529992
toeplitz_rho_0.5,256,7,8,0.00036356556332825914,0.0007991345817007404,0.000454820122380873
toeplitz_rho_0.5,256,7,9,0.0003318614416875571,0.0006922068494109065,0.00041644982691543743
toeplitz_rho_0.5,256,7,10,0.0003135089594971673,0.0011024357419422836,0.0005000680900240883
toeplitz_rho_0.5,256,7,11,0.000293986917638616,0.00034257491588830053,0.00033477455170485566
toeplitz_rho_0.5,256,7,12,0.00030394152625057546,0.0009242900677849595,0.0003097501592701365
toeplitz_rho_0.5,256,7,13,0.00030533266427452564,0.0003983586415045714,0.0004414062022636882
toeplitz_rho_0.5,256,7,14,0.000292369653160643,0.0001909546934788186,0.0004007331795490282
toeplitz_rho_0.5,256,7,15,0.00030107851418304275,0.00025816989540419923,0.00038228580946484677
toeplitz_rho_0.5,256,7,16,0.00034871544349944386,0.0007552804927806612,0.0003857102566299824
toeplitz_rho_0.5,256,7,17,0.0002884286701076,0.0006381158165301974,0.00043132807021035535
toeplitz_rho_0.5,256,7,18,0.00030104383266849717,0.0001815660230091854,0.0003676486046159254
toeplitz_rho_0.5,256,7,19,0.0003500972831163634,0.0006356334500615574,0.0005234672799739224
toeplitz_rho_0.5,256,7,20,0.0003090534973828933,0.0002689950640771331,0.0004554963145492303
toeplitz_rho_0.5,256,7,21,0.00032701253293820556,0.0005344906314898057,0.0004123160107757527
toeplitz_rho_0.5,256,7,22,0.00035581683507968597,0.0023393933964241786,0.0004610518960256488
toeplitz_rho_0.5,256,7,23,0.0003000233822935284,0.00029574277058765227,0.0003826137085337874
toeplitz_rho_0.5,256,7,24,0.00035462299497863157,0.001341043305252857,0.00047197555562660616
toeplitz_rho_0.5,256,7,25,0.00029103335176867463,0.001891451626375728,0.00028292706016957953
toeplitz_rho_0.5,256,7,26,0.0003186770784634667,0.0003535383681009292,0.0004183992508659505
toeplitz_rho_0.5,256,7,27,0.0002831211482567807,0.00040263637835571704,0.0003935979824975699
toeplitz_rho_0.5,256,7,28,0.00028778055825357066,0.0002769803575159824,0.0004097149047831998
toeplitz_rho_0.5,256,7,29,0.00031143849887906754,0.000304197038994794,0.00039564699434216507
toeplitz_rho_0.5,256,7,30,0.00032444725449070087,0.0002693121731313978,0.0003914225492071173
toeplitz_rho_0.5,256,7,31,0.0002946021642146407,0.00042797764690915343,0.0004134393073283951
toeplitz_rho_0.5,256,7,32,0.0003220692475504879,0.0006451500112848306,0.00047330058447809663
toeplitz_rho_0.5,256,7,33,0.00030472703251349496,6.810558614816833e-05,0.000425687424863477
toeplitz_rho_0.5,256,7,34,0.00033710022489641324,0.0010776542953937266,0.00041985693717842257
toeplitz_rho_0.5,256,7,35,0.0003135992749520634,0.0004479024019659264,0.00035891982012253756
toeplitz_rho_0.5,512,0,0,0.00018921152763506064,0.00162026880855935,0.00034277615932833924
toeplitz_rho_0.5,512,0,1,0.0005366530273799287,0.0006459196901608577,0.0007230179034622328
toeplitz_rho_0.5,512,0,2,0.000579363497463794,0.0008918600143948841,0.0007642264226821275
toeplitz_rho_0.5,512,0,3,0.00017125152265934747,0.00026386533482123715,0.000326935605766927
toeplitz_rho_0.5,512,0,4,0.00026288849946219797,0.00040855715033861963,0.00039246520665821294
toeplitz_rho_0.5,512,0,5,0.0006478896629837168,0.006562796256145797,0.0008462629928042611
toeplitz_rho_0.5,512,0,6,8.89795032438354e-05,0.00025261370488346947,0.0002926656864931183
toeplitz_rho_0.5,512,0,7,0.0001981748104072919,0.0002732300183628966,0.00032879563536472557
toeplitz_rho_0.5,512,0,8,0.0001872796773774227,0.0002857897544606079,0.000330423448612995
toeplitz_rho_0.5,512,0,9,0.00023955326387578054,0.0004868393612272354,0.0003682672715124972
toeplitz_rho_0.5,512,0,10,0.00023950023501693372,0.0003925004496038297,0.0003777283716159749
toeplitz_rho_0.5,512,0,11,0.00026176658736032935,0.0013988280138528754,0.000410343563917833
toeplitz_rho_0.5,512,0,12,0.0004739375176312019,0.0010745358515315399,0.0006337608027422421
toeplitz_rho_0.5,512,0,13,0.000344444099259886,0.0003432117317480357,0.00047266704217287963
toeplitz_rho_0.5,512,0,14,0.00011753286701016136,0.0002978260956582858,0.00024151405022602697
toeplitz_rho_0.5,512,0,15,0.00011789668582367724,0.0003691714262266107,0.00027397636298791836
toeplitz_rho_0.5,512,0,16,0.00010444597127475352,0.00011871555877360125,0.0002548156686006227
toeplitz_rho_0.5,512,0,17,0.0002663755974550796,0.0006573313710943156,0.0004009529741351742
toeplitz_rho_0.5,512,0,18,0.00015635866782230703,0.0006284421815717146,0.000335455427074445
toeplitz_rho_0.5,512,0,19,0.00021071129238610587,0.0005922971305403676,0.00030438145897880873
toeplitz_rho_0.5,512,0,20,0.0002367977023825247,0.0004913166663362612,0.0003555397869373961
toeplitz_rho_0.5,512,0,21,0.00022610975460331565,0.0009610258680064016,0.0003776681367908028
toeplitz_rho_0.5,512,0,22,0.00018372625159964292,2.786879201939957e-05,0.00031240045965607265
toeplitz_rho_0.5,512,0,23,0.00010246257172769212,0.0008072622419294393,0.00023972686579249553
toeplitz_rho_0.5,512,0,24,0.00017868407626294875,0.0002855178523258283,0.0003285398915555813
toeplitz_rho_0.5,512,0,25,0.0005158801558501917,0.0010254329439802507,0.0007152563902519352
toeplitz_rho_0.5,512,0,26,0.00021838628775541216,0.0005553718465248818,0.00037691839568092895
toeplitz_rho_0.5,512,0,27,0.000456574210092266,0.0012968562384586759,0.0006392742971917696
toeplitz_rho_0.5,512,0,28,0.00014245702280338927,0.0005295419872470629,0.00029434140785784
toeplitz_rho_0.5,512,0,29,0.00016718897147028426,0.0003388107736428486,0.00028824523778173654
toeplitz_rho_0.5,512,0,30,0.0006616418415401796,0.0011856925650724675,0.0008555011850182584
toeplitz_rho_0.5,512,0,31,0.00012039846296239076,0.00024317083334688032,0.0002468339006833698
toeplitz_rho_0.5,512,0,32,0.0003773472639231684,0.0015882842964451815,0.0005507341482753425
toeplitz_rho_0.5,512,0,33,0.00020716650253034213,0.0005817864515034102,0.00035514743354954955
toeplitz_rho_0.5,512,0,34,9.402823731371022e-05,0.00041968294366333237,0.00026920931145239617
toeplitz_rho_0.5,512,0,35,0.0002668540558418001,0.00010668822503760429,0.0004032586378247676
toeplitz_rho_0.5,512,1,0,0.00039181219816405554,0.0012554467732373566,0.0006483672661031037
toeplitz_rho_0.5,512,1,1,0.00036362861837237816,0.0012721849676374367,0.0006060040201275561
toeplitz_rho_0.5,512,1,2,0.00033578588070324006,0.0005117048613021795,0.0005372129812331956
toeplitz_rho_0.5,512,1,3,0.0004353303186186252,0.0009822607255031653,0.000676544278644591
toeplitz_rho_0.5,512,1,4,0.0001909464938522342,0.0009028006633917389,0.00032950984042928434
toeplitz_rho_0.5,512,1,5,0.0002253149205493226,0.00010683250930111098,0.00035852578640398067
toeplitz_rho_0.5,512,1,6,0.0002571869201158293,0.00042417366111875807,0.00039721851872681976
toeplitz_rho_0.5,512,1,7,0.00036532609110822276,0.00042932045241580584,0.0005615813302043721
toeplitz_rho_0.5,512,1,8,0.0003938071408285228,0.000411839962357093,0.000601078209888874
toeplitz_rho_0.5,512,1,9,0.00023876308671674367,0.00014222317013336987,0.00037614089459255906
toeplitz_rho_0.5,512,1,10,0.0002765905964714894,0.0003018114509392364,0.00043227477994713196
toeplitz_rho_0.5,512,1,11,0.0002761362967100066,0.00107224956688884,0.00044935359036554767
toeplitz_rho_0.5,512,1,12,0.0003052837433108064,2.3626537964789578e-05,0.0004770885575967761
toeplitz_rho_0.5,512,1,13,0.000581734163399801,0.0022859788349353376,0.0009342177298240056
toeplitz_rho_0.5,512,1,14,0.00027583095034077024,0.0001494297866875129,0.0004227199317554822
toeplitz_rho_0.5,512,1,15,0.00045671241498206603,0.0012121298619519744,0.000653620666665229
toeplitz_rho_0.5,512,1,16,0.00037064555917714736,0.0038237810218029883,0.0005909566580451152
toeplitz_rho_0.5,512,1,17,0.0002373933095742167,0.0003151905972141459,0.0003737696526292697
toeplitz_rho_0.5,512,1,18,0.00025494420329813663,0.0002021915341934118,0.0003935056055785278
toeplitz_rho_0.5,512,1,19,0.00020226316922659367,0.0005005883201695535,0.0003211701419380037
toeplitz_rho_0.5,512,1,20,0.00017590101651441737,0.0002827372763759854,0.00030111545000367253
toeplitz_rho_0.5,512,1,21,0.0003279716392800888,0.0006699730671253601,0.0004871772371063664
toeplitz_rho_0.5,512,1,22,0.0003460308833752487,0.0010420407294597278,0.0005329605149850908
toeplitz_rho_0.5,512,1,23,0.0001793569157199122,0.0005950815167871524,0.0003001549722569194
toeplitz_rho_0.5,512,1,24,0.0003165525488760914,0.00017688849259090743,0.0004961024453103844
toeplitz_rho_0.5,512,1,25,0.0004614020134146783,0.0007738458223553033,0.0007275272513978612
toeplitz_rho_0.5,512,1,26,0.0004854357675228376,0.0008395251490317486,0.0007297949995468748
toeplitz_rho_0.5,512,1,27,0.0004068117504018448,0.0009588719888272621,0.0006602248759029318
toeplitz_rho_0.5,512,1,28,0.0002687185461277904,0.00028352444361679375,0.0004396113067950447
toeplitz_rho_0.5,512,1,29,0.00024226869925073107,0.00019837473627581272,0.000395881555578566
toeplitz_rho_0.5,512,1,30,0.00046588331615787364,0.0018202673710664655,0.0007158244504052502
toeplitz_rho_0.5,512,1,31,0.0002393514136870428,0.0009017779037631708,0.0003601769939926659
toeplitz_rho_0.5,512,1,32,0.0002723133059519846,0.0007610246444459462,0.0004062480404417843
toeplitz_rho_0.5,512,1,33,0.00031638633364298844,0.0004769345700981628,0.00047480044177031824
toeplitz_rho_0.5,512,1,34,0.00036226768001881946,0.0006111637129695207,0.0005432591781710084
toeplitz_rho_0.5,512,1,35,0.0006254660372386426,0.0024547262628040445,0.0009892379472548282
toeplitz_rho_0.5,512,2,0,0.0006376345648999068,0.0002896661305426329,0.0006261452504888331
toeplitz_rho_0.5,512,2,1,0.0005818533788884163,0.0002832991575686958,0.000769470196808315
toeplitz_rho_0.5,512,2,2,0.0006023787049377785,0.0002684736606445778,0.0008215169485151531
toeplitz_rho_0.5,512,2,3,0.0006283384785800627,0.00014888455517038696,0.0007561763595005776
toeplitz_rho_0.5,512,2,4,0.0007088698345976292,0.0013198408859419943,0.0009996776566771953
toeplitz_rho_0.5,512,2,5,0.0006405475274390991,0.00020699023165342173,0.0009688198398338325
toeplitz_rho_0.5,512,2,6,0.0007409638591561652,0.0005706454635647638,0.001215909051127619
toeplitz_rho_0.5,512,2,7,0.0005974911285796744,6.796919899564395e-05,0.000682074939215361
toeplitz_rho_0.5,512,2,8,0.0005750771943298836,0.0015367486980123652,0.0003952541647046631
toeplitz_rho_0.5,512,2,9,0.0006258538207465491,0.0005296955092171863,0.0007470949281380573
toeplitz_rho_0.5,512,2,10,0.0008227457458091355,0.0005149278926776524,0.0012320179769644121
toeplitz_rho_0.5,512,2,11,0.0006532168038190408,0.00032246890309507877,0.0007211791090203499
toeplitz_rho_0.5,512,2,12,0.0006728017473893151,0.0001973103752339842,0.0008535703572699073
toeplitz_rho_0.5,512,2,13,0.0006028913523663422,0.00018378971100210359,0.0005747189490245149
toeplitz_rho_0.5,512,2,14,0.0006461967250332683,0.0001732136705309417,0.0009685060469012483
toeplitz_rho_0.5,512,2,15,0.0006099343385979233,0.00017803639804020487,0.0006701053851440748
toeplitz_rho_0.5,512,2,16,0.0006776722652509057,0.0005064439455752622,0.0006401774757316136
toeplitz_rho_0.5,512,2,17,0.0006684851230263336,0.00041648441317572926,0.0006500712112005729
toeplitz_rho_0.5,512,2,18,0.0005891637584451036,0.00014736022380637816,0.0007124444880718206
toeplitz_rho_0.5,512,2,19,0.0007365488728181266,0.0008363545166609535,0.0009166871046062016
toeplitz_rho_0.5,512,2,20,0.0006902262349305554,0.0006840897092209738,0.0010708646219447654
toeplitz_rho_0.5,512,2,21,0.0010765257910732547,0.0015567313486913085,0.0017679330404471666
toeplitz_rho_0.5,512,2,22,0.0006075785351572156,7.25667188251265e-05,0.000698318951492155
toeplitz_rho_0.5,512,2,23,0.001177050111208603,0.002976145272789179,0.002227075998830249
toeplitz_rho_0.5,512,2,24,0.0006932527101908544,0.00014904413437408145,0.0010213381268834743
toeplitz_rho_0.5,512,2,25,0.0006528131151925041,0.0009166224259860621,0.0006977654237869819
toeplitz_rho_0.5,512,2,26,0.0006500368770322648,6.134585350403798e-05,0.000841083938664215
toeplitz_rho_0.5,512,2,27,0.0006778393168122702,0.00016086080559854667,0.0009972396662173573
toeplitz_rho_0.5,512,2,28,0.000647657213800955,0.00020356280247137826,0.0007810807535833002
toeplitz_rho_0.5,512,2,29,0.0006057061162237268,0.00020888092123465995,0.000556227010711023
toeplitz_rho_0.5,512,2,30,0.0009525962002122493,0.004748261185319938,0.0007193583677904425
toeplitz_rho_0.5,512,2,31,0.0005841215799416544,0.0003183455175834807,0.0006327943032698434
toeplitz_rho_0.5,512,2,32,0.0007119323061598541,0.0012899736522029419,0.0006085823539776864
toeplitz_rho_0.5,512,2,33,0.0006720339007949502,0.00033982412738001487,0.000873177278448262
toeplitz_rho_0.5,512,2,34,0.000786516503610773,0.0004812551188493219,0.0011116703791531901
toeplitz_rho_0.5,512,2,35,0.0006592994628033072,5.244392868586875e-05,0.000939995362854241
toeplitz_rho_0.5,512,3,0,0.00011811039248826889,0.00037897807571800346,0.0001316439651564633
toeplitz_rho_0.5,512,3,1,0.00014904334048766282,0.00020162603617910927,9.819646572852063e-05
toeplitz_rho_0.5,512,3,2,0.00012506758221489533,9.261678513567344e-05,0.00011791897734501439
toeplitz_rho_0.5,512,3,3,0.0001418182838950654,0.0006022635100670905,0.0002129310840454567
toeplitz_rho_0.5,512,3,4,0.00011689806273364829,5.194264978527226e-05,0.00010033996312810842
toeplitz_rho_0.5,512,3,5,0.00015995672616624045,0.00017548732533171268,9.959153146562412e-05
toeplitz_rho_0.5,512,3,6,0.00010069091499195198,0.00013999670682190727,8.31728609773828e-05
toeplitz_rho_0.5,512,3,7,0.00013830061871704098,9.707621319264041e-05,0.00012674381398575165
toeplitz_rho_0.5,512,3,8,6.325009707342625e-05,0.000205441576628118,5.7568397735129664e-05
toeplitz_rho_0.5,512,3,9,0.00018164805131638345,9.302758474918798e-05,0.00012860502898687904
toeplitz_rho_0.5,512,3,10,9.481075905228641e-05,0.00035367787821414783,8.149788167869789e-05
toeplitz_rho_0.5,512,3,11,0.00011382424367330252,0.00019801025035583883,8.829168469208992e-05
toeplitz_rho_0.5,512,3,12,9.668594154471921e-05,0.00013500090859518837,0.00010768846954831893
toeplitz_rho_0.5,512,3,13,0.00010323855474291997,8.401176664801026e-05,8.175628412262255e-05
toeplitz_rho_0.5,512,3,14,0.00011145886392898577,0.0001332660915172906,8.162191710657988e-05
toeplitz_rho_0.5,512,3,15,9.290465320944993e-05,6.144911010238076e-05,8.058663805080168e-05
toeplitz_rho_0.5,512,3,16,0.00011198065464793858,9.714438296905278e-05,0.00010425613895325571
toeplitz_rho_0.5,512,3,17,0.00018240857988293787,0.0002867726365656797,0.0001575420958263798
toeplitz_rho_0.5,512,3,18,0.00019240623641203478,0.00010681648573819129,0.00014240564513490247
toeplitz_rho_0.5,512,3,19,0.00012939959744860417,2.6475058771060806e-05,0.00011171349910340617
toeplitz_rho_0.5,512,3,20,0.0003003026419794189,0.000992291450948476,0.0001643901684261435
toeplitz_rho_0.5,512,3,21,8.343501835501369e-05,0.0004014935726708558,7.692683001010638e-05
toeplitz_rho_0.5,512,3,22,0.00012525439016213637,0.00013441462847002024,9.396027304920632e-05
toeplitz_rho_0.5,512,3,23,8.551976384614591e-05,8.195773247209132e-05,8.295792146010009e-05
toeplitz_rho_0.5,512,3,24,0.00014746655361778935,3.57189044457203e-05,0.00011935689271016263
toeplitz_rho_0.5,512,3,25,0.00012520691611757668,0.00011110206417976396,0.00011026683312998447
toeplitz_rho_0.5,512,3,26,7.098436637571373e-05,0.00017696655311899413,7.105367833727859e-05
toeplitz_rho_0.5,512,3,27,0.00013607063640874375,0.00010236571685789001,0.00012184225149747447
toeplitz_rho_0.5,512,3,28,0.00013607749244423073,0.0003910802696812932,0.0001709885067782212
toeplitz_rho_0.5,512,3,29,0.00015667462980309725,0.0005244319284014773,0.00022816665735410493
toeplitz_rho_0.5,512,3,30,0.0001465470439427168,0.00038777433364234543,0.00014347766798171064
toeplitz_rho_0.5,512,3,31,0.00019594833283612784,0.0002483299544366386,0.00016510166398199066
toeplitz_rho_0.5,512,3,32,0.00016244893039790443,0.0005789693182619521,9.566875006915371e-05
toeplitz_rho_0.5,512,3,33,0.00017869457569875683,0.0005065026038694855,0.00010790947348967108
toeplitz_rho_0.5,512,3,34,9.785456488235295e-05,0.000213406326192646,0.00011124187162243584
toeplitz_rho_0.5,512,3,35,0.00025613914551375573,0.00042122810841746847,0.00018092464525691605
toeplitz_rho_0.5,512,4,0,3.545828013379803e-05,0.0016674632336485615,0.00010951700010149077
toeplitz_rho_0.5,512,4,1,0.0002666117596555843,0.0011024166148352209,0.0003272041402415535
toeplitz_rho_0.5,512,4,2,0.00035515424843034416,0.0009515582437124234,0.0003699243507412319
toeplitz_rho_0.5,512,4,3,5.321542748953261e-05,0.0005216125308001946,0.0001805873414280782
toeplitz_rho_0.5,512,4,4,0.0003708559530933423,0.0016390180760069116,0.000393898687059198
toeplitz_rho_0.5,512,4,5,0.00010427439399468106,0.00011641971521797027,0.00023513951853856754
toeplitz_rho_0.5,512,4,6,1.4366606346760271e-05,0.0015875638460330216,0.0003071438316090258
toeplitz_rho_0.5,512,4,7,0.00015440165065906474,0.00020937596731184665,0.0002584098977546718
toeplitz_rho_0.5,512,4,8,6.802885380169964e-05,0.00012911340743417124,0.00024317276241569264
toeplitz_rho_0.5,512,4,9,2.8240503187761848e-06,0.0007404220229516268,0.00020926510319673532
toeplitz_rho_0.5,512,4,10,0.00038319818070595157,0.0009113947551498436,0.0003952877403801139
toeplitz_rho_0.5,512,4,11,0.0001258881435677295,0.0003722916990147898,0.0002248728540058253
toeplitz_rho_0.5,512,4,12,0.0002892803827388945,0.0013720434922977324,0.0003448716007856665
toeplitz_rho_0.5,512,4,13,0.00017240692393747232,0.0006713964328812559,0.0002582767139010997
toeplitz_rho_0.5,512,4,14,8.449350123357542e-05,0.0014376493286478772,0.000399664544384487
toeplitz_rho_0.5,512,4,15,0.00012284668173228406,0.0005152011870435839,0.000259967097310622
toeplitz_rho_0.5,512,4,16,0.00016702340818394517,0.00043395402132371424,0.0002622484925147682
toeplitz_rho_0.5,512,4,17,7.152705236529805e-05,0.0003742264106069834,0.00018573397930047735
toeplitz_rho_0.5,512,4,18,0.00013752133548906216,0.0009519845723020869,0.00023996500749971368
toeplitz_rho_0.5,512,4,19,0.0001153872970700691,0.0003503273885918209,0.00028597360947361456
toeplitz_rho_0.5,512,4,20,2.7940599462777835e-05,0.0009752328360882806,0.00019413246804166238
toeplitz_rho_0.5,512,4,21,8.416334102135447e-05,0.0007110295412452131,0.0002763621918479938
toeplitz_rho_0.5,512,4,22,0.0001903318489851795,0.0009982456896744317,0.00027048990014301894
toeplitz_rho_0.5,512,4,23,0.00010631237475286492,7.584187438242158e-05,0.00024854306912362864
toeplitz_rho_0.5,512,4,24,0.0002267393639230013,0.00039942308114634516,0.0003118309342985854
toeplitz_rho_0.5,512,4,25,1.6342062924396048e-05,0.0005835484524558887,0.00016419971991632953
toeplitz_rho_0.5,512,4,26,0.00014377231085923572,0.000580704766049372,0.0002872477659276402
toeplitz_rho_0.5,512,4,27,7.359584967081332e-06,0.0006491321563995428,0.0002040336830992475
toeplitz_rho_0.5,512,4,28,2.4059927571236418e-05,0.00015001800354721924,0.00021986927158923488
toeplitz_rho_0.5,512,4,29,0.0001848934317981557,0.0005894130425442429,0.0002740524692566407
toeplitz_rho_0.5,512,4,30,3.1984006809359194e-06,0.001012083560517295,0.0002420354147406578
toeplitz_rho_0.5,512,4,31,0.00011104030634689998,0.0001554243575474382,0.00023049553846818778
toeplitz_rho_0.5,512,4,32,0.00013133245756854535,0.0010007195509252644,0.00030956686299186097
toeplitz_rho_0.5,512,4,33,8.817014685655863e-05,0.00026277081618115283,0.00023734535395901265
toeplitz_rho_0.5,512,4,34,5.196198996978944e-05,0.0005079737199292194,0.00022174278794052734
toeplitz_rho_0.5,512,4,35,7.658215915434886e-05,0.0005271729505099119,0.0002750554510975119
toeplitz_rho_0.5,512,5,0,0.0005009616961536857,6.627124450360644e-05,0.000443217877388023
toeplitz_rho_0.5,512,5,1,0.0005848777449394864,0.00013858446357624597,0.0005209906363502241
toeplitz_rho_0.5,512,5,2,0.00046003624064415536,8.177551469052555e-05,0.0004113151377136814
toeplitz_rho_0.5,512,5,3,0.0006594177205204594,0.00023764148067877098,0.0005602264818174919
toeplitz_rho_0.5,512,5,4,0.0006054450051674659,0.00027398477953933435,0.0005154166667048021
toeplitz_rho_0.5,512,5,5,0.0006703171837037397,0.00025957860339090636,0.0006488618478087984
toeplitz_rho_0.5,512,5,6,0.0005099043339607361,2.935810948289539e-05,0.00046071096316401396
toeplitz_rho_0.5,512,5,7,0.0003423931847119039,0.0004981092059669817,0.0002536211913425525
toeplitz_rho_0.5,512,5,8,0.0004030891368928095,0.00019462503596631882,0.00036062024651390995
toeplitz_rho_0.5,512,5,9,0.0004375335445765001,0.0001369309475801928,0.00039231246335512583
toeplitz_rho_0.5,512,5,10,0.0004135135584636046,0.0001320084802143601,0.0003358078039444336
toeplitz_rho_0.5,512,5,11,0.0005989860725622545,0.00019528903911352264,0.0005605666613323469
toeplitz_rho_0.5,512,5,12,0.000566358032937498,0.0001193040008542996,0.0005010511820908406
toeplitz_rho_0.5,512,5,13,0.00040003858125038264,0.00019655751899300998,0.0003447495913970873
toeplitz_rho_0.5,512,5,14,0.000674630831504975,0.0001640080893240004,0.0005854560833773511
toeplitz_rho_0.5,512,5,15,0.00046396813293278125,9.22844220944186e-05,0.0004337524538475637
toeplitz_rho_0.5,512,5,16,0.0008317944207752959,0.0007724636073423299,0.0007004722769787597
toeplitz_rho_0.5,512,5,17,0.000485342332095527,0.00010693889166047901,0.00039880814297572225
toeplitz_rho_0.5,512,5,18,0.0005524992687978428,8.964584805804539e-05,0.0005110126243363633
toeplitz_rho_0.5,512,5,19,0.0006430896440273521,0.00014533027492105212,0.0005634393745867496
toeplitz_rho_0.5,512,5,20,0.0004210816557791884,0.00011705295246737415,0.0003816525989102994
toeplitz_rho_0.5,512,5,21,0.0006039588526963718,0.00019753982892557417,0.0005915474916605278
toeplitz_rho_0.5,512,5,22,0.000511868539894794,0.00010355046661586907,0.00044148343652234865
toeplitz_rho_0.5,512,5,23,0.0003714861587896588,7.728057905989416e-05,0.00029092123147997763
toeplitz_rho_0.5,512,5,24,0.0005929903004789947,5.3983856655972695e-05,0.0005511720723649614
toeplitz_rho_0.5,512,5,25,0.00040679448349357724,3.628432905568493e-05,0.00034316947309389776
toeplitz_rho_0.5,512,5,26,0.00044786103167609965,2.298498395793825e-05,0.0003795870335547159
toeplitz_rho_0.5,512,5,27,0.00038959452022681155,7.152570480025973e-05,0.0003294952688048958
toeplitz_rho_0.5,512,5,28,0.0004979415219310698,1.9619524369568e-05,0.00044814265472453593
toeplitz_rho_0.5,512,5,29,0.0003772967333438685,0.00022492470380094763,0.0003318557284123962
toeplitz_rho_0.5,512,5,30,0.0007386175341728733,0.0003381972828389333,0.0006303384658448543
toeplitz_rho_0.5,512,5,31,0.0005255559834297382,0.0001944861497222892,0.0005185936081736228
toeplitz_rho_0.5,512,5,32,0.00042755743359851247,0.00014374926456272197,0.0003608807316072066
toeplitz_rho_0.5,512,5,33,0.0004808946112913617,0.0002576950935594881,0.00044949069727193933
toeplitz_rho_0.5,512,5,34,0.0005160070911364675,5.7270642063041655e-05,0.0004548740652234487
toeplitz_rho_0.5,512,5,35,0.0005340589700761245,2.532934296181357e-05,0.00046719977761772814
toeplitz_rho_0.5,512,6,0,0.00014985344132924588,0.0012999116118018407,0.00015223370740326128
toeplitz_rho_0.5,512,6,1,0.0002665977958172666,0.0003592032862353807,0.00022961563597090654
toeplitz_rho_0.5,512,6,2,0.00036189322921820297,0.0002646925924070495,0.0003177692290312538
toeplitz_rho_0.5,512,6,3,0.0004848324551026902,0.00027772762139440064,0.0004305791442308351
toeplitz_rho_0.5,512,6,4,0.0005272360618071695,0.0010696928626975492,0.0005019737071701171
toeplitz_rho_0.5,512,6,5,0.0003339933860892756,0.0004049127816206213,0.0002783661463387753
toeplitz_rho_0.5,512,6,6,0.0002199472190387903,0.00025494674662451415,0.00020136199011098403
toeplitz_rho_0.5,512,6,7,0.000441093032088444,0.0003845525006330489,0.00040394851139716626
toeplitz_rho_0.5,512,6,8,0.0007404503493105734,0.0006002597862845675,0.0006668072145173612
toeplitz_rho_0.5,512,6,9,3.325497610426344e-05,0.002358095701446253,5.961934805999268e-05
toeplitz_rho_0.5,512,6,10,0.00015829259538652896,0.00012433585000995212,0.0001382157719795139
toeplitz_rho_0.5,512,6,11,0.00024649836245523016,0.001048964602094625,0.00024841911713246805
toeplitz_rho_0.5,512,6,12,0.00031037763488743584,0.00020675855232443998,0.00027166609983437487
toeplitz_rho_0.5,512,6,13,0.00026640232740208353,6.843237812214793e-05,0.0002445022348159377
toeplitz_rho_0.5,512,6,14,1.3426775402327761e-05,0.0007936389290375333,3.886930175281621e-05
toeplitz_rho_0.5,512,6,15,0.00023216435337353064,1.3235366093975404e-05,0.00020902634262749852
toeplitz_rho_0.5,512,6,16,2.0716082688634764e-05,0.0016026735038286739,4.106133948708357e-05
toeplitz_rho_0.5,512,6,17,0.0002501673470844704,3.683623310301723e-05,0.00022706365722876927
toeplitz_rho_0.5,512,6,18,8.01629475339802e-05,0.0003085687828077706,8.581588589383247e-05
toeplitz_rho_0.5,512,6,19,1.0704904275398733e-05,0.0013828734779909291,3.645162347819902e-05
toeplitz_rho_0.5,512,6,20,0.00022072594125729133,0.00010122405003848611,0.00019743475342402962
toeplitz_rho_0.5,512,6,21,4.901448115916411e-05,0.0008941872625123108,6.609459210434404e-05
toeplitz_rho_0.5,512,6,22,0.0005043153078571953,0.000257437027860555,0.0004396828661087891
toeplitz_rho_0.5,512,6,23,0.00010105459303523145,0.0010717348419009912,9.949912322727617e-05
toeplitz_rho_0.5,512,6,24,3.123751972638067e-05,0.002732616608263824,9.026144080553722e-05
toeplitz_rho_0.5,512,6,25,0.00022836108788187027,0.0003590601755336741,0.0001965245555207985
toeplitz_rho_0.5,512,6,26,0.0002211648531488959,0.0002462512046143084,0.00020324150280028565
toeplitz_rho_0.5,512,6,27,0.0002591599949363231,0.0001869872709387381,0.00023538891220261884
toeplitz_rho_0.5,512,6,28,0.0005822111440516371,0.0004170953310550482,0.0005247555136851734
toeplitz_rho_0.5,512,6,29,0.00023489828146473508,0.00017618784303482875,0.00022144273116393774
toeplitz_rho_0.5,512,6,30,0.00010875172665806977,0.0002398811468453714,0.0001059427651498731
toeplitz_rho_0.5,512,6,31,0.00026688989753153946,0.00033900771889824893,0.0002248258152266322
toeplitz_rho_0.5,512,6,32,0.00037740853661864544,0.0001283676117800819,0.00033859093232630415
toeplitz_rho_0.5,512,6,33,0.0003520710844893926,6.861353105782706e-05,0.00031426425319596547
toeplitz_rho_0.5,512,6,34,0.00019078009677241526,0.0008204359085632251,0.00019355146612060428
toeplitz_rho_0.5,512,6,35,0.00022447814397833868,0.0005384262337861255,0.00019902607088279374
toeplitz_rho_0.5,512,7,0,0.000291086629293704,0.0005394908538277496,0.0005236472159451447
toeplitz_rho_0.5,512,7,1,0.0003545912887023912,0.0010096138913889018,0.0005981209420006822
toeplitz_rho_0.5,512,7,2,0.0006700251073654236,0.000628572464503239,0.0009103555664942951
toeplitz_rho_0.5,512,7,3,0.00032930519054363036,0.0015773523422037636,0.0004753637684925893
toeplitz_rho_0.5,512,7,4,0.0003563197838889176,0.0009268770437649587,0.0005297165168049968
toeplitz_rho_0.5,512,7,5,0.0001046070824014784,0.000857554044348303,0.00024316274264964482
toeplitz_rho_0.5,512,7,6,0.00037334253923948665,0.0014616957061998263,0.0006556269746293415
toeplitz_rho_0.5,512,7,7,0.0005184127515100809,0.0002626193840061345,0.0007488757397422264
toeplitz_rho_0.5,512,7,8,0.0003709611978983061,0.0006992411817075012,0.000544642255441617
toeplitz_rho_0.5,512,7,9,0.0009187056938731391,0.001831698541602912,0.0013051627017702304
toeplitz_rho_0.5,512,7,10,0.0006827822014158202,0.0018580343751598526,0.001032189607265165
toeplitz_rho_0.5,512,7,11,0.00037169698602891734,0.00034847299379699577,0.0005656994735243686
toeplitz_rho_0.5,512,7,12,0.00017397450001519502,0.0006986406768471293,0.0003370512380745348
toeplitz_rho_0.5,512,7,13,0.00020884371193957409,0.0003850716148912634,0.00041283651945230287
toeplitz_rho_0.5,512,7,14,0.0008630003065888025,0.0012853815225680792,0.0011255946560335159
toeplitz_rho_0.5,512,7,15,0.00034912153570051274,0.0006120716185639264,0.0006047145115493986
toeplitz_rho_0.5,512,7,16,0.0001913802831983588,0.000612901175017822,0.000388745801934453
toeplitz_rho_0.5,512,7,17,0.0005791482597975227,0.00037460543796550563,0.0008677280109457789
toeplitz_rho_0.5,512,7,18,0.00025226040985127095,0.000128248084925498,0.00045475549630862234
toeplitz_rho_0.5,512,7,19,0.0001702955844074553,0.0013911083189731095,0.00031842897565469684
toeplitz_rho_0.5,512,7,20,0.0003473659725821965,7.640734208071804e-05,0.0005576712335565165
toeplitz_rho_0.5,512,7,21,0.0002796093873151977,0.000857159135013017,0.0005084402906909433
toeplitz_rho_0.5,512,7,22,0.00023701409913814956,0.0005062768681361316,0.00045648476490892223
toeplitz_rho_0.5,512,7,23,0.0005489566092046614,0.0009103920216355513,0.0008791890025283738
toeplitz_rho_0.5,512,7,24,0.00027856839886978874,0.0001707289113231396,0.0004693245474335785
toeplitz_rho_0.5,512,7,25,0.00027668765369757954,0.00035953727354329104,0.0005082660774756472
toeplitz_rho_0.5,512,7,26,0.0005885851122635606,0.001398396193755046,0.0008695328443044601
toeplitz_rho_0.5,512,7,27,0.0001950405221130946,0.0008804868739388429,0.00037131635652212666
toeplitz_rho_0.5,512,7,28,0.0003779623372759415,0.0004964810564153199,0.0006172508531751291
toeplitz_rho_0.5,512,7,29,0.00030448388864678016,0.0014422848415938656,0.0005758017982368921
toeplitz_rho_0.5,512,7,30,0.00025001564519879903,0.0004090772727629677,0.00045454315150492196
toeplitz_rho_0.5,512,7,31,0.00028131847002000097,0.00032698613108540894,0.0004930717585087523
toeplitz_rho_0.5,512,7,32,0.0005380615032329439,0.0017302350108691772,0.0008504916346099285
toeplitz_rho_0.5,512,7,33,0.00022714821692512415,0.0008517069555445928,0.0004035809420933293
toeplitz_rho_0.5,512,7,34,0.0003217334181630945,0.00029331649972641683,0.0005363407098202288
toeplitz_rho_0.5,512,7,35,0.0002897367974125463,0.0004828110778034401,0.0004676150209880082
toeplitz_rho_0.5,1024,0,0,0.00014655359530575614,0.00036821581582405206,0.00013505490450957958
toeplitz_rho_0.5,1024,0,1,0.00013288834010677633,0.0006121720209113158,0.00013215466348684746
toeplitz_rho_0.5,1024,0,2,0.00016062673307647935,0.0007080362984248766,0.0001287968757201421
toeplitz_rho_0.5,1024,0,3,0.00017309332892742786,0.0003283808239310777,0.00019044419420905743
toeplitz_rho_0.5,1024,0,4,0.0001581377434858337,0.0008626372787209609,0.0001781282601082696
toeplitz_rho_0.5,1024,0,5,0.00016236301402988202,0.0010448511862119125,0.00022705560886876518
toeplitz_rho_0.5,1024,0,6,0.00012750100260243972,0.0008707315955761402,0.0001307262036974114
toeplitz_rho_0.5,1024,0,7,0.00014026805154602906,0.0007938954710295363,0.00013587136984316036
toeplitz_rho_0.5,1024,0,8,0.0001951155115208877,0.0005311796999510811,0.00018682438597659927
toeplitz_rho_0.5,1024,0,9,0.0001394920842898645,0.0004988677483360756,0.00018780201443638852
toeplitz_rho_0.5,1024,0,10,0.00018881020139251684,0.0007342067857641453,0.00019442764117937126
toeplitz_rho_0.5,1024,0,11,0.00014867908193630825,5.46692033547872e-05,0.00016045693787778158
toeplitz_rho_0.5,1024,0,12,0.00016928503251327037,0.00033802713884535814,0.00019939193122010243
toeplitz_rho_0.5,1024,0,13,0.0001166072699751225,0.0009802281300500385,0.0001591663510025354
toeplitz_rho_0.5,1024,0,14,0.0001436562942641881,0.0012620254380859967,0.00020972167368349132
toeplitz_rho_0.5,1024,0,15,0.00014264396138410944,0.0005032260405296288,0.0001859752010365704
toeplitz_rho_0.5,1024,0,16,0.0002752950275569869,0.0023957703142696383,0.0002852895012159976
toeplitz_rho_0.5,1024,0,17,0.00016115487357949766,0.0005390259675734009,0.00020734866415184845
toeplitz_rho_0.5,1024,0,18,0.00015240255055882162,3.847892454472758e-05,0.00015389338112507917
toeplitz_rho_0.5,1024,0,19,0.00016572370964205053,0.0001232977189406862,0.00015961487710970237
toeplitz_rho_0.5,1024,0,20,0.00029807811175632974,0.0024038714069916723,0.00034630867055336975
toeplitz_rho_0.5,1024,0,21,0.0001278898369705684,0.0004882545804825393,0.00013495032493146506
toeplitz_rho_0.5,1024,0,22,0.00015874383992825212,0.001184112687579647,0.0001221912523496778
toeplitz_rho_0.5,1024,0,23,0.00014100846392721894,0.0005766493954444281,0.00014147160177557151
toeplitz_rho_0.5,1024,0,24,0.00011360688523175446,0.0014264010681057245,0.00020199583991156
toeplitz_rho_0.5,1024,0,25,0.00014183849888306624,0.00046043334173616075,0.00019348584340633487
toeplitz_rho_0.5,1024,0,26,0.00018747487192428215,0.0008916440087172039,0.00018632866875324723
toeplitz_rho_0.5,1024,0,27,0.00018246398204783154,0.0010716006328758511,0.00015012526720949835
toeplitz_rho_0.5,1024,0,28,0.00011203351969097267,0.0013445591389049877,0.0001208109654797882
toeplitz_rho_0.5,1024,0,29,0.00013959330554045047,0.0003898443156836305,0.00017055434135964965
toeplitz_rho_0.5,1024,0,30,0.00017723293175861334,0.0018783786603604885,0.00018323523525243213
toeplitz_rho_0.5,1024,0,31,0.00017109703436479992,0.0008192306022251849,0.00019221856625767968
toeplitz_rho_0.5,1024,0,32,0.0001417970704118359,0.0003357843806529564,0.00014817857137683287
toeplitz_rho_0.5,1024,0,33,0.00016991070817156084,9.028915235327224e-05,0.00016319911676707577
toeplitz_rho_0.5,1024,0,34,0.000147855821488395,0.00021089825064255532,0.00014495773592545973
toeplitz_rho_0.5,1024,0,35,0.00016344134837367174,0.000435989576212855,0.0001634741825259751
toeplitz_rho_0.5,1024,1,0,0.00033347770030199076,0.0005196793517960154,0.0003443229193516241
toeplitz_rho_0.5,1024,1,1,0.00048550116913571346,0.0008344900103590257,0.0005153981595028245
toeplitz_rho_0.5,1024,1,2,0.00048430578466114756,0.00012684057574114332,0.000538231452741565
toeplitz_rho_0.5,1024,1,3,0.0004427715558231056,0.0004428121737818135,0.0004398922208536274
toeplitz_rho_0.5,1024,1,4,0.00047307811626149814,0.0005037689233532091,0.0006297809500868964
toeplitz_rho_0.5,1024,1,5,0.0005295265223328059,0.0001085608758411298,0.0006753099187120535
toeplitz_rho_0.5,1024,1,6,0.00041830416067889314,0.0001661105847456872,0.0004531770890512741
toeplitz_rho_0.5,1024,1,7,0.0005191153059611366,5.541144198102263e-05,0.0006415585746973875
toeplitz_rho_0.5,1024,1,8,0.0005439124243913666,0.001001920040234307,0.0007448479270776809
toeplitz_rho_0.5,1024,1,9,0.00051936571867365,0.0003329145114494094,0.0006319181977940515
toeplitz_rho_0.5,1024,1,10,0.00044758758145405157,0.0002910901508723616,0.0004718647457448798
toeplitz_rho_0.5,1024,1,11,0.00037251547564905646,0.0002539041170005479,0.0003828010043049791
toeplitz_rho_0.5,1024,1,12,0.00047115002352508475,0.00026128945060629094,0.0005473240275668664
toeplitz_rho_0.5,1024,1,13,0.0004758417335732298,0.0014135041122246635,0.0007263822560419158
toeplitz_rho_0.5,1024,1,14,0.0005336512113021197,0.0002790535026632474,0.000713831570129343
toeplitz_rho_0.5,1024,1,15,0.00034440696507861274,0.00042321625104795133,0.00034729298633890163
toeplitz_rho_0.5,1024,1,16,0.0003287573794082251,0.0010780732614925187,0.00031806335508370126
toeplitz_rho_0.5,1024,1,17,0.0003568078825585308,0.0005375692346858444,0.00035432016924521873
toeplitz_rho_0.5,1024,1,18,0.0005925526305680513,0.00022246419507949354,0.0007762808107497053
toeplitz_rho_0.5,1024,1,19,0.0004147991897509014,0.0003113684407869403,0.00041576295679284956
toeplitz_rho_0.5,1024,1,20,0.000594617699220088,0.0001974870463792864,0.0007585995230795048
toeplitz_rho_0.5,1024,1,21,0.0007483966010909626,0.0010526328761184959,0.0010191279081404093
toeplitz_rho_0.5,1024,1,22,0.0007435125045345681,0.0007096070291674639,0.0010838168943633388
toeplitz_rho_0.5,1024,1,23,0.00047604586289936766,0.00016849415630038988,0.000615164190250209
toeplitz_rho_0.5,1024,1,24,0.0005120132518255468,0.00018297051173873615,0.0005696604005336023
toeplitz_rho_0.5,1024,1,25,0.0004947574908916865,0.0001944145597735626,0.0005543428523988917
toeplitz_rho_0.5,1024,1,26,0.00048222835296864906,0.00010748821004166357,0.0005605733454588147
toeplitz_rho_0.5,1024,1,27,0.0005137241265365818,0.0002164888011594923,0.0006416647651846307
toeplitz_rho_0.5,1024,1,28,0.0005082111888392084,0.0002456197714568218,0.0006254534466642947
toeplitz_rho_0.5,1024,1,29,0.0005704571503209506,0.0002625374531159923,0.0006408167057297587
toeplitz_rho_0.5,1024,1,30,0.00043639791387902095,0.0002913911929660288,0.0005049400014606888
toeplitz_rho_0.5,1024,1,31,0.0005071628263235277,0.0003424617739326477,0.0006614276306121654
toeplitz_rho_0.5,1024,1,32,0.0004369736824157448,0.00014436053519324972,0.0005283350140937599
toeplitz_rho_0.5,1024,1,33,0.0003808657337437565,0.0007030277389623839,0.0003838405436745589
toeplitz_rho_0.5,1024,1,34,0.0003813963480702982,0.0003618530861749754,0.0003869415388278968
toeplitz_rho_0.5,1024,1,35,0.0004630451797663475,0.00041046548102071636,0.0005631571471876066
toeplitz_rho_0.5,1024,2,0,9.219726805300558e-06,0.0003061308626557789,1.1118226189435604e-05
toeplitz_rho_0.5,1024,2,1,9.174401579250156e-06,0.00035069997488676056,1.185182409229766e-05
toeplitz_rho_0.5,1024,2,2,4.024793765874709e-05,0.0005680888999394472,2.616948664194291e-05
toeplitz_rho_0.5,1024,2,3,1.3347778488336027e-05,4.306386277778041e-05,3.154791841521328e-05
toeplitz_rho_0.5,1024,2,4,1.119225556955309e-05,0.0002855086344062111,1.5597562665350693e-05
toeplitz_rho_0.5,1024,2,5,2.418524512069937e-05,0.00017870715989673882,5.627541736337536e-05
toeplitz_rho_0.5,1024,2,6,1.6575707112930275e-05,2.4710921840205596e-05,3.639747732479241e-05
toeplitz_rho_0.5,1024,2,7,1.0653192715277702e-05,6.486486602300226e-05,1.4490706994311909e-05
toeplitz_rho_0.5,1024,2,8,3.1073380812495347e-05,0.00023333961458096527,6.420062458733404e-05
toeplitz_rho_0.5,1024,2,9,1.670839797251472e-05,0.00021509270185149585,2.516765897322325e-05
toeplitz_rho_0.5,1024,2,10,1.5819826400488648e-05,0.0001463765982499712,2.4832697824999136e-05
toeplitz_rho_0.5,1024,2,11,1.4473352164556988e-05,9.476995647686257e-05,3.492326384633935e-05
toeplitz_rho_0.5,1024,2,12,2.0122937561696344e-05,9.247209999238089e-05,4.6041948204706256e-05
toeplitz_rho_0.5,1024,2,13,2.4684465047752504e-05,0.00039009295873971477,1.893483171410874e-05
toeplitz_rho_0.5,1024,2,14,1.1515185308301141e-05,0.00018695531940403617,2.0711492402464728e-05
toeplitz_rho_0.5,1024,2,15,1.8965603061201107e-05,8.917094547213724e-05,1.6453449593045305e-05
toeplitz_rho_0.5,1024,2,16,1.1973057431918308e-05,4.315420318122919e-05,2.585953060678433e-05
toeplitz_rho_0.5,1024,2,17,1.587991375154793e-05,9.170552360732349e-05,2.023150349768246e-05
toeplitz_rho_0.5,1024,2,18,1.6108460344105953e-05,0.0002343873369281721,4.454331967284944e-05
toeplitz_rho_0.5,1024,2,19,1.502949064565666e-05,0.00015730920182093427,3.501383977025591e-05
toeplitz_rho_0.5,1024,2,20,1.1201278068317814e-05,0.00018741309337799703,1.1817622771326857e-05
toeplitz_rho_0.5,1024,2,21,8.497648766626432e-06,0.00039252487522854323,1.1319169447642108e-05
toeplitz_rho_0.5,1024,2,22,2.4851419860447245e-05,0.0002636215382537989,3.763195329575072e-05
toeplitz_rho_0.5,1024,2,23,2.1793822242850524e-05,0.00013615006823992025,5.114477763065184e-05
toeplitz_rho_0.5,1024,2,24,1.7184337970970614e-05,0.00048341489311218,1.793466709525366e-05
toeplitz_rho_0.5,1024,2,25,1.4626318030510174e-05,0.00014935705597152708,2.6660811958228384e-05
toeplitz_rho_0.5,1024,2,26,1.4479848182882507e-05,0.0002015089006444436,3.3164883735832746e-05
toeplitz_rho_0.5,1024,2,27,2.7368241316151763e-05,0.0005700732485346605,2.8089621853507132e-05
toeplitz_rho_0.5,1024,2,28,1.111686140128335e-05,0.00020086828348403498,2.4785153954456125e-05
toeplitz_rho_0.5,1024,2,29,1.6955435469053093e-05,0.0004521896052619806,1.5575707858784648e-05
toeplitz_rho_0.5,1024,2,30,1.4928264453199465e-05,7.519745255525105e-05,1.5983624887873027e-05
toeplitz_rho_0.5,1024,2,31,1.540890581897078e-05,0.0002893690661002902,2.6658053984783154e-05
toeplitz_rho_0.5,1024,2,32,1.6381378264485464e-05,3.0424632349843697e-05,4.0304809964392397e-05
toeplitz_rho_0.5,1024,2,33,4.755799730840333e-05,0.0010099081616057493,4.502475201872211e-05
toeplitz_rho_0.5,1024,2,34,1.1249439602865195e-05,0.00022688422060623494,1.598423322176315e-05
toeplitz_rho_0.5,1024,2,35,1.1196800563547306e-05,0.00011621462158402425,1.6193113734080868e-05
toeplitz_rho_0.5,1024,3,0,0.00033317205709772755,0.0003770538375271698,0.00020747070529962832
toeplitz_rho_0.5,1024,3,1,0.0002928702092704485,0.0003903651067793917,0.00017327012822665553
toeplitz_rho_0.5,1024,3,2,0.00019527619535157956,0.0007756666535912006,0.00011430472067334746
toeplitz_rho_0.5,1024,3,3,0.0004287818853753653,0.00040656114297305137,0.0002678703037025796
toeplitz_rho_0.5,1024,3,4,0.0002657795672022236,0.000626499345075392,0.00016534897410556813
toeplitz_rho_0.5,1024,3,5,0.00013522225979502165,0.0003974637943013274,7.028726472587017e-05
toeplitz_rho_0.5,1024,3,6,8.757030642674053e-05,0.00018069287322799863,5.1754504259851424e-05
toeplitz_rho_0.5,1024,3,7,0.0003992019274539957,0.0005664908565838321,0.000257251092203276
toeplitz_rho_0.5,1024,3,8,0.00013072863669248927,0.00015231600931784781,7.238810878620061e-05
toeplitz_rho_0.5,1024,3,9,0.00020865188478444888,1.4094918893240284e-05,0.000122466709505797
toeplitz_rho_0.5,1024,3,10,0.0005454244047988555,0.0016381683307824392,0.0003475998437907237
toeplitz_rho_0.5,1024,3,11,0.00047813071213338666,0.0006058669653671745,0.00030458677116464514
toeplitz_rho_0.5,1024,3,12,0.00013283703479927063,0.0005164418058392791,7.308957523192994e-05
toeplitz_rho_0.5,1024,3,13,8.126235586553449e-05,0.0003707663577673504,4.877393971951459e-05
toeplitz_rho_0.5,1024,3,14,0.00027094474851819574,0.00034878590541410676,0.0001713903586869628
toeplitz_rho_0.5,1024,3,15,0.0004176976793075399,0.00037384721887296875,0.0002476206779830457
toeplitz_rho_0.5,1024,3,16,0.0002806600295637619,0.0005112127370141239,0.00017636865053280215
toeplitz_rho_0.5,1024,3,17,0.00013397108266844477,0.0005569696759826953,7.296700448999313e-05
toeplitz_rho_0.5,1024,3,18,7.167036625969917e-05,0.0005663188366668675,4.7407851658138125e-05
toeplitz_rho_0.5,1024,3,19,0.00033089223897356484,0.0005856383632697671,0.00019831251702457254
toeplitz_rho_0.5,1024,3,20,0.00018114165449735863,4.1051785961435824e-05,0.00010248208984801537
toeplitz_rho_0.5,1024,3,21,0.00019565216448652273,0.0005004653816908834,0.00011600557081765276
toeplitz_rho_0.5,1024,3,22,0.00028541478867620627,0.00033457418748319273,0.00017546704294612865
toeplitz_rho_0.5,1024,3,23,0.00016073871891814388,0.0005254532748553535,0.00010072171950095872
toeplitz_rho_0.5,1024,3,24,0.0001354586321347599,9.959317776830632e-05,8.003745912338416e-05
toeplitz_rho_0.5,1024,3,25,0.0001358184564950914,5.0566791222619944e-05,7.72560537241255e-05
toeplitz_rho_0.5,1024,3,26,0.00011253191827141275,0.0001217910848024957,6.588924231496421e-05
toeplitz_rho_0.5,1024,3,27,0.00014095430818820276,0.0003843909675327569,8.153732879085145e-05
toeplitz_rho_0.5,1024,3,28,8.503482632103135e-05,0.0007966914808243368,5.507395588669451e-05
toeplitz_rho_0.5,1024,3,29,0.0002700514353139859,0.00037380909091701763,0.0001552802142099336
toeplitz_rho_0.5,1024,3,30,0.0001275750601637034,5.722924385296351e-05,7.361995217007885e-05
toeplitz_rho_0.5,1024,3,31,0.00010283366126403545,0.0004169498409422042,5.8074588581721915e-05
toeplitz_rho_0.5,1024,3,32,0.00020687351208298482,0.0003225859604544344,0.0001290804143277088
toeplitz_rho_0.5,1024,3,33,0.0006346230901070823,0.0013208298782849686,0.00038636493414814186
toeplitz_rho_0.5,1024,3,34,0.00011306500705535881,0.00044659340190615436,6.598907988698609e-05
toeplitz_rho_0.5,1024,3,35,0.00015214661026662166,0.0002051760703881007,8.787578128439744e-05
toeplitz_rho_0.5,1024,4,0,0.00010087883662106804,0.00012678158484033926,0.00010584327141101973
toeplitz_rho_0.5,1024,4,1,8.310828387845692e-05,9.638756005366506e-05,8.077133051561449e-05
toeplitz_rho_0.5,1024,4,2,0.00011087521886563826,0.00011814980877667802,0.00013061284929401725
toeplitz_rho_0.5,1024,4,3,7.439524023944556e-05,0.00015891553175983363,0.00010146333572076971
toeplitz_rho_0.5,1024,4,4,8.550329019762191e-05,0.00019828147401328386,0.00010435207061641496
toeplitz_rho_0.5,1024,4,5,0.00011759361123323823,0.00019094304769095877,0.00014289396145611953
toeplitz_rho_0.5,1024,4,6,8.678382921513934e-05,5.798443438805506e-05,0.00011334872088226065
toeplitz_rho_0.5,1024,4,7,8.52669072175837e-05,5.0569564615374694e-05,0.00012303764471180268
toeplitz_rho_0.5,1024,4,8,8.879157536234009e-05,0.00018146951502583325,0.00015682828981173927
toeplitz_rho_0.5,1024,4,9,8.157124443350075e-05,0.00013261333055224087,9.204867750860239e-05
toeplitz_rho_0.5,1024,4,10,9.01829928368109e-05,0.0001739338717248,0.00011119579547666638
toeplitz_rho_0.5,1024,4,11,7.654512290919742e-05,0.00010071753822263976,8.701110752279374e-05
toeplitz_rho_0.5,1024,4,12,7.769825944222474e-05,0.00011292598204992648,9.938197841565756e-05
toeplitz_rho_0.5,1024,4,13,9.127728746055968e-05,0.00012657334105469137,0.00010907895969616001
toeplitz_rho_0.5,1024,4,14,8.956831765242232e-05,0.00012172047401293332,0.00011487512728587166
toeplitz_rho_0.5,1024,4,15,7.460040838927197e-05,4.700624542351696e-05,0.00011677238196890881
toeplitz_rho_0.5,1024,4,16,7.93440473238296e-05,0.0001497041669544511,0.00012138387134484167
toeplitz_rho_0.5,1024,4,17,9.34149919082475e-05,4.717632059683555e-05,0.00012356235847772731
toeplitz_rho_0.5,1024,4,18,0.00010452122621859848,0.0001012005430335387,0.00011941162207855623
toeplitz_rho_0.5,1024,4,19,0.00010714902463388083,0.0005789535985267572,0.00019064047133205325
toeplitz_rho_0.5,1024,4,20,7.009645436777659e-05,0.00016383143805079255,0.00011614805194649576
toeplitz_rho_0.5,1024,4,21,6.790198944847176e-05,0.0001650053335259977,0.00010365977089562538
toeplitz_rho_0.5,1024,4,22,8.308615755395028e-05,0.0005609819080927991,0.00010430749496355655
toeplitz_rho_0.5,1024,4,23,0.00011008114277597104,9.261001039788074e-05,0.00014712766312670116
toeplitz_rho_0.5,1024,4,24,8.438833558857913e-05,2.4154523763146894e-05,9.683906214403914e-05
toeplitz_rho_0.5,1024,4,25,9.482604875659222e-05,1.2721167404599096e-05,0.0001106286574013847
toeplitz_rho_0.5,1024,4,26,6.630687435044807e-05,0.0002762789637459082,8.310050856922968e-05
toeplitz_rho_0.5,1024,4,27,8.911388045253061e-05,1.9516871888405475e-05,9.989091969512592e-05
toeplitz_rho_0.5,1024,4,28,7.482606791073e-05,0.0008804846504011806,0.0001934124092391035
toeplitz_rho_0.5,1024,4,29,9.795213115286697e-05,0.00019315266535293782,0.00014355525561896598
toeplitz_rho_0.5,1024,4,30,0.00011560144327605081,0.00010970738243237457,0.00013024526448245425
toeplitz_rho_0.5,1024,4,31,9.127195308727944e-05,0.00010133574998321192,0.0001047127603443315
toeplitz_rho_0.5,1024,4,32,9.890431043779566e-05,6.172828638646449e-05,0.0001250359420880928
toeplitz_rho_0.5,1024,4,33,7.191161828316648e-05,0.00015396079074721486,0.00010514798342702321
toeplitz_rho_0.5,1024,4,34,0.00010323496835602722,0.00027689329237241063,0.00015772914345810556
toeplitz_rho_0.5,1024,4,35,0.00010456496157103726,8.436511758485443e-05,0.00012979751123271745
toeplitz_rho_0.5,1024,5,0,0.0007359066879037798,0.0003385558418882115,0.0004087040334698268
toeplitz_rho_0.5,1024,5,1,0.000868725382541828,0.00017124646544045555,0.000512374813234858
toeplitz_rho_0.5,1024,5,2,0.0009294485594521453,0.0003737214608823404,0.0005953141836561287
toeplitz_rho_0.5,1024,5,3,0.0007074633124882202,0.00012409494202819072,0.00037781015268888044
toeplitz_rho_0.5,1024,5,4,0.0007120660189766763,7.535902779016505e-05,0.00038471259700334953
toeplitz_rho_0.5,1024,5,5,0.0005690319783687896,0.0004888529303146475,0.0003045655765950639
toeplitz_rho_0.5,1024,5,6,0.00068505843479281,0.00012491487840392678,0.00036276784164877694
toeplitz_rho_0.5,1024,5,7,0.0007890651368879778,1.9535029721603293e-05,0.0004394075880341488
toeplitz_rho_0.5,1024,5,8,0.0008758746983789955,0.00012579958847317032,0.0005201083053011764
toeplitz_rho_0.5,1024,5,9,0.0006862534900926233,0.0001263117540284311,0.0003668263078287021
toeplitz_rho_0.5,1024,5,10,0.0009728052228115036,0.00042749003142790606,0.0006643358619046933
toeplitz_rho_0.5,1024,5,11,0.0009117811638893204,0.00013711183587598733,0.000559485121796106
toeplitz_rho_0.5,1024,5,12,0.0006754078508565361,0.00017289069415766096,0.0003577187685566005
toeplitz_rho_0.5,1024,5,13,0.0006054661517915395,0.00030745420678106116,0.00031940095659603086
toeplitz_rho_0.5,1024,5,14,0.000835960759062427,0.00029864029216661086,0.0004923304085529602
toeplitz_rho_0.5,1024,5,15,0.0005547405256826966,0.0007107230674646961,0.00029757818358231553
toeplitz_rho_0.5,1024,5,16,0.0007894989417589131,0.0003018455803795296,0.0004431108916524187
toeplitz_rho_0.5,1024,5,17,0.0010034265780556604,0.0002546406262792408,0.0006920542741757749
toeplitz_rho_0.5,1024,5,18,0.0005633036120480644,0.0007742679574860693,0.0002968815133099863
toeplitz_rho_0.5,1024,5,19,0.000626711319966856,0.0002620627172299662,0.00033026297333250244
toeplitz_rho_0.5,1024,5,20,0.000677624858389583,0.00027197406673988285,0.00035905103062545133
toeplitz_rho_0.5,1024,5,21,0.0010048751728933937,0.00034324808720855466,0.0006807117204756445
toeplitz_rho_0.5,1024,5,22,0.0007350991866335401,0.00018752349675052812,0.000398061646915537
toeplitz_rho_0.5,1024,5,23,0.0008727299225448227,0.00011780062007350618,0.0005204609050367696
toeplitz_rho_0.5,1024,5,24,0.0006908017405069409,5.698771975874026e-05,0.00036820824346923454
toeplitz_rho_0.5,1024,5,25,0.0009108051282819519,0.0001970606849456454,0.0005687508983588366
toeplitz_rho_0.5,1024,5,26,0.0006600184743894687,0.00029034534697666735,0.0003495916765343383
toeplitz_rho_0.5,1024,5,27,0.0006001592034007228,0.00023072700496413817,0.0003155090719598759
toeplitz_rho_0.5,1024,5,28,0.0010700370110765952,0.00035491699613925305,0.0008369534764619253
toeplitz_rho_0.5,1024,5,29,0.0010030724551075986,0.0003211774738756675,0.0006808056152683309
toeplitz_rho_0.5,1024,5,30,0.000624098687024912,0.00047782307922983623,0.0003292881905664595
toeplitz_rho_0.5,1024,5,31,0.0011320778178063788,0.0006293877176593221,0.001014433357484034
toeplitz_rho_0.5,1024,5,32,0.0010484354059281428,0.00026343002501528546,0.0007742839601374663
toeplitz_rho_0.5,1024,5,33,0.0010402583188243027,0.0002863497820225771,0.0007492739441276209
toeplitz_rho_0.5,1024,5,34,0.0006069525402645295,0.000499563550441319,0.0003227308512674498
toeplitz_rho_0.5,1024,5,35,0.0008261324715092221,0.0009153707614592689,0.00048560528080071223
toeplitz_rho_0.5,1024,6,0,0.00012827697697275818,0.00013616090849116337,0.00010549026083930124
toeplitz_rho_0.5,1024,6,1,0.0001264240054791949,0.00011647514268854646,9.464133342404276e-05
toeplitz_rho_0.5,1024,6,2,0.00011427052085011673,5.069724445642808e-05,9.796372055604326e-05
toeplitz_rho_0.5,1024,6,3,9.845017841136638e-05,4.9626196043009784e-05,8.464878279678946e-05
toeplitz_rho_0.5,1024,6,4,0.00012816502338210278,0.00022109751473273925,9.58231550591679e-05
toeplitz_rho_0.5,1024,6,5,0.0001267214176751443,4.384611176739934e-05,0.00010055370291159405
toeplitz_rho_0.5,1024,6,6,8.278316029380684e-05,7.374163245949779e-05,7.978896938166399e-05
toeplitz_rho_0.5,1024,6,7,0.00010298420330744185,2.4333862632229495e-05,8.729328133859482e-05
toeplitz_rho_0.5,1024,6,8,0.000121274877654864,5.530327076505111e-05,8.804293975027118e-05
toeplitz_rho_0.5,1024,6,9,0.00010616922888071834,0.0003076792807291353,7.946929461670916e-05
toeplitz_rho_0.5,1024,6,10,0.0001085304384940243,0.00026944399679003665,8.617492099583201e-05
toeplitz_rho_0.5,1024,6,11,0.00014201167060497557,0.00048731186398465393,0.00011030844415275956
toeplitz_rho_0.5,1024,6,12,0.00010805133875304974,3.396599274979528e-05,8.650431268020968e-05
toeplitz_rho_0.5,1024,6,13,0.0001218400392696479,5.4816856419531577e-05,9.325490219648885e-05
toeplitz_rho_0.5,1024,6,14,0.00012241759670510394,0.00011824702628387687,0.00010416527340531903
toeplitz_rho_0.5,1024,6,15,0.0001201971785693397,3.7641730516574506e-05,8.955274899382208e-05
toeplitz_rho_0.5,1024,6,16,0.0001185903630292201,5.792362671051202e-05,8.901732109478676e-05
toeplitz_rho_0.5,1024,6,17,0.00011577507569024649,3.0988074221000957e-05,9.028721718834313e-05
toeplitz_rho_0.5,1024,6,18,0.00012027031187912585,9.685313746873021e-05,8.690999973705043e-05
toeplitz_rho_0.5,1024,6,19,0.000136604148536684,0.0001679075698054819,9.647225220595525e-05
toeplitz_rho_0.5,1024,6,20,0.00012569944727615522,6.922282412762558e-05,9.61981347945025e-05
toeplitz_rho_0.5,1024,6,21,0.00010999807364514647,0.00016258167227872465,9.026920472659871e-05
toeplitz_rho_0.5,1024,6,22,0.00013844892048281226,0.00014945946134710462,9.243899041317843e-05
toeplitz_rho_0.5,1024,6,23,0.00010882681088913767,7.281769160028253e-05,9.161120447361947e-05
toeplitz_rho_0.5,1024,6,24,9.591229015500781e-05,0.00011434683915112336,8.595680293108009e-05
toeplitz_rho_0.5,1024,6,25,0.00010319349375615581,3.505732310453473e-05,8.967403137030655e-05
toeplitz_rho_0.5,1024,6,26,0.00012167915569363394,8.09237845852096e-05,0.00010443687910128473
toeplitz_rho_0.5,1024,6,27,0.00013890088576712053,0.00020082233701247267,0.00010455126230053619
toeplitz_rho_0.5,1024,6,28,0.00011795409207972777,0.0001399590391199799,9.435695048108083e-05
toeplitz_rho_0.5,1024,6,29,0.00010894191007703948,0.00012214287961494457,9.263429967643912e-05
toeplitz_rho_0.5,1024,6,30,0.00012022191969697468,6.365394679222273e-06,9.152130491547635e-05
toeplitz_rho_0.5,1024,6,31,0.00013461989953038984,0.00017511248916254782,8.901677482436973e-05
toeplitz_rho_0.5,1024,6,32,0.00012250814117908179,0.00011688097508603304,8.886915748296462e-05
toeplitz_rho_0.5,1024,6,33,0.00010877501664743959,3.2385684102405714e-05,9.053267032484552e-05
toeplitz_rho_0.5,1024,6,34,0.0001258272704886288,0.00010285303962127502,9.893287145021644e-05
toeplitz_rho_0.5,1024,6,35,9.83205014750456e-05,5.035654612551812e-05,8.72238774751492e-05
toeplitz_rho_0.5,1024,7,0,0.0002783944320083923,9.787211778610041e-05,0.00038906622324057975
toeplitz_rho_0.5,1024,7,1,0.0002776869526986186,5.726440488456671e-05,0.00039907082862731267
toeplitz_rho_0.5,1024,7,2,0.00027470659140689144,3.97312371314621e-05,0.0004007909122083028
toeplitz_rho_0.5,1024,7,3,0.0002545901812185213,4.118788510149463e-05,0.0003778426354265113
toeplitz_rho_0.5,1024,7,4,0.000262455457004424,0.00019605934944895428,0.0003906027567510427
toeplitz_rho_0.5,1024,7,5,0.0002468505887475477,0.00017686547427216983,0.0004028297222434012
toeplitz_rho_0.5,1024,7,6,0.00026904093362510855,2.381041334934217e-05,0.0003891063550165252
toeplitz_rho_0.5,1024,7,7,0.0002861309055914046,7.906312231771421e-05,0.00039359614654424773
toeplitz_rho_0.5,1024,7,8,0.00028121985740924823,0.00016530503774656415,0.0003909318807295844
toeplitz_rho_0.5,1024,7,9,0.0003177426717285949,0.00015820260086454782,0.00048434201600223677
toeplitz_rho_0.5,1024,7,10,0.00026311146944563027,3.941803605097748e-06,0.00039345794785461115
toeplitz_rho_0.5,1024,7,11,0.0002647731125403628,0.00014323369568770692,0.0004100713001348325
toeplitz_rho_0.5,1024,7,12,0.0003229856848264273,0.00010743248516480251,0.00048600045386408997
toeplitz_rho_0.5,1024,7,13,0.00024659319770208694,0.0001788914769839038,0.0003790671852017928
toeplitz_rho_0.5,1024,7,14,0.0002843240227438171,7.763441981691402e-05,0.00042323385217972795
toeplitz_rho_0.5,1024,7,15,0.00045376875025722235,0.0005475035971035196,0.000557479030896361
toeplitz_rho_0.5,1024,7,16,0.00025648659395949205,2.6832457161732603e-05,0.00037760374526307696
toeplitz_rho_0.5,1024,7,17,0.00024950734074105223,0.00014309129764681676,0.0003937790711284086
toeplitz_rho_0.5,1024,7,18,0.0002801969378362625,0.0003253669170018156,0.00042418990656396474
toeplitz_rho_0.5,1024,7,19,0.0003402140171282431,0.00021817499379025803,0.0004432024257403467
toeplitz_rho_0.5,1024,7,20,0.00028188896280637043,0.00013245268577611084,0.0004274327786825528
toeplitz_rho_0.5,1024,7,21,0.0002520669377498682,0.0004007094375094978,0.00039313959559396383
toeplitz_rho_0.5,1024,7,22,0.0003462868386997579,0.0007864201104435076,0.0005246878809159194
toeplitz_rho_0.5,1024,7,23,0.0003047468581641185,0.0002603645207367071,0.0005057331476218043
toeplitz_rho_0.5,1024,7,24,0.0002559023900610597,0.0002857800572197418,0.00042365074453314214
toeplitz_rho_0.5,1024,7,25,0.00044215453644475824,0.00041570225460015747,0.0006617091281476848
toeplitz_rho_0.5,1024,7,26,0.000249193725077456,0.00022064074471524734,0.0003762765691162184
toeplitz_rho_0.5,1024,7,27,0.0002719556766979758,8.789194465152653e-05,0.0003797321393350638
toeplitz_rho_0.5,1024,7,28,0.00026425570835447975,7.665527653212804e-05,0.00038635702049223165
toeplitz_rho_0.5,1024,7,29,0.00025478840702103275,1.624015158452579e-05,0.00039644734261415685
toeplitz_rho_0.5,1024,7,30,0.00026133949483576934,1.3304378062010527e-05,0.00038134193401245103
toeplitz_rho_0.5,1024,7,31,0.00023509729563118905,0.0003423990821047112,0.00036930182438086505
toeplitz_rho_0.5,1024,7,32,0.0002780749543408241,0.0002701537481894262,0.00041535683218179176
toeplitz_rho_0.5,1024,7,33,0.00024099309884433528,0.0001058513949392711,0.0003937449011593524
toeplitz_rho_0.5,1024,7,34,0.0003202781607609101,0.00020495338579154169,0.0005114135625170745
toeplitz_rho_0.5,1024,7,35,0.0002822725635590849,0.00010809511881616937,0.00038836388567211683
rotated_condition_8,16,0,0,0.033116495879960586,0.09957697561144851,0.020536456933016933
rotated_condition_8,16,0,1,0.010165415720572968,0.03150544203531694,0.010294809341452988
rotated_condition_8,16,0,2,0.01782106725512027,0.1075389796071198,0.01087488911573566
rotated_condition_8,16,0,3,0.011318394275439854,0.006678882026125788,0.011078657095543263
rotated_condition_8,16,0,4,0.01184064974826289,0.006643052320170679,0.011418630270710831
rotated_condition_8,16,0,5,0.01192525235616864,0.017147039672619362,0.013264765469538952
rotated_condition_8,16,0,6,0.02192325515538638,0.020471889295588287,0.014208161726974079
rotated_condition_8,16,0,7,0.01557957095630132,0.02385717670725547,0.012984242532340335
rotated_condition_8,16,0,8,0.11013459217788049,0.36070005919049974,0.05853084775617384
rotated_condition_8,16,0,9,0.02534670740956607,0.031463775744675876,0.017065009400372123
rotated_condition_8,16,0,10,0.015775204536386048,0.022249791168709086,0.012241399909072628
rotated_condition_8,16,0,11,0.012126921291550326,0.012342967473132039,0.010446257819059073
rotated_condition_8,16,0,12,0.015088584033395514,0.01763486674488976,0.013207380304370747
rotated_condition_8,16,0,13,0.011432487611374803,0.022981205405110082,0.011736430161211134
rotated_condition_8,16,0,14,0.01295359602597733,0.003030073746424082,0.010878282155533648
rotated_condition_8,16,0,15,0.023533120510814125,0.01636741370228449,0.014736681617358664
rotated_condition_8,16,0,16,0.00995587653591274,0.003152600045539895,0.010531215114493649
rotated_condition_8,16,0,17,0.057632847563880055,0.12661030266793155,0.030417134570298966
rotated_condition_8,16,0,18,0.007475433680950637,0.023362851203265093,0.007587511962842185
rotated_condition_8,16,0,19,0.015450269645922835,0.011563506560051066,0.01116868048169169
rotated_condition_8,16,0,20,0.011400182824135144,0.02371549889163299,0.009745459911805728
rotated_condition_8,16,0,21,0.010403856405679535,0.02417968200556594,0.008131262616539035
rotated_condition_8,16,0,22,0.010264050332582533,0.029609641828935097,0.012223069503841302
rotated_condition_8,16,0,23,0.008598112927784379,0.007508619547780766,0.00899490497422948
rotated_condition_8,16,0,24,0.008282042633759574,0.010032379860571813,0.009228719587520137
rotated_condition_8,16,0,25,0.007593574484794065,0.06357896209966861,0.006083467453392363
rotated_condition_8,16,0,26,0.015011099548529732,0.03197539746742442,0.011008690386601353
rotated_condition_8,16,0,27,0.009454264558285515,0.021397228754323865,0.011350111681285493
rotated_condition_8,16,0,28,0.017341592297478753,0.025933442921620198,0.012104814291758727
rotated_condition_8,16,0,29,0.010394136708981046,0.009151779227867246,0.011467621086115706
rotated_condition_8,16,0,30,0.015596676691573611,0.008929614957205033,0.011103081302787948
rotated_condition_8,16,0,31,0.009848890061491339,0.010557561612365455,0.008800914523871594
rotated_condition_8,16,0,32,0.013857254522061197,0.008325558730338776,0.011647991916563056
rotated_condition_8,16,0,33,0.011072398990672713,0.015092830089330867,0.009335418090920857
rotated_condition_8,16,0,34,0.014983815574789705,0.020712317396562707,0.011252168525974077
rotated_condition_8,16,0,35,0.010664053736390155,0.005209102333370688,0.010909698560588375
rotated_condition_8,16,1,0,0.0009250883913390498,0.004871488692906583,0.010937771125837145
rotated_condition_8,16,1,1,0.002463064027312405,0.01652313791572531,0.008178701234498223
rotated_condition_8,16,1,2,0.0011185806483277093,0.01889644689295406,0.0049485429017704224
rotated_condition_8,16,1,3,0.00123509150977137,0.0011485014772695686,0.00848031158315215
rotated_condition_8,16,1,4,0.0014457644867554294,0.005119930842288187,0.019858485942880765
rotated_condition_8,16,1,5,0.001851774569607637,0.020013290699070575,0.013377467344188803
rotated_condition_8,16,1,6,0.0014609084440958596,0.008614447995779036,0.01342764897321259
rotated_condition_8,16,1,7,0.0010401810472228236,0.001862105266144813,0.0075290728181462725
rotated_condition_8,16,1,8,0.0018668034268131547,0.016089492835304378,0.011079868463588383
rotated_condition_8,16,1,9,0.0010002029506770167,0.0065193753726160404,0.011995811351849602
rotated_condition_8,16,1,10,0.0011423267299600164,0.0011665261098947124,0.014589465983428071
rotated_condition_8,16,1,11,0.0012748096818807272,0.010300622475682824,0.00919428728970453
rotated_condition_8,16,1,12,0.002378300235317308,0.04830384215202274,0.009895118127110712
rotated_condition_8,16,1,13,0.001084436015671758,0.0009659158641861481,0.01195959400899807
rotated_condition_8,16,1,14,0.0011444118571240294,0.0024958269986627983,0.007934702127690823
rotated_condition_8,16,1,15,0.0008961379365167189,0.004802788018110741,0.007633369372232939
rotated_condition_8,16,1,16,0.0010778492445704863,0.0006323142782946572,0.010963664938153329
rotated_condition_8,16,1,17,0.00204269180087734,0.010499074899934506,0.00843852347451362
rotated_condition_8,16,1,18,0.001177020906220896,0.0031652325484689352,0.0057193322788318506
rotated_condition_8,16,1,19,0.0012368900621244953,0.001728581895041889,0.007645863209880907
rotated_condition_8,16,1,20,0.0012113931686318483,0.0073628367450852975,0.009087552646445748
rotated_condition_8,16,1,21,0.001213970707527474,0.007434325116092917,0.011097780301642145
rotated_condition_8,16,1,22,0.0011482395441236482,0.003142244406734805,0.013054138284953979
rotated_condition_8,16,1,23,0.0014044643938768697,0.0031182822239355663,0.017986194277417246
rotated_condition_8,16,1,24,0.0017458717482849108,0.00961667558450436,0.01718337851131258
rotated_condition_8,16,1,25,0.0007921602196901012,0.019580383774218373,0.011543608928191555
rotated_condition_8,16,1,26,0.0011210646515058284,0.002795914222406511,0.009775570693904112
rotated_condition_8,16,1,27,0.0015254556941599936,0.0036552036916098203,0.021084643494249804
rotated_condition_8,16,1,28,0.0014569167655608974,0.006432196874655183,0.01401889829289438
rotated_condition_8,16,1,29,0.001540485342031748,0.010321979359401774,0.012817255688088102
rotated_condition_8,16,1,30,0.008520932697343366,0.05768397769586042,0.004723031058300698
rotated_condition_8,16,1,31,0.00338160653510893,0.011438153473322082,0.00487501598658978
rotated_condition_8,16,1,32,0.0015550300557941204,0.006063084967362864,0.017310228134146472
rotated_condition_8,16,1,33,0.001588547312798653,0.005222107340657189,0.022517953618713678
rotated_condition_8,16,1,34,0.0017940263551749513,0.010598841693468357,0.009758045519908281
rotated_condition_8,16,1,35,0.001402646450881682,0.011974875140259963,0.013803704639153959
rotated_condition_8,16,2,0,0.025177960024192758,0.0034202885330800207,0.027737057652747955
rotated_condition_8,16,2,1,0.022137173170169035,0.0034441431424774493,0.02368029317969375
rotated_condition_8,16,2,2,0.025671049477372754,0.00526235943274009,0.028422049124327865
rotated_condition_8,16,2,3,0.020994794491384094,0.005778262905360301,0.022421158783302114
rotated_condition_8,16,2,4,0.02110731877055484,0.0053591969097792555,0.02387901430006148
rotated_condition_8,16,2,5,0.024886481604931676,0.0018681014445794941,0.027256624858515578
rotated_condition_8,16,2,6,0.021624596408741877,0.0025726967561030554,0.0246431713118199
rotated_condition_8,16,2,7,0.022505756063939446,0.004425487885360086,0.02326661328778374
rotated_condition_8,16,2,8,0.02260199181582839,0.0023719637650079267,0.026765093688543556
rotated_condition_8,16,2,9,0.023407857301788324,0.007699947121110234,0.025848335802821927
rotated_condition_8,16,2,10,0.022303879773391082,0.000626364414802236,0.024865624394834224
rotated_condition_8,16,2,11,0.023386772963313186,0.012116075565937133,0.026479075931732488
rotated_condition_8,16,2,12,0.020525054300784412,0.011835026740969147,0.021596085534108293
rotated_condition_8,16,2,13,0.029112868939819528,0.007274407738850407,0.031915515452463045
rotated_condition_8,16,2,14,0.02285861249807976,0.0008917756300634091,0.024820608467623052
rotated_condition_8,16,2,15,0.030692337982704695,0.009452320228408086,0.03597829927085454
rotated_condition_8,16,2,16,0.0221677600529279,0.0031030167167562803,0.024278489727836583
rotated_condition_8,16,2,17,0.023902292533153617,0.0030049967837130973,0.02545771334649343
rotated_condition_8,16,2,18,0.022403352487757853,0.001018746471230797,0.025160340450200862
rotated_condition_8,16,2,19,0.02475685516727489,0.012591385465550522,0.026168563183060267
rotated_condition_8,16,2,20,0.020453889656209246,0.007071705864805636,0.021601234033773793
rotated_condition_8,16,2,21,0.047420905514730216,0.04315193126930678,0.05766711894422177
rotated_condition_8,16,2,22,0.02038722111741701,0.006827351409020419,0.02193904205234467
rotated_condition_8,16,2,23,0.02641804640265317,0.002528158594654487,0.029281578461214396
rotated_condition_8,16,2,24,0.023939915906549092,0.006684448215908176,0.027124678272342353
rotated_condition_8,16,2,25,0.021903616446601142,0.0019485426367492475,0.023755537718307608
rotated_condition_8,16,2,26,0.028694669177392888,0.010852153618019191,0.030990237951185565
rotated_condition_8,16,2,27,0.022185066247737934,0.0031568585556590325,0.023833307421725687
rotated_condition_8,16,2,28,0.02100022271850884,0.005154782928800423,0.02246802818433492
rotated_condition_8,16,2,29,0.022977582989182104,0.014026512128564997,0.02709659140439536
rotated_condition_8,16,2,30,0.02339507311179005,0.000766754631347371,0.026620420964615973
rotated_condition_8,16,2,31,0.029903796035601893,0.007109153571650916,0.03412445313072568
rotated_condition_8,16,2,32,0.027277301118440025,0.003192580470164761,0.030680596113632497
rotated_condition_8,16,2,33,0.024842494190148872,0.00157837634678054,0.02730109464400548
rotated_condition_8,16,2,34,0.021454994613650087,0.010424218907176404,0.024830162253627185
rotated_condition_8,16,2,35,0.024325462367565914,0.01012219488998737,0.02714367161010483
rotated_condition_8,16,3,0,0.006305756538901234,0.002382171851988778,0.009156840256716401
rotated_condition_8,16,3,1,0.007353220218644365,0.002672720877912576,0.010475441365515502
rotated_condition_8,16,3,2,0.008193681413659963,0.00012382445678826357,0.010021802908619874
rotated_condition_8,16,3,3,0.00731589576356895,0.0005108524263709683,0.009621488238427213
rotated_condition_8,16,3,4,0.008250900591231836,0.0007203613149502822,0.009992405448762549
rotated_condition_8,16,3,5,0.005926485495908811,0.004630392592199324,0.009849770155472528
rotated_condition_8,16,3,6,0.00756555594911695,0.0027536388209032083,0.009132142192063538
rotated_condition_8,16,3,7,0.0071701027313837325,0.001867141085760136,0.010040536014813674
rotated_condition_8,16,3,8,0.008019916624484596,0.003780049041302137,0.009529545619465667
rotated_condition_8,16,3,9,0.0074283927889621645,0.0007966570823735956,0.009512340492949559
rotated_condition_8,16,3,10,0.00783179333957178,0.0003441374842441786,0.009577198117637973
rotated_condition_8,16,3,11,0.008317989610127793,0.0025413629137874816,0.010037812750648934
rotated_condition_8,16,3,12,0.008169097552891658,7.122520954024912e-05,0.009899445204904468
rotated_condition_8,16,3,13,0.007459838585339046,0.0012141356649737049,0.009679235777125376
rotated_condition_8,16,3,14,0.005401562876201457,0.005599007604145846,0.009658871515771834
rotated_condition_8,16,3,15,0.0055645496827533905,0.006104399010813862,0.01004820046739543
rotated_condition_8,16,3,16,0.00818515536158221,0.001248262202446534,0.009793103537988986
rotated_condition_8,16,3,17,0.007613357614336986,0.004369584781789501,0.009068761795348915
rotated_condition_8,16,3,18,0.008143997358872564,0.0022540105332729595,0.009797090697846358
rotated_condition_8,16,3,19,0.009130001524278397,0.005957387178591849,0.011188846653821157
rotated_condition_8,16,3,20,0.008099883434343489,0.002426012150185251,0.010056784334825274
rotated_condition_8,16,3,21,0.0077079677568500935,0.002625557911798395,0.009315407186046943
rotated_condition_8,16,3,22,0.007760993625662076,0.001865304409931304,0.010233781506688964
rotated_condition_8,16,3,23,0.007739197844041198,0.0018981803332790204,0.009226650908878845
rotated_condition_8,16,3,24,0.008390731091611928,0.0007756184963097447,0.01012866637550514
rotated_condition_8,16,3,25,0.008018119966875764,0.0024329476552188587,0.010624630200151022
rotated_condition_8,16,3,26,0.007841890146168748,0.003071439442259017,0.009323650028498661
rotated_condition_8,16,3,27,0.008232960371551077,0.0010617298857361613,0.009769863214190329
rotated_condition_8,16,3,28,0.007494225471765476,0.0031368018264945857,0.009574153214708794
rotated_condition_8,16,3,29,0.00785699271456856,0.0024817720009411744,0.010342204097496963
rotated_condition_8,16,3,30,0.00726335687556363,0.0034567296956838616,0.009169340535888713
rotated_condition_8,16,3,31,0.007230586716547298,0.008958497833036701,0.009844177250353341
rotated_condition_8,16,3,32,0.006270463930218729,0.0023230715795743593,0.008790718008507678
rotated_condition_8,16,3,33,0.007805777465893353,0.0005261256846538107,0.009799154350452886
rotated_condition_8,16,3,34,0.008183384258390616,0.001548151693992215,0.009702566955621774
rotated_condition_8,16,3,35,0.007859654879508505,0.0008108978267119351,0.009659372111975794
rotated_condition_8,16,4,0,0.013831127863781625,0.024073788119351604,0.007745430228939251
rotated_condition_8,16,4,1,0.02320519917293219,0.006468627346179602,0.013357314256121569
rotated_condition_8,16,4,2,0.026139753466782274,0.010971548579511384,0.017522048399237874
rotated_condition_8,16,4,3,0.015848115574687627,0.003986453533159474,0.008328356334364838
rotated_condition_8,16,4,4,0.026191304255479664,0.009806678477821122,0.016139388784474698
rotated_condition_8,16,4,5,0.016019305870705276,0.0040714313393032525,0.008391473087141622
rotated_condition_8,16,4,6,0.0223522620287204,0.02131739880926553,0.011999733300957861
rotated_condition_8,16,4,7,0.019455479007782266,0.0022305713792618734,0.011717328349281183
rotated_condition_8,16,4,8,0.016135478777223305,0.0031320179932633548,0.008975080359658539
rotated_condition_8,16,4,9,0.023013165690383985,0.016352983349074594,0.014953051369112734
rotated_condition_8,16,4,10,0.012019786128239358,0.019095954890735838,0.006220145585738415
rotated_condition_8,16,4,11,0.016420440180721762,0.04896805173945626,0.01024683798446362
rotated_condition_8,16,4,12,0.020526742154354963,0.01147393747893756,0.010761674797717696
rotated_condition_8,16,4,13,0.01611388220103654,0.0025888318543489165,0.00877936654829803
rotated_condition_8,16,4,14,0.012441917898317442,0.022759568053304553,0.006416793137988288
rotated_condition_8,16,4,15,0.01666455392402372,0.018564283858163187,0.009052077228802153
rotated_condition_8,16,4,16,0.021106262751801004,0.005740254100276215,0.01364134800911832
rotated_condition_8,16,4,17,0.019069908467505753,0.004619217639027532,0.010120623455843513
rotated_condition_8,16,4,18,0.013583020845842788,0.024745805607013956,0.007519398101850848
rotated_condition_8,16,4,19,0.021319307066897074,0.013698384618590374,0.014767010218122257
rotated_condition_8,16,4,20,0.023782326438511164,0.009506830050936759,0.015557223056068879
rotated_condition_8,16,4,21,0.030162155362275532,0.029748026167707508,0.02257550189524818
rotated_condition_8,16,4,22,0.017224904912719417,0.008399894505575564,0.008789750998666553
rotated_condition_8,16,4,23,0.01424784528295182,0.034076707453834496,0.00888677021981688
rotated_condition_8,16,4,24,0.021146328558148922,0.014654991607746984,0.015303729278661499
rotated_condition_8,16,4,25,0.013640437133975378,0.01474232798932092,0.00800797024628267
rotated_condition_8,16,4,26,0.013376773227242695,0.024757539616326332,0.007577592857401708
rotated_condition_8,16,4,27,0.021051195813189132,0.003367913217368184,0.01192563310618917
rotated_condition_8,16,4,28,0.01707726695181315,0.005162764168622484,0.009237262982809386
rotated_condition_8,16,4,29,0.015479696706549344,0.019821683563394196,0.008996472797653199
rotated_condition_8,16,4,30,0.020248980000486427,0.01995597927991842,0.011440494866807906
rotated_condition_8,16,4,31,0.014359288499033472,0.014296148809562443,0.00803359074308695
rotated_condition_8,16,4,32,0.01978720985295139,0.000724575987933013,0.011210501691517528
rotated_condition_8,16,4,33,0.02449163267175808,0.017541019261071808,0.018408739505009736
rotated_condition_8,16,4,34,0.020885537698847736,0.0032877959979148636,0.012602445550947968
rotated_condition_8,16,4,35,0.02008060264974409,0.0010334284130165032,0.01150407035348112
rotated_condition_8,16,5,0,0.006134772282375167,0.00346275051750755,0.009183334946137331
rotated_condition_8,16,5,1,0.005715764492479215,0.0014610728661222784,0.010603087268930118
rotated_condition_8,16,5,2,0.005564647056077876,0.0016279051284820744,0.011970146525170724
rotated_condition_8,16,5,3,0.005803564686806565,0.0012959988478989494,0.010691444665342213
rotated_condition_8,16,5,4,0.008129553282718083,0.007061282062709197,0.009939819410935321
rotated_condition_8,16,5,5,0.0053895137686694235,0.004381197536730796,0.013818826537446375
rotated_condition_8,16,5,6,0.0068871697121714705,0.0026283586758061904,0.01078249757588082
rotated_condition_8,16,5,7,0.004957599629920629,0.007086976304799867,0.012466528603423746
rotated_condition_8,16,5,8,0.0055678396309115094,0.0034017514976352123,0.009736786571435922
rotated_condition_8,16,5,9,0.0053484054822359175,0.0031157739710628253,0.009090842114518877
rotated_condition_8,16,5,10,0.0051157028788947866,0.001033845873577582,0.010319955912098382
rotated_condition_8,16,5,11,0.006091907566632506,0.0007314023106283748,0.01154328238794498
rotated_condition_8,16,5,12,0.006441299076066923,0.0012805697626602419,0.01065033136854877
rotated_condition_8,16,5,13,0.006543549479112666,0.0019957732406337284,0.008775180355059465
rotated_condition_8,16,5,14,0.004797275857591517,0.0019863856322322473,0.012570611635387271
rotated_condition_8,16,5,15,0.005347557769521371,0.0009481464908171882,0.010191899797002022
rotated_condition_8,16,5,16,0.006109709538526723,0.006140450546890174,0.007581159750949193
rotated_condition_8,16,5,17,0.005609793273749886,0.001609401031552641,0.010271877255077989
rotated_condition_8,16,5,18,0.005826079200052666,0.00407062725181522,0.007222465964120787
rotated_condition_8,16,5,19,0.005042817784193079,0.0018915276013146565,0.011474699494326286
rotated_condition_8,16,5,20,0.005264147509095575,0.001180637410800556,0.011892816202309715
rotated_condition_8,16,5,21,0.007791528923321025,0.009630941099545823,0.007288278164870384
rotated_condition_8,16,5,22,0.005454111431871058,0.0008187350747017188,0.010874467481283654
rotated_condition_8,16,5,23,0.0052792986685440664,0.0007352917688273863,0.01146421072082482
rotated_condition_8,16,5,24,0.005314443331281558,0.000973369893374753,0.010992916440867105
rotated_condition_8,16,5,25,0.006728005147887696,0.0023194520109415633,0.01005270627679456
rotated_condition_8,16,5,26,0.0055000997859993815,0.004920146975382278,0.012609703805735145
rotated_condition_8,16,5,27,0.005423317422171889,0.005854618797776375,0.006944405911303421
rotated_condition_8,16,5,28,0.005050174792284651,0.0036406539861088844,0.010546483267972155
rotated_condition_8,16,5,29,0.004657669652961261,0.0022099402611473096,0.012832780660493568
rotated_condition_8,16,5,30,0.005119835152813471,0.0025019142630484147,0.011034529970356309
rotated_condition_8,16,5,31,0.005618464393208603,0.0026288559394481263,0.00835717912144376
rotated_condition_8,16,5,32,0.0050745581188016975,0.005762749907254695,0.01285817903689887
rotated_condition_8,16,5,33,0.005118900877906981,0.009813768399433914,0.013877163441494006
rotated_condition_8,16,5,34,0.006155715973110102,0.008029495078042145,0.006129985131085606
rotated_condition_8,16,5,35,0.006947487361924942,0.0023085539790490923,0.010943876616650168
rotated_condition_8,16,6,0,0.0015416884357354608,0.012136933314844871,0.003486137547249314
rotated_condition_8,16,6,1,0.0007456956463925863,0.0034449710626589403,0.0033236772665184077
rotated_condition_8,16,6,2,0.0001793987210857801,0.004863448048492305,0.004806505245650726
rotated_condition_8,16,6,3,0.0010195353115693647,0.00822420259028523,0.0029919384931498785
rotated_condition_8,16,6,4,0.00053478192403041,0.0010662271449800589,0.0032465845009783468
rotated_condition_8,16,6,5,0.0003990616470876829,0.0007815903308955457,0.003936805354189137
rotated_condition_8,16,6,6,0.0011973339987851664,0.010299003003963754,0.002858548810676711
rotated_condition_8,16,6,7,0.0008455726226667027,0.0027885886016483946,0.002791212830426989
rotated_condition_8,16,6,8,0.0004932459391400063,0.009064657969821479,0.003764454308285686
rotated_condition_8,16,6,9,0.0011204266431150292,0.00937612560041703,0.003158428512743209
rotated_condition_8,16,6,10,0.0006965027016618785,0.0030758976710054454,0.0034275389090354866
rotated_condition_8,16,6,11,0.0002545705514254394,0.0033520652537602034,0.004045979689424716
rotated_condition_8,16,6,12,0.0003850785898179628,0.023181510011084493,0.006358211204540758
rotated_condition_8,16,6,13,0.0002026270151286557,0.006589238208945599,0.004190093473468152
rotated_condition_8,16,6,14,0.00048204142140556263,0.013492173654729869,0.002997312444296713
rotated_condition_8,16,6,15,0.0003152390190067241,0.009998534954278222,0.003891199196264829
rotated_condition_8,16,6,16,0.0002251309753191763,0.011337204505945607,0.004391222602143899
rotated_condition_8,16,6,17,0.0018506501139400019,0.017479528741600383,0.0030048711319760756
rotated_condition_8,16,6,18,0.0003363160029620307,0.002833381899555881,0.003968124664302564
rotated_condition_8,16,6,19,0.0008916893341431729,0.013502916953164305,0.002803676137364814
rotated_condition_8,16,6,20,0.0003413306578911967,0.015774286010346646,0.00498915948610273
rotated_condition_8,16,6,21,0.0004044891400529338,0.0016359928502941506,0.0038157416428238524
rotated_condition_8,16,6,22,0.0005886297902662381,0.01292932663779928,0.004528822594090876
rotated_condition_8,16,6,23,0.0014917526560206196,0.021921572345412796,0.004005902460247179
rotated_condition_8,16,6,24,0.0026595853050974815,0.04633521350640655,0.0017359634798253406
rotated_condition_8,16,6,25,0.0005725501230269752,0.010025350729432928,0.0039517481609028515
rotated_condition_8,16,6,26,0.0012295846777444332,0.013439598645984752,0.001867966752577624
rotated_condition_8,16,6,27,0.0007472374060518681,0.008639658634013427,0.0034245565576322954
rotated_condition_8,16,6,28,0.0005915056633025138,0.023695587995058793,0.0032315802613302243
rotated_condition_8,16,6,29,0.000854877094953792,0.004311136066396915,0.003462027202303689
rotated_condition_8,16,6,30,0.0014703023790160125,0.01108297811532338,0.003050472799611623
rotated_condition_8,16,6,31,0.00023368655917341036,0.009007294966877924,0.004646085266854052
rotated_condition_8,16,6,32,0.0006311200123251296,0.004336512331644474,0.002602121872687831
rotated_condition_8,16,6,33,0.0015046510097394242,0.005487944847022668,0.0033627179174244358
rotated_condition_8,16,6,34,0.00017785082508979067,0.013700918244999683,0.006249295201160181
rotated_condition_8,16,6,35,0.0007412214208459896,0.001770374621392441,0.0035857419329796995
rotated_condition_8,16,7,0,0.003385975387724458,0.01283620776184221,0.005799037655249268
rotated_condition_8,16,7,1,0.006702582438145005,0.0009340405541271113,0.013773611315717577
rotated_condition_8,16,7,2,0.006123853880708772,0.008599641633646155,0.01130956940940265
rotated_condition_8,16,7,3,0.009651491869092988,0.009096586560465029,0.021910136100246072
rotated_condition_8,16,7,4,0.003469517652645062,0.005342997537638668,0.007252728341943856
rotated_condition_8,16,7,5,0.004556945289680639,0.021962836467617576,0.006556356080627508
rotated_condition_8,16,7,6,0.008088370466917525,0.0013141607686207885,0.015928690966144483
rotated_condition_8,16,7,7,0.003641527854915093,0.004622257404631375,0.007665316116602739
rotated_condition_8,16,7,8,0.006347504441004806,0.0008936134911283738,0.012691520574855926
rotated_condition_8,16,7,9,0.0060580115185563145,0.008971011002778034,0.010583889292596054
rotated_condition_8,16,7,10,0.004691727600331157,0.02299645836091359,0.010610768940492878
rotated_condition_8,16,7,11,0.009285651855322818,0.013639150158904507,0.020032470530335085
rotated_condition_8,16,7,12,0.010752016723616578,0.0074594754603879414,0.020865282266748796
rotated_condition_8,16,7,13,0.008961652706324668,0.01077308097189684,0.021526712800138025
rotated_condition_8,16,7,14,0.002571261926423457,0.02049946668045595,0.004227439549958809
rotated_condition_8,16,7,15,0.007747351972791092,0.000559807095662721,0.015735704642094502
rotated_condition_8,16,7,16,0.00552872006369386,0.005507608193468714,0.010868090242083957
rotated_condition_8,16,7,17,0.004875727713050914,0.007388493991373025,0.011928581729415032
rotated_condition_8,16,7,18,0.005695133507377995,0.005104478058327216,0.011336885985011192
rotated_condition_8,16,7,19,0.011052801790227277,0.008114327623871726,0.02346658253118876
rotated_condition_8,16,7,20,0.009909797881661148,0.014374093911856707,0.022769116328466062
rotated_condition_8,16,7,21,0.004101877081021546,0.0078685247170589,0.00998612020132768
rotated_condition_8,16,7,22,0.004128107843926296,0.006959286422836851,0.008556835729845998
rotated_condition_8,16,7,23,0.009588846576291015,0.009186265470397142,0.021119537806042768
rotated_condition_8,16,7,24,0.013494862639638226,0.009256801675107278,0.025493528284898617
rotated_condition_8,16,7,25,0.00589705502903395,0.015362182198418148,0.016042067447915264
rotated_condition_8,16,7,26,0.014150611547027597,0.012700317553030027,0.03013623828941864
rotated_condition_8,16,7,27,0.012944343991562106,0.01111797015843906,0.025493926111132943
rotated_condition_8,16,7,28,0.004752896342266845,0.016131064218127825,0.009621329647177622
rotated_condition_8,16,7,29,0.006426548681169231,0.002121557730569763,0.014752145299748902
rotated_condition_8,16,7,30,0.004822799526292793,0.011817727984197108,0.008079324030444483
rotated_condition_8,16,7,31,0.002206108465597086,0.033437251301399795,0.005673574481540491
rotated_condition_8,16,7,32,0.008850977816579,0.021196974617817645,0.02308544311157531
rotated_condition_8,16,7,33,0.00900451723666036,0.0027763248734410315,0.017915206777954384
rotated_condition_8,16,7,34,0.00431523397603945,0.00374657795619273,0.008988114268471245
rotated_condition_8,16,7,35,0.00763028913381537,0.0011813614844774659,0.016957064800777147
rotated_condition_8,32,0,0,0.0004818984805418876,0.002659515049119104,0.000663653247427827
rotated_condition_8,32,0,1,0.0006127426106349545,0.014825454220411248,0.0012208255356659665
rotated_condition_8,32,0,2,0.0007823671390718649,0.00266807059214982,0.0011571055638721658
rotated_condition_8,32,0,3,0.001834053344341666,0.004668189386092423,0.0021914453319483206
rotated_condition_8,32,0,4,0.0014938016941516033,0.00937095773576603,0.0018022743561330926
rotated_condition_8,32,0,5,0.0011455105156128352,0.003708953245977778,0.0014411066543183056
rotated_condition_8,32,0,6,0.0006700036312052187,0.0066581513447588146,0.001272682135961471
rotated_condition_8,32,0,7,0.0005406489709141786,0.006173822924724126,0.0008094450881756283
rotated_condition_8,32,0,8,0.00121370144071454,0.003334452403296232,0.0015101538155670984
rotated_condition_8,32,0,9,0.004997426630570336,0.02279371866141816,0.006775465045819303
rotated_condition_8,32,0,10,0.00028583974484153044,0.008431206632565549,0.0003665301219073912
rotated_condition_8,32,0,11,0.0009013801064149447,0.0003761954808500546,0.0011178103305416822
rotated_condition_8,32,0,12,0.00060876920393205,0.0028104235266026606,0.0009233131102219455
rotated_condition_8,32,0,13,0.00038314143287265963,0.007144382113128327,0.0007728585442730999
rotated_condition_8,32,0,14,0.0021243170806627414,0.006586615141287166,0.0024726817715805234
rotated_condition_8,32,0,15,0.0010739618525235678,0.012150928766297243,0.0012049763443414017
rotated_condition_8,32,0,16,0.0009525814126662152,0.007784739289359098,0.0012701042049022924
rotated_condition_8,32,0,17,0.0014391759232835644,0.005033757714904528,0.0017224438274848382
rotated_condition_8,32,0,18,0.0005931904983711616,0.013024583945831615,0.0005670951019912798
rotated_condition_8,32,0,19,0.0005864180360765791,0.01112867455474738,0.000936734306123811
rotated_condition_8,32,0,20,0.0013984175964404848,0.005944698799522701,0.0015739691366320804
rotated_condition_8,32,0,21,0.000834573510306661,0.0009951482811273028,0.0011411332451789218
rotated_condition_8,32,0,22,0.000625825320769918,0.00336758437698205,0.00109646405582092
rotated_condition_8,32,0,23,0.00048521725559489044,0.006523580941034854,0.000781615432782852
rotated_condition_8,32,0,24,0.000375855504986241,0.010894308161648415,0.0008282043552493146
rotated_condition_8,32,0,25,0.000419050184885467,0.007708230541980067,0.0009045226653309511
rotated_condition_8,32,0,26,0.0006060539288247139,0.009156815092412101,0.0008064830138787263
rotated_condition_8,32,0,27,0.0004437389699818886,0.008821975101555706,0.0011403833294754155
rotated_condition_8,32,0,28,0.0005310384560169194,0.009391187450026432,0.0011025393483645061
rotated_condition_8,32,0,29,0.00024362360303907134,0.005837340250084545,0.0008079768228206399
rotated_condition_8,32,0,30,0.0025289305864679653,0.008335028353404751,0.0029289165503666443
rotated_condition_8,32,0,31,0.003671517018083075,0.014616439113216471,0.004923730346966981
rotated_condition_8,32,0,32,0.0005277178371189636,0.0015499670189863125,0.0009006915115081589
rotated_condition_8,32,0,33,0.001781390003271291,0.004691008122169951,0.0021821752135686816
rotated_condition_8,32,0,34,0.00023502901780223564,0.003135979152520589,0.0005965996122993545
rotated_condition_8,32,0,35,0.0006314598545129148,4.741833573842393e-05,0.000850553786303696
rotated_condition_8,32,1,0,0.0013409859422718268,0.004750767342582461,0.01085279241383218
rotated_condition_8,32,1,1,0.0014857949460375225,0.01720848968166301,0.010662163984102073
rotated_condition_8,32,1,2,0.0008313173160998748,0.003106818187355173,0.009900179034167119
rotated_condition_8,32,1,3,0.0016224907696307128,0.006876642325603526,0.009167568331274252
rotated_condition_8,32,1,4,0.00107965721932408,0.00200963713275777,0.010464399083749215
rotated_condition_8,32,1,5,0.0016389382925449056,0.00599659008891781,0.008756943208974136
rotated_condition_8,32,1,6,0.0010223630429995727,0.0023110107167916187,0.008759810283629488
rotated_condition_8,32,1,7,0.0007261560885667981,0.001761062104352624,0.008716212056287136
rotated_condition_8,32,1,8,0.0009133828138367525,0.0025165408430644666,0.007690814679859052
rotated_condition_8,32,1,9,0.0014359314717605496,0.011995866313219205,0.00785552844000635
rotated_condition_8,32,1,10,0.0012416955116155088,0.0017866619148205448,0.009013378157374118
rotated_condition_8,32,1,11,0.0011884886369159437,0.003530159039079734,0.009237522411240267
rotated_condition_8,32,1,12,0.0016201152667937825,0.007297457586287744,0.009990066502648658
rotated_condition_8,32,1,13,0.0015364630388470058,0.0049164379468369735,0.010211633191671794
rotated_condition_8,32,1,14,0.0016222634292862304,0.003860719056425366,0.010274272815441602
rotated_condition_8,32,1,15,0.002555963147632932,0.004123434152084116,0.012610557662465785
rotated_condition_8,32,1,16,0.0013111364744845602,0.009228851411354672,0.011937141990451705
rotated_condition_8,32,1,17,0.0011246682550971848,0.003661064257575155,0.009543802270048505
rotated_condition_8,32,1,18,0.0008669588550316971,0.0017776323486797508,0.008608301375680671
rotated_condition_8,32,1,19,0.001313436798043449,0.009024939939590516,0.007916233635106395
rotated_condition_8,32,1,20,0.00168790716994865,0.0032086013951071004,0.011836969201111543
rotated_condition_8,32,1,21,0.0017103199202394854,0.003025399101473601,0.011111460523505125
rotated_condition_8,32,1,22,0.000868727335879226,0.003907028670776293,0.009221353134372227
rotated_condition_8,32,1,23,0.0012800768285688542,0.004828282896470699,0.009919593555792396
rotated_condition_8,32,1,24,0.0008607834885574757,0.006341713386679219,0.008644081422985252
rotated_condition_8,32,1,25,0.0029487841814477087,0.005900276487123599,0.012884356367977967
rotated_condition_8,32,1,26,0.0014556152131996554,0.007535495290772799,0.009414430803833465
rotated_condition_8,32,1,27,0.0007811345775345588,0.0018004746313348232,0.008121162685846646
rotated_condition_8,32,1,28,0.0009119114253151809,0.0038284076618373274,0.007738655025262135
rotated_condition_8,32,1,29,0.0010131789571852397,0.0031850554694773285,0.008823859353947684
rotated_condition_8,32,1,30,0.0007157384922110307,0.004483607626754564,0.009608454784360416
rotated_condition_8,32,1,31,0.0008299055804606747,0.0027043926474832557,0.009158780593718073
rotated_condition_8,32,1,32,0.0019551665115651604,0.006224528524521116,0.010487334782121382
rotated_condition_8,32,1,33,0.0024695646667566877,0.0027386259885171797,0.012612876759135066
rotated_condition_8,32,1,34,0.001780534788162978,0.0030759712492372743,0.01155625048626827
rotated_condition_8,32,1,35,0.0007397644902166381,0.004836461338331725,0.009215250305826204
rotated_condition_8,32,2,0,0.005197402313359997,0.003061897394246376,0.007844096765640126
rotated_condition_8,32,2,1,0.005785345927719597,0.002211594545717193,0.008466013590926039
rotated_condition_8,32,2,2,0.005304644022887837,0.006339220748388773,0.0075023776725450355
rotated_condition_8,32,2,3,0.005247683786719056,0.0012294798823065992,0.00865839056828659
rotated_condition_8,32,2,4,0.0056217835219698024,0.00021875917728162358,0.00792114792812963
rotated_condition_8,32,2,5,0.006020006319308338,0.010038769139755287,0.0064787433941693095
rotated_condition_8,32,2,6,0.005108728591912973,0.004838789503361166,0.009039805378861425
rotated_condition_8,32,2,7,0.005858156301488465,0.009312219769001914,0.011558535688711222
rotated_condition_8,32,2,8,0.0055114277747133,0.006525996190583158,0.009891875713182598
rotated_condition_8,32,2,9,0.005372609896143436,0.003602860459650535,0.006118274690482244
rotated_condition_8,32,2,10,0.0049789829743108974,0.005021837936969977,0.007526586654196701
rotated_condition_8,32,2,11,0.005236504089455042,0.005963401983313009,0.006524917706102418
rotated_condition_8,32,2,12,0.005516226489898983,0.004410660187930937,0.007651306020134653
rotated_condition_8,32,2,13,0.0052128853278714474,0.0042781855224878085,0.006897630582248491
rotated_condition_8,32,2,14,0.005612311752807566,0.003081042563546141,0.007517376329812125
rotated_condition_8,32,2,15,0.00539479470771164,0.002577774954528934,0.007012203781880229
rotated_condition_8,32,2,16,0.005667805176053051,0.0015356663682773444,0.007521832661453931
rotated_condition_8,32,2,17,0.004978000508390819,0.00476778077077606,0.008726121262652516
rotated_condition_8,32,2,18,0.00516127904430321,0.004336605881707263,0.008774611279824311
rotated_condition_8,32,2,19,0.00531492753242189,0.005410859779143098,0.010160628110203958
rotated_condition_8,32,2,20,0.005902862302514622,0.005905032845564322,0.007351429948076989
rotated_condition_8,32,2,21,0.005510888484022996,0.003977158918350916,0.009556073094655362
rotated_condition_8,32,2,22,0.005232185319804883,0.00570873106434756,0.009592016715134283
rotated_condition_8,32,2,23,0.005526022693195558,0.01168302365978461,0.008251041992576898
rotated_condition_8,32,2,24,0.004907812395886062,0.008908247225309026,0.005418786263594009
rotated_condition_8,32,2,25,0.005076533140718205,0.00308153709081646,0.008555688587603484
rotated_condition_8,32,2,26,0.004677785114731309,0.012418051079516889,0.008446834370500908
rotated_condition_8,32,2,27,0.0053738469101645885,0.0033041220014328825,0.008563354947005927
rotated_condition_8,32,2,28,0.005453237340915363,0.0029998953432868155,0.008801303835514052
rotated_condition_8,32,2,29,0.005383295693215342,0.0025986902384122356,0.007239733087934115
rotated_condition_8,32,2,30,0.005422139298243809,0.003961711432055793,0.005758371702652867
rotated_condition_8,32,2,31,0.005868393199007918,0.00838788297574022,0.011480348450865851
rotated_condition_8,32,2,32,0.0054496694012808305,0.011563364815865479,0.009125926703953726
rotated_condition_8,32,2,33,0.005439507915798447,0.004696809407620766,0.0075435797110009395
rotated_condition_8,32,2,34,0.005771778487567802,0.005218830000786365,0.006229574765439855
rotated_condition_8,32,2,35,0.004970461396018204,0.013444811243761613,0.008798490599093647
rotated_condition_8,32,3,0,0.004521742211520057,0.014391965526107765,0.0051540489449678276
rotated_condition_8,32,3,1,0.0030658522701566965,0.03710832808241116,0.00436890440878552
rotated_condition_8,32,3,2,0.0018761575168572458,0.009887237734344847,0.0020824384422657638
rotated_condition_8,32,3,3,0.00021828285326105026,0.0030567657447933124,0.00047397999240569736
rotated_condition_8,32,3,4,0.00015976563045935944,0.0027345655385703255,0.0017897548202169824
rotated_condition_8,32,3,5,0.004223598320087815,0.062207177039248156,0.006483726916682201
rotated_condition_8,32,3,6,0.0012524249228779878,0.009148035831479174,0.0014499097608554827
rotated_condition_8,32,3,7,0.000166632758617847,0.05260176873980416,0.0001790418026197868
rotated_condition_8,32,3,8,0.00021510703415080705,0.004254910724401114,0.0018160421604003292
rotated_condition_8,32,3,9,0.00025081537476067447,0.0010937643522706158,0.0009199822674123344
rotated_condition_8,32,3,10,0.002395997184212421,0.028251017825349937,0.002602829300252569
rotated_condition_8,32,3,11,0.0029467215423719605,0.01149356061123493,0.0032278310417896135
rotated_condition_8,32,3,12,0.0024972050752642143,0.010597974485820002,0.0027300308869629983
rotated_condition_8,32,3,13,5.1470538448091974e-05,0.005504836262353972,0.0004945383501310342
rotated_condition_8,32,3,14,0.002812015524294176,0.040578048749577905,0.003956581286681428
rotated_condition_8,32,3,15,0.0008406961971832957,0.00839393941062682,0.001111705560114157
rotated_condition_8,32,3,16,0.00019093085130810936,0.003671763888618419,0.0015440555845871596
rotated_condition_8,32,3,17,3.3265201354982845e-05,0.029675561648484183,0.0003428697359005834
rotated_condition_8,32,3,18,0.0011528414618285207,0.007933695065100523,0.0013194310194166946
rotated_condition_8,32,3,19,5.905022813055257e-05,0.002788591186471318,0.001163739349790866
rotated_condition_8,32,3,20,0.005572276113534688,0.023409916772799987,0.006568436358057879
rotated_condition_8,32,3,21,0.009671977321929322,0.058163961023122164,0.012066447362638497
rotated_condition_8,32,3,22,0.0005182240865999561,0.001727792892089551,0.0009624368330079589
rotated_condition_8,32,3,23,0.0019276502602165089,0.038225145793648954,0.001978766507807386
rotated_condition_8,32,3,24,0.000812570609518689,0.007137486535182305,0.0009226387202870403
rotated_condition_8,32,3,25,0.0001496539465143949,0.004451309514976793,0.00046636584718128904
rotated_condition_8,32,3,26,0.0017244484777861906,0.02495000562658784,0.002195273135503932
rotated_condition_8,32,3,27,0.0015159295613109867,0.007344506026444106,0.001577271952319151
rotated_condition_8,32,3,28,0.0016238622776584555,0.0038834302794005294,0.001813902305955955
rotated_condition_8,32,3,29,0.0002927447790009246,0.0019912312620717363,0.000985737998490409
rotated_condition_8,32,3,30,0.0006173162026198166,0.0031322817909751237,0.00102114198843827
rotated_condition_8,32,3,31,0.0030637214553150944,0.007125117534606974,0.003338995529096992
rotated_condition_8,32,3,32,0.006736136593983729,0.021059005820485414,0.007536195008660505
rotated_condition_8,32,3,33,0.005159965841740726,0.016757007342768547,0.006287354150635267
rotated_condition_8,32,3,34,0.004699271099450781,0.03953913986221385,0.0058789760638036925
rotated_condition_8,32,3,35,0.00017133944475761047,0.0034639062411176234,0.0018939698259499622
rotated_condition_8,32,4,0,0.00045437861236452104,0.002344291523169455,0.0006602502422439433
rotated_condition_8,32,4,1,0.0005050013688551278,0.001555380556228947,0.0007178662352056487
rotated_condition_8,32,4,2,0.0018613458526185456,0.013968382371897098,0.002719911714309869
rotated_condition_8,32,4,3,0.0008343045873806936,0.003514842432532996,0.0014665621448452977
rotated_condition_8,32,4,4,0.000530649630527205,0.0018085150423926967,0.0007690456707286055
rotated_condition_8,32,4,5,0.0015433818322459932,0.01789332036210007,0.0030972760431517746
rotated_condition_8,32,4,6,0.001032704677056775,0.012907114624936444,0.0014165964539395817
rotated_condition_8,32,4,7,0.0015467604349523084,0.006387621922349746,0.0024571958780413776
rotated_condition_8,32,4,8,0.0005263308296427386,0.0006291862450803836,0.0007620946800841797
rotated_condition_8,32,4,9,0.0005313438351236097,0.003989871413573718,0.0007710291922141063
rotated_condition_8,32,4,10,0.0013640501020612914,0.005341146211985897,0.0022855199806298496
rotated_condition_8,32,4,11,0.0005634196904690264,0.004801849876426908,0.0008836598383173859
rotated_condition_8,32,4,12,0.0013546765500128547,0.0068346491035994605,0.002110527525619845
rotated_condition_8,32,4,13,0.0016942460873776543,0.012380899167802493,0.00314181229098204
rotated_condition_8,32,4,14,0.0008960088683780038,0.003769599199566342,0.0013457792139995317
rotated_condition_8,32,4,15,0.0009073459889377242,0.0025654888170496596,0.0014648149511826748
rotated_condition_8,32,4,16,0.0005507574561581926,0.0005821475667126099,0.0007856936565347697
rotated_condition_8,32,4,17,0.0012012224673182352,0.00418434691515626,0.001965819764567832
rotated_condition_8,32,4,18,0.0005033263825535133,0.004493775518464782,0.0007155094026604749
rotated_condition_8,32,4,19,0.0006990864878436975,0.002869869178343976,0.0011404717530439973
rotated_condition_8,32,4,20,0.0006670569987212636,0.002826436814237246,0.0009641574794051748
rotated_condition_8,32,4,21,0.0005404738801795542,0.0026386681607876187,0.0007643454078741358
rotated_condition_8,32,4,22,0.0005403536103144994,0.000202994911011209,0.0008092520717879878
rotated_condition_8,32,4,23,0.0006319830933428836,0.0021000935925617704,0.0009160831547991523
rotated_condition_8,32,4,24,0.005533133174353381,0.03136166181253114,0.008563170615958546
rotated_condition_8,32,4,25,0.0010347941709299346,0.005596209019887978,0.0016049746410107474
rotated_condition_8,32,4,26,0.0009998688432567634,0.002271169325338121,0.0019588475256915
rotated_condition_8,32,4,27,0.007171763172189437,0.09424653668062008,0.009674638712494637
rotated_condition_8,32,4,28,0.0009257112787839146,0.002878500092118069,0.0013134813947304992
rotated_condition_8,32,4,29,0.000588719309841242,0.0015652330886076842,0.0008598977690236835
rotated_condition_8,32,4,30,0.00043473432227783277,0.005077046387482648,0.0006385133914660838
rotated_condition_8,32,4,31,0.000603585424482,0.002567611345130578,0.001015580115438595
rotated_condition_8,32,4,32,0.0007484854450780546,0.0024107759948911543,0.001068813340296587
rotated_condition_8,32,4,33,0.0008579793416942504,0.00483500223486223,0.0011962075241350994
rotated_condition_8,32,4,34,0.0011771656735545444,0.008613999150085016,0.00168920175457108
rotated_condition_8,32,4,35,0.0005675571822075434,0.006787440326798495,0.0008295073848401916
rotated_condition_8,32,5,0,0.002332177299934032,0.0013126714747972393,0.0027153334094379847
rotated_condition_8,32,5,1,0.0008097480634561374,0.0012030864503938838,0.0008157428745245108
rotated_condition_8,32,5,2,0.0022075098794589985,0.0021314937237640504,0.0027218082792912126
rotated_condition_8,32,5,3,0.0010239411377744722,0.0011922329059328276,0.001108482171823071
rotated_condition_8,32,5,4,0.0022175706448925433,0.0029937112300575156,0.0025305807045247325
rotated_condition_8,32,5,5,0.0008419226364516821,0.0023739355565779957,0.0008536530456420399
rotated_condition_8,32,5,6,0.003319070051053708,0.013250887354730626,0.0037620165337784246
rotated_condition_8,32,5,7,0.0008827450309287896,0.004499882386214345,0.0009633982893859599
rotated_condition_8,32,5,8,0.0013756285158451737,7.825193574126305e-05,0.0015034183508763049
rotated_condition_8,32,5,9,0.0020615199127023663,0.0037671364771298507,0.0023455207574254954
rotated_condition_8,32,5,10,0.0021135507491701374,0.0015769868445462067,0.002446210096769611
rotated_condition_8,32,5,11,0.0009515383478054057,0.0019279422479336525,0.0009762557311285088
rotated_condition_8,32,5,12,0.0012510177118802259,0.0016143693157983933,0.0013397295544577855
rotated_condition_8,32,5,13,0.0011861383155367168,0.009538689656845099,0.0013872455751207104
rotated_condition_8,32,5,14,0.0017951791468730832,0.0007634787892276006,0.0020179863899224045
rotated_condition_8,32,5,15,0.001806001333012835,0.0010391014891585222,0.00207825192774794
rotated_condition_8,32,5,16,0.001823433743638955,0.0009921553798389624,0.0021097449900307165
rotated_condition_8,32,5,17,0.0016132368706468483,0.0021332768332307304,0.00192377622574543
rotated_condition_8,32,5,18,0.001630890812566261,0.0010044384264974986,0.0018328433278347843
rotated_condition_8,32,5,19,0.0018108434329440915,0.00426388504404466,0.0021783675409690877
rotated_condition_8,32,5,20,0.0017663860565583648,0.0009834613356199543,0.0020051971685027628
rotated_condition_8,32,5,21,0.0014187196940055257,0.003182183942417879,0.001578762470154068
rotated_condition_8,32,5,22,0.0021421738394154285,0.001343704592568293,0.0024572654836940225
rotated_condition_8,32,5,23,0.0019146263588777253,0.0023979862265659244,0.0022935717735879852
rotated_condition_8,32,5,24,0.00232994028753041,0.0016782411313863716,0.0028392890816143616
rotated_condition_8,32,5,25,0.0025937028897401104,0.0029603083587773165,0.0032319162409169392
rotated_condition_8,32,5,26,0.0009620917890555665,0.008030805816052353,0.0012350153057960663
rotated_condition_8,32,5,27,0.0007338919778238149,0.002174875667820536,0.0007962816560809789
rotated_condition_8,32,5,28,0.0014273685976695257,0.0008567645109599533,0.0015648077547160538
rotated_condition_8,32,5,29,0.0012489202369981361,0.0007777644196403075,0.0013906974018521375
rotated_condition_8,32,5,30,0.001134507402592242,0.001473753517562959,0.001254150687499571
rotated_condition_8,32,5,31,0.0011750474872196889,0.0022355619677848896,0.001278853365943969
rotated_condition_8,32,5,32,0.0006971904170767401,0.0009512608964704948,0.000704596827671958
rotated_condition_8,32,5,33,0.0009703278907482992,0.0010936089633005186,0.0010269741984402214
rotated_condition_8,32,5,34,0.0007979221805033613,0.0008305578873183611,0.0008025329777491567
rotated_condition_8,32,5,35,0.0011095639001377547,0.00158709219762535,0.0011657853443657641
rotated_condition_8,32,6,0,0.011985591196474289,0.011597475810151942,0.009489384560114375
rotated_condition_8,32,6,1,0.009130592866257007,0.010119296734394927,0.00787642673337175
rotated_condition_8,32,6,2,0.00987585239955117,0.0036962453085263936,0.008617451468505587
rotated_condition_8,32,6,3,0.01283038365488132,0.002720680542828327,0.010068956434885444
rotated_condition_8,32,6,4,0.008730924932593608,0.010267478233444271,0.0075298204909045536
rotated_condition_8,32,6,5,0.015332381320735868,0.007231992726261863,0.011629291455887529
rotated_condition_8,32,6,6,0.013899460822770462,0.016205017264137936,0.010906859229792886
rotated_condition_8,32,6,7,0.006657044306257637,0.02864781135977999,0.008505952071367399
rotated_condition_8,32,6,8,0.014501327783086238,0.006751613439362108,0.010847301808803915
rotated_condition_8,32,6,9,0.01218645886448844,0.00460181732762027,0.009730885868304284
rotated_condition_8,32,6,10,0.01025949013143057,0.02692133906193749,0.009068588773805331
rotated_condition_8,32,6,11,0.02240830223068578,0.010538738828444163,0.01676479957816216
rotated_condition_8,32,6,12,0.01698439191006892,0.0037766936175514685,0.012764332368426374
rotated_condition_8,32,6,13,0.01002646274920754,0.012369054024028645,0.007776372419442951
rotated_condition_8,32,6,14,0.014475745354717504,0.004446703276557214,0.011268530318744986
rotated_condition_8,32,6,15,0.006402776676315692,0.04426137590648366,0.008647489816463499
rotated_condition_8,32,6,16,0.00902311264377681,0.07807965167258657,0.010042853183492186
rotated_condition_8,32,6,17,0.010716395793395568,0.00790991161509385,0.008682612491988831
rotated_condition_8,32,6,18,0.012785220854809338,0.0010659702800883738,0.009962227007863513
rotated_condition_8,32,6,19,0.014859208295396152,0.015024199528593829,0.011415326266593298
rotated_condition_8,32,6,20,0.0211525877014746,0.015029150785042456,0.015246486956715433
rotated_condition_8,32,6,21,0.007938144107376931,0.02326725626120279,0.008235162736975393
rotated_condition_8,32,6,22,0.016540877691198802,0.004899101852861785,0.012176889481994614
rotated_condition_8,32,6,23,0.012481350819538165,0.003806147494710901,0.010149084864042123
rotated_condition_8,32,6,24,0.00880188305697968,0.0400694502917456,0.008856322356415584
rotated_condition_8,32,6,25,0.0179566104227816,0.009859091163394545,0.013335827905896448
rotated_condition_8,32,6,26,0.006815461810671576,0.02672199306151775,0.005508318990422671
rotated_condition_8,32,6,27,0.008768761895670236,0.01721817350693717,0.007662073696050346
rotated_condition_8,32,6,28,0.01028144979412547,0.006987287965518289,0.008822855766697769
rotated_condition_8,32,6,29,0.01857477883515786,0.008622500336507698,0.01408322032373045
rotated_condition_8,32,6,30,0.01126716753870946,0.0018905639723703481,0.009285575105522408
rotated_condition_8,32,6,31,0.007441145852310547,0.019995130239665156,0.0062915811431581235
rotated_condition_8,32,6,32,0.010853501754014571,0.010190413254784696,0.008693186537857346
rotated_condition_8,32,6,33,0.008621966957012598,0.0024530821002074956,0.007453481625933232
rotated_condition_8,32,6,34,0.009483972334355408,0.005487983674773921,0.007529591597292039
rotated_condition_8,32,6,35,0.011192006318280615,0.009912143849240381,0.009057038170694538
rotated_condition_8,32,7,0,0.0005673420822172859,0.0010804550865945457,0.0003892798374554565
rotated_condition_8,32,7,1,0.0007769344758483725,0.006024660818943619,0.0005299576316224872
rotated_condition_8,32,7,2,0.0009388710034411154,0.00587231265670483,0.0005347280168822284
rotated_condition_8,32,7,3,0.0010164877435333993,0.010942774282997426,0.0004717676142660163
rotated_condition_8,32,7,4,0.0005616971167102338,0.003270255897324325,0.00038026541199181265
rotated_condition_8,32,7,5,0.00034796832629499486,0.002101357903844559,0.0004002897142910372
rotated_condition_8,32,7,6,0.0004846877191177752,0.013097327195978975,0.0003020524861003498
rotated_condition_8,32,7,7,0.001049558037563019,0.008336380160823184,0.0007597357965279997
rotated_condition_8,32,7,8,0.00044510016369200627,0.0065380567208955616,0.00044287830223946095
rotated_condition_8,32,7,9,0.001243818683762337,0.012857063571126691,0.0007250954940241745
rotated_condition_8,32,7,10,0.00019846569331536572,0.010398429410434765,0.000317343241048789
rotated_condition_8,32,7,11,0.0006746225103630987,0.004422887571972411,0.0005725544745847529
rotated_condition_8,32,7,12,0.0009980093304059524,0.007588593238111797,0.0005271285920701889
rotated_condition_8,32,7,13,0.0005225661128539084,0.003845348217375695,0.00042055282511432255
rotated_condition_8,32,7,14,0.00025727546184291526,0.008576257731357909,0.0005058014063909306
rotated_condition_8,32,7,15,0.0008215471957199015,0.0101158645290297,0.0006366482875681733
rotated_condition_8,32,7,16,0.0005244076053665103,0.005946731306225148,0.0004044010467438963
rotated_condition_8,32,7,17,0.0010722179504169677,0.014059457060163243,0.001107855846415671
rotated_condition_8,32,7,18,0.0006066546261802957,0.010383457994680587,0.0007241105696969229
rotated_condition_8,32,7,19,0.0004913758462124589,0.0035283138939879704,0.0005702174773689987
rotated_condition_8,32,7,20,0.0010931206734842037,0.01100589813196759,0.0006107427691968914
rotated_condition_8,32,7,21,0.0007051115189187803,0.02075194008704343,0.0010629923062850778
rotated_condition_8,32,7,22,0.0013368038511284916,0.013641224814277517,0.0013824946603205033
rotated_condition_8,32,7,23,0.0006929569912504038,0.010268874774703195,0.0005480753882666267
rotated_condition_8,32,7,24,0.0006236324773032227,0.00674162094110854,0.000642060134371524
rotated_condition_8,32,7,25,0.0005248926751219549,0.002580540242674587,0.00034300590849538305
rotated_condition_8,32,7,26,0.0005158351155312741,0.008031568467745836,0.00036822859045250895
rotated_condition_8,32,7,27,0.0009610662060806269,0.012920221344677341,0.0010362476715524971
rotated_condition_8,32,7,28,0.0007096270965121798,0.00376538625077077,0.0004906133427474064
rotated_condition_8,32,7,29,0.0007065341547567897,0.00733710970538321,0.00040531368587353036
rotated_condition_8,32,7,30,0.0006806087503108218,0.0037386800554343484,0.0004302651248681791
rotated_condition_8,32,7,31,0.0004297344441176053,0.017678136142182298,0.0007236336433734621
rotated_condition_8,32,7,32,0.0009551651250780777,0.0050910488660667955,0.000517734487950447
rotated_condition_8,32,7,33,0.0012995193944540617,0.009843766090679999,0.0007372230763860787
rotated_condition_8,32,7,34,0.0008174814798330514,0.008321292307463271,0.0009300751725393827
rotated_condition_8,32,7,35,0.0006800359049841762,0.0059586969848514516,0.0006403478248520473
rotated_condition_8,64,0,0,0.0014688952970656425,0.0019859476222669507,0.0016122407889116836
rotated_condition_8,64,0,1,0.0014776719040776167,0.0013686027724865936,0.0014214016572095124
rotated_condition_8,64,0,2,0.0012598453914149735,0.001246413503031681,0.0011789484713872066
rotated_condition_8,64,0,3,0.0014899748739043207,0.0005436226358773897,0.0013907135766291828
rotated_condition_8,64,0,4,0.001780509551217951,0.0013244647270133794,0.0021286521324105764
rotated_condition_8,64,0,5,0.0012634152006837738,0.0017795265938787804,0.0013476711904960464
rotated_condition_8,64,0,6,0.0015333162296789712,0.002306935020724681,0.0014993130124374328
rotated_condition_8,64,0,7,0.0015145582777733547,0.003050201659202961,0.0018068277216012907
rotated_condition_8,64,0,8,0.0016628973421332794,0.0011748749353372716,0.001612424685527379
rotated_condition_8,64,0,9,0.0013390786374463568,0.0006767067907465156,0.0012209508266121845
rotated_condition_8,64,0,10,0.0012877754405021655,0.0015562720713260903,0.0010471369372849842
rotated_condition_8,64,0,11,0.0016255753070994123,0.0011088671946570393,0.0017795232619989565
rotated_condition_8,64,0,12,0.0013639505453293989,0.0027117337695803335,0.0018422258461557608
rotated_condition_8,64,0,13,0.0015455674763727887,0.0034050383862827267,0.0015812437173406781
rotated_condition_8,64,0,14,0.0014572573635711007,0.000941635272577853,0.0014835172833300918
rotated_condition_8,64,0,15,0.00179069092600374,0.002291571921576708,0.0016147204368453668
rotated_condition_8,64,0,16,0.0012325968339556524,0.0020743654302692706,0.001113672372941718
rotated_condition_8,64,0,17,0.0021532921673144546,0.003201210970348754,0.002295621911284901
rotated_condition_8,64,0,18,0.0016084064784885207,0.0014324155454569902,0.0018554435721788204
rotated_condition_8,64,0,19,0.0016020155246199129,0.0006875063328472133,0.0014475445211799298
rotated_condition_8,64,0,20,0.0017116396025800803,0.0009345459154508249,0.0016513214731769805
rotated_condition_8,64,0,21,0.0012903368869269924,0.0027864866963560244,0.0014771343948363888
rotated_condition_8,64,0,22,0.0016467572773752601,0.001963684042449823,0.001461901820634601
rotated_condition_8,64,0,23,0.001318987899527556,0.0013211616897498115,0.0012076615608014637
rotated_condition_8,64,0,24,0.0016694965875880526,0.0014304252219997865,0.001914177226612065
rotated_condition_8,64,0,25,0.0014040108967358807,0.0007425686233439847,0.001223670515703088
rotated_condition_8,64,0,26,0.0014954620496797064,0.0032468674496906476,0.0021124007247230485
rotated_condition_8,64,0,27,0.0017552568696782929,0.0019858166802182264,0.0020566566658994714
rotated_condition_8,64,0,28,0.001605707343153076,0.002072502240390966,0.0016863239408470851
rotated_condition_8,64,0,29,0.0017630788248728577,0.00048394479154765944,0.0017384651603659885
rotated_condition_8,64,0,30,0.0017399672283542017,0.0004982628395516474,0.0016025504047519623
rotated_condition_8,64,0,31,0.0013976337493914839,0.0014830398753614424,0.0011634983042687992
rotated_condition_8,64,0,32,0.001333606831179336,0.000727389373602466,0.0012365500317421635
rotated_condition_8,64,0,33,0.001635761566041963,0.0005825827646516004,0.0014567763267632112
rotated_condition_8,64,0,34,0.001392076335661427,0.0008373054690054514,0.0012869386788576893
rotated_condition_8,64,0,35,0.001521153083652793,0.0010831507599166664,0.001403573693169451
rotated_condition_8,64,1,0,0.011797707854697045,0.00041601923450967145,0.011404601832670211
rotated_condition_8,64,1,1,0.012646527041840987,0.0007099602979883707,0.012163722481105968
rotated_condition_8,64,1,2,0.011516354923985617,0.00039961474669649865,0.01118311858761983
rotated_condition_8,64,1,3,0.01063667521236988,0.0020204878525934716,0.010918957906668067
rotated_condition_8,64,1,4,0.01253214014161158,0.0018221390123980474,0.013234723886650326
rotated_condition_8,64,1,5,0.01115993425860195,0.0006707627121150406,0.01069747924438506
rotated_condition_8,64,1,6,0.012410955301177442,0.00236990175369913,0.013385165409943547
rotated_condition_8,64,1,7,0.011190349327036322,0.0015382737339274344,0.011007031629634678
rotated_condition_8,64,1,8,0.010185300727989358,0.002021291273564122,0.009489257926450851
rotated_condition_8,64,1,9,0.010636736042970274,0.0013503882071502402,0.01024569080988625
rotated_condition_8,64,1,10,0.012067803462481121,0.0006382582116099257,0.011491048784073294
rotated_condition_8,64,1,11,0.011103012222055304,0.0009940802670858379,0.010654175157295198
rotated_condition_8,64,1,12,0.012295533167994971,0.00046933613958301555,0.011833599345340017
rotated_condition_8,64,1,13,0.013580672285336527,0.005305123595178518,0.012947632856220807
rotated_condition_8,64,1,14,0.011701349114869971,0.0004857383651390795,0.011706570540144269
rotated_condition_8,64,1,15,0.01073341847048977,0.0038333003630950132,0.01100555220266078
rotated_condition_8,64,1,16,0.011894230056109577,0.00048613382466860275,0.011734758956522848
rotated_condition_8,64,1,17,0.012752383967190572,0.0006014852685454315,0.01258094860168403
rotated_condition_8,64,1,18,0.010880787382787822,0.0013022505242122253,0.010322179488345646
rotated_condition_8,64,1,19,0.011487169191530347,0.00297125078441639,0.013071088984972164
rotated_condition_8,64,1,20,0.01125349845059521,0.001068691660819242,0.010828624835682827
rotated_condition_8,64,1,21,0.013912014646281862,0.0024058538747937937,0.013408258785865322
rotated_condition_8,64,1,22,0.011378569102315933,0.0013361983171731042,0.010983146268961439
rotated_condition_8,64,1,23,0.011648599125090649,0.0006718486386432612,0.011398233119815996
rotated_condition_8,64,1,24,0.011686624467032499,0.00011677494430138487,0.011239962898864673
rotated_condition_8,64,1,25,0.012679033428698428,0.0011010541216752337,0.013014495026885398
rotated_condition_8,64,1,26,0.01062975814506675,0.0030803421960630835,0.01120225006076358
rotated_condition_8,64,1,27,0.010976450528041139,0.002643467970101735,0.010706252684419406
rotated_condition_8,64,1,28,0.013398792167688791,0.002058684345759945,0.01263890085240634
rotated_condition_8,64,1,29,0.011301913970429182,0.0001873233110077597,0.010869589150534036
rotated_condition_8,64,1,30,0.012676435702474096,0.001429840315196678,0.012488767812662024
rotated_condition_8,64,1,31,0.010637929408130032,0.0012609063906895506,0.010185353836812221
rotated_condition_8,64,1,32,0.011246250399878541,0.0011565347739836153,0.011192954271938994
rotated_condition_8,64,1,33,0.012396402024754073,0.0007898318067233698,0.011972405013025019
rotated_condition_8,64,1,34,0.012240440624274044,0.00180156341700523,0.013122012109105694
rotated_condition_8,64,1,35,0.012306525785500462,0.002345506936585459,0.012003469306110626
rotated_condition_8,64,2,0,0.0013831657101731811,0.004912571029890264,0.0032156210633989438
rotated_condition_8,64,2,1,0.0020322271598326577,0.001091964656534816,0.006484895598263713
rotated_condition_8,64,2,2,0.0010883539505359334,0.0037386969295732228,0.0025678327898089616
rotated_condition_8,64,2,3,0.001599332563293963,0.0004896964604522147,0.005366119034334167
rotated_condition_8,64,2,4,0.001405661084473783,0.0006954922812360755,0.004087320823360389
rotated_condition_8,64,2,5,0.0012417355031331984,0.005904170141895808,0.0018306082804520941
rotated_condition_8,64,2,6,0.0014706896894249018,0.003959965933075988,0.0037180803436886985
rotated_condition_8,64,2,7,0.0014808217787760892,0.00034369810923857606,0.005085836051354556
rotated_condition_8,64,2,8,0.00127740596092701,0.0009793660447539399,0.003510754028245962
rotated_condition_8,64,2,9,0.0013225587563420048,0.0007533933564287808,0.004123937143877805
rotated_condition_8,64,2,10,0.0011270627983498412,0.0014445664925830546,0.0030798765911798313
rotated_condition_8,64,2,11,0.0010794198378774214,0.0033818388925994443,0.0023449753853664883
rotated_condition_8,64,2,12,0.0007922557717146781,0.0014675624074420152,0.0029715028150414753
rotated_condition_8,64,2,13,0.0012905881758947906,0.002134449577360018,0.0033292052859587203
rotated_condition_8,64,2,14,0.0011729255807188272,0.00026706088165699514,0.003538082855874567
rotated_condition_8,64,2,15,0.0013744628743696452,0.0017824006615551266,0.0038369828130225573
rotated_condition_8,64,2,16,0.0013625591068842113,0.0003581815317997433,0.004867427524833028
rotated_condition_8,64,2,17,0.0016115159565568459,0.001338001900775317,0.0054701063069716015
rotated_condition_8,64,2,18,0.0017845696901396442,0.0015983213354561982,0.007491656186861525
rotated_condition_8,64,2,19,0.0018844066389448167,0.0010861015884384502,0.0063979098878062315
rotated_condition_8,64,2,20,0.0012828874259951657,0.0002564389816307867,0.004003859306534228
rotated_condition_8,64,2,21,0.0010946444817192908,0.0008766016019852976,0.003443614276165031
rotated_condition_8,64,2,22,0.0010586400058041094,0.0018607542648516515,0.0022881122028668554
rotated_condition_8,64,2,23,0.0012269767430624359,0.006994369548420367,0.0020977994884287363
rotated_condition_8,64,2,24,0.0010174797174501565,0.00017092103773397543,0.0033453133896248453
rotated_condition_8,64,2,25,0.001189111773918989,0.0010788189046229885,0.004677209340616282
rotated_condition_8,64,2,26,0.0015212621968202513,0.0005552317597575095,0.00557365803172402
rotated_condition_8,64,2,27,0.0020029852102939447,0.0020678328497263083,0.006036323945131871
rotated_condition_8,64,2,28,0.001275878043710065,0.0003507623021374493,0.0040523636711891605
rotated_condition_8,64,2,29,0.0014979039605594107,0.00022647160678783895,0.005439386382349094
rotated_condition_8,64,2,30,0.001331555355279589,9.01887468772443e-05,0.0043749237601277595
rotated_condition_8,64,2,31,0.0012690535482611344,0.0010949297706951897,0.003976577914506096
rotated_condition_8,64,2,32,0.0008468285169727029,0.001390988398736232,0.0027376404443219477
rotated_condition_8,64,2,33,0.001527542886960952,0.005139873586561018,0.003820742056434911
rotated_condition_8,64,2,34,0.001396784131538979,0.0003521551228584623,0.004933113924435184
rotated_condition_8,64,2,35,0.0008658267569623989,0.0018339889491750098,0.0035385068849490683
rotated_condition_8,64,3,0,0.0011299823016064385,0.0011173073046250154,0.0007619375466966997
rotated_condition_8,64,3,1,0.0018212722172850347,0.002788595046602396,0.000927132396279216
rotated_condition_8,64,3,2,0.0011795561994484888,0.0007204395981623843,0.0006159467824011537
rotated_condition_8,64,3,3,0.0014269686893138395,0.002146510698951591,0.0007542143153236867
rotated_condition_8,64,3,4,0.0010770136265840452,0.0010556821701261368,0.0005357228566454588
rotated_condition_8,64,3,5,0.0011131770473402124,0.0012649092308761297,0.0006291355979113566
rotated_condition_8,64,3,6,0.0019102212281262329,0.0030097738784332076,0.0013963441950951678
rotated_condition_8,64,3,7,0.001248987722042434,0.0005753247496703298,0.0006152350243427382
rotated_condition_8,64,3,8,0.001209669588907055,0.0015410187356748504,0.0005737653091637207
rotated_condition_8,64,3,9,0.001686680649912563,0.0013074715206397008,0.0011240553677437483
rotated_condition_8,64,3,10,0.0016930223423654994,0.0062363110093757255,0.0014911095880659427
rotated_condition_8,64,3,11,0.0011469265049758245,0.0012671678257288586,0.0012397954789898989
rotated_condition_8,64,3,12,0.0013336175038096453,0.00015685234365780056,0.0006726545275656938
rotated_condition_8,64,3,13,0.001434049135790801,0.0005789814188473684,0.0008419096487952285
rotated_condition_8,64,3,14,0.0017732973724203273,0.0023184241785787433,0.0010260992140030997
rotated_condition_8,64,3,15,0.0011264910032513355,0.0021642041279865904,0.0007033486345018772
rotated_condition_8,64,3,16,0.0009563540249015289,0.0014630857770239077,0.0005450769713788175
rotated_condition_8,64,3,17,0.0010789525602761879,0.00366174948345424,0.0006184933181168265
rotated_condition_8,64,3,18,0.0015492399810583535,0.0013677584630990718,0.0010418763825045725
rotated_condition_8,64,3,19,0.0021770771039633097,0.009833293395307674,0.0020871747575611924
rotated_condition_8,64,3,20,0.0018269611783809255,0.011176472064156997,0.0017526453531402637
rotated_condition_8,64,3,21,0.0017464284892678176,0.002221007912359198,0.0011711909126927316
rotated_condition_8,64,3,22,0.0020136229935483257,0.0041441196564375934,0.0014715077264417084
rotated_condition_8,64,3,23,0.0013926854598005996,0.007863470716435707,0.0010567731221072844
rotated_condition_8,64,3,24,0.0012328028374898646,0.00024189000560745393,0.0005845642456994348
rotated_condition_8,64,3,25,0.0012299633297001536,0.0008421440659095256,0.0006322625368485735
rotated_condition_8,64,3,26,0.0009090642604960338,0.0018132366712673514,0.0005979107495925956
rotated_condition_8,64,3,27,0.0012452525757186308,0.0021550923744676834,0.000685747486086008
rotated_condition_8,64,3,28,0.0013916393453285458,0.00508856072864689,0.0009248620095724286
rotated_condition_8,64,3,29,0.0017724850302544863,0.0022120056818119675,0.0013830860702323858
rotated_condition_8,64,3,30,0.002264159956982086,0.005316764806602573,0.001848985860532525
rotated_condition_8,64,3,31,0.0012441156774603533,0.0001460355851991685,0.0006289378495292764
rotated_condition_8,64,3,32,0.0018725898080040686,0.015191812038642371,0.0017360220114078558
rotated_condition_8,64,3,33,0.0020216110658240164,0.004009467360151871,0.0011809307170773562
rotated_condition_8,64,3,34,0.0014735438189841005,0.0046256251223171065,0.0008930754154325595
rotated_condition_8,64,3,35,0.0010647935686770385,0.0026995325307633306,0.0005686310505123113
rotated_condition_8,64,4,0,0.004488405920705816,0.005451362301458955,0.0044471563465799955
rotated_condition_8,64,4,1,0.005296029674175564,0.005551375271828215,0.005452331914680019
rotated_condition_8,64,4,2,0.00528683509366611,0.006543166529018282,0.005027513452018238
rotated_condition_8,64,4,3,0.007572110796334789,0.024168035497798234,0.00723099742637137
rotated_condition_8,64,4,4,0.007360739124826428,0.01095574833313618,0.008086748543162176
rotated_condition_8,64,4,5,0.005138140735096416,0.006685059634389014,0.005916686341293068
rotated_condition_8,64,4,6,0.004383859749420673,0.0057463250883733104,0.004970096440213902
rotated_condition_8,64,4,7,0.0066750817994359135,0.015555338538691905,0.0068319551635607455
rotated_condition_8,64,4,8,0.005040965451011373,0.008588989379120851,0.005355801233571461
rotated_condition_8,64,4,9,0.00524688144636193,0.0031641234709902655,0.005070888435033586
rotated_condition_8,64,4,10,0.005600327561103092,0.002174081110022368,0.005426561068474013
rotated_condition_8,64,4,11,0.004929340966993294,0.003956280558024693,0.005165376153437382
rotated_condition_8,64,4,12,0.006307975408493055,0.009006367459248543,0.007422981933575547
rotated_condition_8,64,4,13,0.005152199552981315,0.0011865640058962767,0.005289847484368089
rotated_condition_8,64,4,14,0.006403047072988442,0.00666044787115646,0.006078843106508181
rotated_condition_8,64,4,15,0.00539563135703477,0.0011300468533569376,0.005328464841365962
rotated_condition_8,64,4,16,0.007168699827560851,0.009911141297334499,0.007296121951616483
rotated_condition_8,64,4,17,0.00680837279200656,0.0073585649909963784,0.006727377499678739
rotated_condition_8,64,4,18,0.003732487046667721,0.007030418152104233,0.00371206071183291
rotated_condition_8,64,4,19,0.004946585832125957,0.004267893657202991,0.005400514151762993
rotated_condition_8,64,4,20,0.009446234219807562,0.027082659323105773,0.01168312253597792
rotated_condition_8,64,4,21,0.004445390073676588,0.0020780791426923623,0.004504189434211771
rotated_condition_8,64,4,22,0.004670572903886273,0.010852476924939534,0.004683637006494005
rotated_condition_8,64,4,23,0.005195606363127726,0.005066133653511825,0.005771967657281019
rotated_condition_8,64,4,24,0.007527506567554394,0.017574421948591476,0.009196508298443486
rotated_condition_8,64,4,25,0.0050649660547056954,0.0013071032905827202,0.004838008895420064
rotated_condition_8,64,4,26,0.004753358164367144,0.008424274743622675,0.004581000975223087
rotated_condition_8,64,4,27,0.005305655897060573,0.0034320007660769303,0.005598042367573393
rotated_condition_8,64,4,28,0.0056309471441358915,0.016816711095141844,0.006023085236604785
rotated_condition_8,64,4,29,0.006263309805972984,0.011495407092243266,0.00588736142010937
rotated_condition_8,64,4,30,0.006033488515836373,0.012343782237912056,0.006270147045718617
rotated_condition_8,64,4,31,0.005238418397111616,0.008302467481601903,0.00578580749669686
rotated_condition_8,64,4,32,0.007394596379645532,0.02955677120485051,0.008521302962164634
rotated_condition_8,64,4,33,0.004180542161924155,0.007224928578330823,0.003985122561289207
rotated_condition_8,64,4,34,0.007510158986958193,0.016439005280676114,0.007613684635562778
rotated_condition_8,64,4,35,0.007205432009475717,0.01101233956606374,0.007636153242722211
rotated_condition_8,64,5,0,0.0015360382701177274,0.008850438570915933,0.0017708140116189444
rotated_condition_8,64,5,1,0.003226506986798577,0.0035864809348565207,0.002817608446767145
rotated_condition_8,64,5,2,0.004625636588250555,0.00222423750754639,0.004444934834782355
rotated_condition_8,64,5,3,0.002012396291561703,0.014303929610740718,0.0020072463813843146
rotated_condition_8,64,5,4,0.0031708927810424536,0.002232524999679471,0.0027122142698116232
rotated_condition_8,64,5,5,0.004556411635003588,0.001504927008079303,0.004482855896817083
rotated_condition_8,64,5,6,0.005598276163868933,0.00511924350531535,0.005949918322869296
rotated_condition_8,64,5,7,0.0051817753441461434,0.006417627032436301,0.0049831099217463575
rotated_condition_8,64,5,8,0.003459236481260565,0.0024365502031565484,0.0029804563825566273
rotated_condition_8,64,5,9,0.0032921307232290464,0.005283488782831469,0.0030026867519423513
rotated_condition_8,64,5,10,0.004698229085392433,0.0028644199302692093,0.004567058872728503
rotated_condition_8,64,5,11,0.004886061430942513,0.001529989079955218,0.004625067174413935
rotated_condition_8,64,5,12,0.004252647509094757,0.000734362056832111,0.003796439263705909
rotated_condition_8,64,5,13,0.0047579941692348126,0.004263825699559365,0.004561850114369742
rotated_condition_8,64,5,14,0.0014733874028510065,0.013804678289244185,0.0011582686652999487
rotated_condition_8,64,5,15,0.0034731298560415906,0.00036258365031283763,0.0029359222444124405
rotated_condition_8,64,5,16,0.003989667898391112,0.0041020901777250336,0.003472017029744343
rotated_condition_8,64,5,17,0.0030656397889550864,0.0018610358624853995,0.0025250267463031465
rotated_condition_8,64,5,18,0.0014821486859600724,0.018788669905038687,0.0011717709742871927
rotated_condition_8,64,5,19,0.005123270006349665,0.003896361685774356,0.00468731358790875
rotated_condition_8,64,5,20,0.00342027692617069,0.0017340530945274117,0.003020491674666975
rotated_condition_8,64,5,21,0.003974090728170272,0.003471329806615412,0.0037465682030254762
rotated_condition_8,64,5,22,0.0012211763448301777,0.01617845515078631,0.001725622232864816
rotated_condition_8,64,5,23,0.0048800358731930235,0.0010206578454711136,0.00453860018546697
rotated_condition_8,64,5,24,0.005086283841276909,0.002198328556277156,0.0050775134668558175
rotated_condition_8,64,5,25,0.0055619793519917525,0.0031830437403670563,0.005892580315755829
rotated_condition_8,64,5,26,0.00423718707301714,0.0076934534684156425,0.003860415937651902
rotated_condition_8,64,5,27,0.0038940110214599768,6.872771858571022e-05,0.003450646694124043
rotated_condition_8,64,5,28,0.005742318689649163,0.004934530917264434,0.0058351884943059085
rotated_condition_8,64,5,29,0.004196470340588095,0.0013474783404484733,0.0037756332545113157
rotated_condition_8,64,5,30,0.004417399982775997,0.0022244524298240826,0.0040878585260090885
rotated_condition_8,64,5,31,0.00506830664838554,0.006112663704201631,0.00530916889473068
rotated_condition_8,64,5,32,0.005198527550875065,0.004681073138144698,0.005375391240750122
rotated_condition_8,64,5,33,0.0038711380719418445,0.0006394344041858339,0.0034649394416274
rotated_condition_8,64,5,34,0.0059451212629011395,0.003360773211884797,0.006217905510299427
rotated_condition_8,64,5,35,0.005616504436615658,0.008087174188848783,0.005879465014000156
rotated_condition_8,64,6,0,0.00137010287196224,0.0003862170412710407,0.0013797748086451368
rotated_condition_8,64,6,1,0.002587537176344094,0.002945096724837601,0.0037950543631599517
rotated_condition_8,64,6,2,0.0018550023540641622,0.003029715258393007,0.0026043817457210945
rotated_condition_8,64,6,3,0.0019012503732097313,0.00288896846046562,0.002592693634541581
rotated_condition_8,64,6,4,0.0021212975866876627,0.002068485438390863,0.003038290317155471
rotated_condition_8,64,6,5,0.0012735373262058834,0.003899448235339887,0.0008092514921271222
rotated_condition_8,64,6,6,0.0018982201134968282,0.004087295955114681,0.0022791087436951326
rotated_condition_8,64,6,7,0.0020850918245276275,0.0027421589333483324,0.002709186123776592
rotated_condition_8,64,6,8,0.000824002609784562,0.0013571961295085313,0.0005604506428903153
rotated_condition_8,64,6,9,0.000837926383774848,0.001459015844593312,0.0004994389349150091
rotated_condition_8,64,6,10,0.000912380837888196,0.0005599529192694302,0.0005679392064074586
rotated_condition_8,64,6,11,0.0012566779922201005,0.001258912089409116,0.0010962222364425643
rotated_condition_8,64,6,12,0.001506707804103351,0.0011978719504972973,0.0016963018535323163
rotated_condition_8,64,6,13,0.0014959513059562553,0.0003744089777636862,0.0014862901673100533
rotated_condition_8,64,6,14,0.0009630112821916046,0.004338258921081568,0.000667979532691511
rotated_condition_8,64,6,15,0.001687643065669286,0.001850028053709237,0.0017519809322382213
rotated_condition_8,64,6,16,0.0026553374216191908,0.006714455759449836,0.003908956791676389
rotated_condition_8,64,6,17,0.0020328850590294783,0.002397179331539836,0.0024731698522414297
rotated_condition_8,64,6,18,0.0014008669533424794,0.0007895500184164887,0.0011985703270317744
rotated_condition_8,64,6,19,0.0016092306861859875,0.0003785869500664336,0.0016952407051210668
rotated_condition_8,64,6,20,0.0008587933278929897,0.0019142354272444215,0.0005826357167181416
rotated_condition_8,64,6,21,0.0011834254043652948,0.00028309728874924116,0.0008613369474075876
rotated_condition_8,64,6,22,0.0017940910892451133,0.0025539127121173813,0.0022538426222098473
rotated_condition_8,64,6,23,0.001005095204261444,0.0004891451103901174,0.0006495191554492717
rotated_condition_8,64,6,24,0.0010240267220784464,0.0005547882111293642,0.0006253609703247218
rotated_condition_8,64,6,25,0.0014759936298871848,0.0022285829906242764,0.0016708295249321355
rotated_condition_8,64,6,26,0.0019337101584352991,0.001465128549730743,0.0025733877203027436
rotated_condition_8,64,6,27,0.0008775158430306144,0.0026720827893190425,0.000529808574763653
rotated_condition_8,64,6,28,0.0021184513031795773,0.002537416027940869,0.0029425171925776842
rotated_condition_8,64,6,29,0.0020267572004658884,0.0019511900456003685,0.002445499186649914
rotated_condition_8,64,6,30,0.0014315294847986279,0.0009019591286402345,0.0012911252562965725
rotated_condition_8,64,6,31,0.0016606692217839825,0.0032824729578015324,0.0020822725003562187
rotated_condition_8,64,6,32,0.0017088666461249201,0.0010460220531909258,0.0018525388018990258
rotated_condition_8,64,6,33,0.0013404608398768585,0.0015175610879035782,0.001047722988809553
rotated_condition_8,64,6,34,0.0015825152735068479,0.00191769731946324,0.0017303411872736276
rotated_condition_8,64,6,35,0.001046847668801575,0.00276710322452196,0.0008815817779005518
rotated_condition_8,64,7,0,0.003325465936704402,0.0025243702435775394,0.00503144624001059
rotated_condition_8,64,7,1,0.0031611570719268633,0.007260454100710965,0.0035207593448148976
rotated_condition_8,64,7,2,0.0041921642663189426,0.007325543890824104,0.00977963789573632
rotated_condition_8,64,7,3,0.003264278186466444,0.0021828162279430557,0.00537861313175438
rotated_condition_8,64,7,4,0.0029563572039309374,0.0028505161351813006,0.004266825869647644
rotated_condition_8,64,7,5,0.0037331793574415712,0.002152414427904358,0.0057988941315876945
rotated_condition_8,64,7,6,0.0031081303056398617,0.0005721493975818666,0.004286874814015259
rotated_condition_8,64,7,7,0.003345191051383314,0.005253531229871508,0.0030779099883239194
rotated_condition_8,64,7,8,0.0037880979268870765,0.00401927932792154,0.005535121445466624
rotated_condition_8,64,7,9,0.003252891051892644,0.002371003671527143,0.003228704042602241
rotated_condition_8,64,7,10,0.0031340303645168146,0.005117424899803029,0.00448690254389476
rotated_condition_8,64,7,11,0.00342997483275543,0.0013721253777020542,0.004460330721693886
rotated_condition_8,64,7,12,0.0033928364257871627,0.002873572715805376,0.0036571150944699365
rotated_condition_8,64,7,13,0.0048686561312405695,0.01437547262820554,0.004944295839241977
rotated_condition_8,64,7,14,0.003065448586804027,0.0014238419206566296,0.0032838406728348713
rotated_condition_8,64,7,15,0.0028632074244814704,0.0050611912234626265,0.0026506193652090946
rotated_condition_8,64,7,16,0.0034590535596849214,0.0011849205841371565,0.00469330642807962
rotated_condition_8,64,7,17,0.003278616094219171,0.0061746231052801775,0.006307724534971013
rotated_condition_8,64,7,18,0.003422623029171479,0.002625815236832487,0.0038321121179664104
rotated_condition_8,64,7,19,0.0030973872692793654,0.000408785689140287,0.0041786968714949135
rotated_condition_8,64,7,20,0.0035784970294611244,0.005867955189201043,0.004467200200013043
rotated_condition_8,64,7,21,0.003658935925042906,0.003548436166146356,0.00586814346148499
rotated_condition_8,64,7,22,0.0032010143559559907,0.006686940441271089,0.0031441007089270958
rotated_condition_8,64,7,23,0.0031139374232577372,0.0025047481009221103,0.004397545545683744
rotated_condition_8,64,7,24,0.003169382179672939,0.0022804149271776816,0.004619391986905174
rotated_condition_8,64,7,25,0.0032536434870898794,0.007841218838642177,0.005873658819513112
rotated_condition_8,64,7,26,0.0032949740921220843,0.0005904867286321568,0.004953543595904041
rotated_condition_8,64,7,27,0.003033957991328044,0.001709755748262908,0.004098434882457459
rotated_condition_8,64,7,28,0.003536135753492077,0.0010496075920107908,0.004939817748358155
rotated_condition_8,64,7,29,0.002936242964860364,0.004629684865240895,0.0032037907654617454
rotated_condition_8,64,7,30,0.00301216559546829,0.0019143819394420226,0.004181972024311924
rotated_condition_8,64,7,31,0.0034980889676872874,0.005758751094776722,0.004725143331604615
rotated_condition_8,64,7,32,0.0033180161964831622,0.0013181874032211515,0.0042351480242717125
rotated_condition_8,64,7,33,0.005015558937797498,0.013012692790058684,0.010645873456625468
rotated_condition_8,64,7,34,0.003563641444480538,0.0033957275293613697,0.0043276824975652375
rotated_condition_8,64,7,35,0.0035309094590467147,0.002272160569774622,0.0056320046675198444
rotated_condition_8,128,0,0,0.0033299878235349203,0.0032137081028366906,0.0045283881369270656
rotated_condition_8,128,0,1,0.00457986142544981,0.0010483500092204434,0.0054895517043814495
rotated_condition_8,128,0,2,0.003582730291453704,0.0009524879876628514,0.00462523613684029
rotated_condition_8,128,0,3,0.004957416539382589,0.0008777246560184973,0.005777198827291541
rotated_condition_8,128,0,4,0.002198426461059133,0.00460395493564844,0.003668577151463283
rotated_condition_8,128,0,5,0.0023095116839180157,0.005638034656515996,0.003585824410259281
rotated_condition_8,128,0,6,0.003977696872716862,0.0006399941272052608,0.005042664849220178
rotated_condition_8,128,0,7,0.004750774336558024,0.0011849986619993647,0.005617882994638445
rotated_condition_8,128,0,8,0.003020108614956182,0.0028856043287871177,0.004388555434807892
rotated_condition_8,128,0,9,0.0040898151047063,0.0007248104029529809,0.00537965049038522
rotated_condition_8,128,0,10,0.006687885523415461,0.003726635099013007,0.00754143613993411
rotated_condition_8,128,0,11,0.005932828549178872,0.0015153359615573997,0.006950818176244755
rotated_condition_8,128,0,12,0.005521427828103371,0.0008016980690951077,0.006365946054773688
rotated_condition_8,128,0,13,0.0053955082140158105,0.001078867678483541,0.006205902713509365
rotated_condition_8,128,0,14,0.004132099818906373,0.00030178313244484325,0.00528277146919462
rotated_condition_8,128,0,15,0.004192887438654093,0.00046670335623328577,0.005134274714837616
rotated_condition_8,128,0,16,0.004848477720863317,0.0004892152660333196,0.005895982980769354
rotated_condition_8,128,0,17,0.0034896009972471016,0.0017422660563959263,0.004715803003224877
rotated_condition_8,128,0,18,0.005200466506593451,0.0009897928380507284,0.006001571833213742
rotated_condition_8,128,0,19,0.004082598543277636,0.00049312693470491,0.005127314550842354
rotated_condition_8,128,0,20,0.002780768528174124,0.0019706962313894866,0.00424607293838979
rotated_condition_8,128,0,21,0.004868260232812916,0.0008654517709610594,0.005702338275262777
rotated_condition_8,128,0,22,0.005861964558352411,0.0012900473473252537,0.0068036292467952885
rotated_condition_8,128,0,23,0.00545063338368441,0.0008423120103127266,0.006399324522569915
rotated_condition_8,128,0,24,0.004939173170108252,0.0018553133608435247,0.005740717897718406
rotated_condition_8,128,0,25,0.004494793147973769,0.000567890828343487,0.005493481043122188
rotated_condition_8,128,0,26,0.005287476967992435,0.00038903982702948373,0.006253956758471919
rotated_condition_8,128,0,27,0.0033459985117231554,0.0004093369667822307,0.004605175316700352
rotated_condition_8,128,0,28,0.0028099235524358915,0.0025244684402480934,0.004432087253131474
rotated_condition_8,128,0,29,0.0056983221587463325,0.002014319338891679,0.006519347628464843
rotated_condition_8,128,0,30,0.0034393947985075944,0.0017381896049381046,0.004535377711595686
rotated_condition_8,128,0,31,0.004833298018213127,0.0011784529993269662,0.005803445343034297
rotated_condition_8,128,0,32,0.005623454869714481,0.001257493074192136,0.006458845359773353
rotated_condition_8,128,0,33,0.005179055555709262,0.00029530913453226434,0.006128923442682194
rotated_condition_8,128,0,34,0.0040181280387205105,0.0005344980686898537,0.004975952043127767
rotated_condition_8,128,0,35,0.0042773850712124325,0.00040096342975774356,0.00526658258463905
rotated_condition_8,128,1,0,0.000279672059449528,0.001034038321693301,0.001188347239070953
rotated_condition_8,128,1,1,0.0002950299402436554,0.0004987823465619225,0.0006204267934264164
rotated_condition_8,128,1,2,0.00034202519221644044,0.001082167016971898,0.0006696872485621097
rotated_condition_8,128,1,3,0.0001312484461314254,0.000968859396007642,0.00021924831209013985
rotated_condition_8,128,1,4,0.00024973010503428523,0.0011355289949779301,0.0006435284034086077
rotated_condition_8,128,1,5,0.00020811229782845676,0.001104372055588216,0.0003231677381037208
rotated_condition_8,128,1,6,0.00021576555642579675,0.0005962903301649085,0.0004855320192918657
rotated_condition_8,128,1,7,0.0003838628580949057,0.0012759552981221078,0.001293766301315006
rotated_condition_8,128,1,8,0.0003232676831258031,0.002915567038183761,0.001395324703080691
rotated_condition_8,128,1,9,0.0001481452546202288,0.0034651268622464047,0.00010946777143812155
rotated_condition_8,128,1,10,0.00023294747506890992,0.002359209408397807,0.00028721015898888665
rotated_condition_8,128,1,11,0.00011091254513034103,0.0031698767511276794,0.00016054174120729112
rotated_condition_8,128,1,12,0.00015807475896639325,0.0007534936155045434,0.00032693952541563347
rotated_condition_8,128,1,13,0.0004335022896215114,0.001977889818596772,0.0009695843568837802
rotated_condition_8,128,1,14,0.00023268058719664306,0.0002410810862876641,0.0003784420881104754
rotated_condition_8,128,1,15,0.00027336362736490026,0.0015801156064283962,0.0005283314060550551
rotated_condition_8,128,1,16,0.0007597351462530764,0.005760351554259575,0.003507079105105845
rotated_condition_8,128,1,17,7.786426494869409e-05,0.0017513218337070363,8.413622020608516e-05
rotated_condition_8,128,1,18,0.0002710828748727829,0.0034382474468830546,0.0006388312859824569
rotated_condition_8,128,1,19,0.00028501353028753174,0.0011342709554255019,0.0011071599988109555
rotated_condition_8,128,1,20,0.0005377539948346092,0.004241472068553207,0.002500818686822685
rotated_condition_8,128,1,21,0.0005112121842118097,0.0026963215196426213,0.001175698472914845
rotated_condition_8,128,1,22,0.00025609456855477466,0.0003631152164049478,0.0006158899107879402
rotated_condition_8,128,1,23,0.00029702533396367076,8.444281527069125e-05,0.0008009350247117615
rotated_condition_8,128,1,24,0.0003071553049077048,0.0005210284730843395,0.0011306033047908922
rotated_condition_8,128,1,25,0.0007080813521931008,0.0035615892846817456,0.00261727034238554
rotated_condition_8,128,1,26,0.0002155225546007097,0.005655124999288169,0.000313710143718996
rotated_condition_8,128,1,27,0.0003082550244114963,0.006629187555638716,0.00036751376530429084
rotated_condition_8,128,1,28,0.00029881956003609695,0.0005599299395274986,0.0005502425404021935
rotated_condition_8,128,1,29,0.00034299427406364467,0.0005397802874465336,0.000859515586274453
rotated_condition_8,128,1,30,0.0001523224449982627,0.0014579417835457976,0.000280055411968343
rotated_condition_8,128,1,31,0.0009025632478414074,0.00665347861899376,0.0033705966128500324
rotated_condition_8,128,1,32,0.00016609919134292733,0.0007948084646089299,0.00021830719016657405
rotated_condition_8,128,1,33,0.000196187399913033,0.0007198142395467167,0.00040083595813435657
rotated_condition_8,128,1,34,9.259115639378384e-05,0.0021002786009430363,0.00012169467946084321
rotated_condition_8,128,1,35,0.00014043457322399284,0.00190524458758414,0.00040772058736282654
rotated_condition_8,128,2,0,0.002822503821562078,0.0038139862199447305,0.009020313405132553
rotated_condition_8,128,2,1,0.0026159402742793824,0.0007599948405588036,0.006712088478114119
rotated_condition_8,128,2,2,0.0026600842928518544,0.000723066660397167,0.006902696289783388
rotated_condition_8,128,2,3,0.003394766346433528,0.002318443967845401,0.009923080330379055
rotated_condition_8,128,2,4,0.0024254594896323542,0.002808591279867828,0.006751471944017026
rotated_condition_8,128,2,5,0.00365682769579047,0.007113593617171885,0.011630920425823157
rotated_condition_8,128,2,6,0.0022767105440851315,0.0006824258164390581,0.006338783788415011
rotated_condition_8,128,2,7,0.002538839488613663,0.001972824703153197,0.007361178398274453
rotated_condition_8,128,2,8,0.0026553975992768993,0.0004838782391472458,0.006656428110413507
rotated_condition_8,128,2,9,0.002215210160984831,0.0008803124076421037,0.0063136222491420365
rotated_condition_8,128,2,10,0.0019502739791641454,0.0018292413975775732,0.0051545021618264065
rotated_condition_8,128,2,11,0.0023459589088900275,0.001119920766850099,0.00709865676708292
rotated_condition_8,128,2,12,0.003008195604600128,0.0021416096614373923,0.00824638705589504
rotated_condition_8,128,2,13,0.0033131797294114603,0.001021048844691734,0.009265214662774421
rotated_condition_8,128,2,14,0.0022342967683041956,0.0018132426160590025,0.006243615849942189
rotated_condition_8,128,2,15,0.0029467719739533055,0.0003950784801289885,0.00795137071676259
rotated_condition_8,128,2,16,0.0027768004206059783,0.0004138644710782837,0.00792105358719383
rotated_condition_8,128,2,17,0.002649977506515992,0.0001669546522530572,0.007461776346942218
rotated_condition_8,128,2,18,0.002769971337746032,0.0012634497329233497,0.008435280552040682
rotated_condition_8,128,2,19,0.002368414359067501,0.0017540203113527693,0.006335642389005783
rotated_condition_8,128,2,20,0.0028295792652674482,0.0015438806952809934,0.008576893121147839
rotated_condition_8,128,2,21,0.002569347716784612,0.00027511964478740803,0.007270447348451025
rotated_condition_8,128,2,22,0.0032772863305345293,0.0015427276226547188,0.008895096529560133
rotated_condition_8,128,2,23,0.002597808642740345,0.00011702673712807267,0.007130975184273929
rotated_condition_8,128,2,24,0.002940777337599683,0.001774817159882812,0.009016564081016618
rotated_condition_8,128,2,25,0.0019746930351597276,0.0012868002694684981,0.005181783179649489
rotated_condition_8,128,2,26,0.002975406251062313,0.0014750276660113323,0.008607606935933492
rotated_condition_8,128,2,27,0.002207826554440614,0.0004281050154255849,0.005746398227680619
rotated_condition_8,128,2,28,0.0027312112226609226,0.00022806737342173078,0.007019730749636261
rotated_condition_8,128,2,29,0.0024330975373351733,0.0011714535103321392,0.006307886473831159
rotated_condition_8,128,2,30,0.002311467364148001,0.0007564507815914525,0.006009115832223844
rotated_condition_8,128,2,31,0.003010709267802743,0.0006152072376806117,0.008234867213691741
rotated_condition_8,128,2,32,0.002712290709603841,0.0009024443223170705,0.008071049361356723
rotated_condition_8,128,2,33,0.002398174109285993,0.0022869352863720627,0.00750126159087166
rotated_condition_8,128,2,34,0.002191389283132451,0.001193907433427523,0.005944566396746384
rotated_condition_8,128,2,35,0.002777389227603386,0.0036269951624014166,0.00896657772517162
rotated_condition_8,128,3,0,0.00041514667187042103,0.003979967061446946,0.000934154084249578
rotated_condition_8,128,3,1,0.0003039887287996151,0.002165852146311996,0.0002433797652274689
rotated_condition_8,128,3,2,0.00012916158427550196,0.0013373006876866212,0.00019043309775752175
rotated_condition_8,128,3,3,0.000333241259388529,0.0047952620054227115,0.00026548663343679894
rotated_condition_8,128,3,4,0.00019087588268958559,0.00029088527014834006,0.0002189376535894423
rotated_condition_8,128,3,5,6.14825238388834e-05,0.0023421829414926364,9.769930425879207e-05
rotated_condition_8,128,3,6,0.00043263446186331473,0.005288294949719762,0.0005078241083427781
rotated_condition_8,128,3,7,0.0001920598677494178,0.002500498549448958,0.0004126694113693669
rotated_condition_8,128,3,8,0.000320083878366852,0.0020691421152695,0.00021764714453828223
rotated_condition_8,128,3,9,0.0002788083538050387,0.0004577878355476222,0.0002570709162463359
rotated_condition_8,128,3,10,0.00011000034804039204,0.0021158985025303604,8.959941150172314e-05
rotated_condition_8,128,3,11,0.0002297115873104479,0.0019279968162222436,0.00024287698308677995
rotated_condition_8,128,3,12,0.0002667561026203938,0.003444176669999551,0.00020835114176592876
rotated_condition_8,128,3,13,0.00014331664063846848,0.001287750917046061,0.0002144836977164938
rotated_condition_8,128,3,14,0.00028908649161007294,0.003597353561662498,0.000248377783222745
rotated_condition_8,128,3,15,0.00020547005128829503,0.0008346205106752325,0.00016882812651802795
rotated_condition_8,128,3,16,5.6077383719423564e-05,0.0022320022776834546,9.918292506549926e-05
rotated_condition_8,128,3,17,0.0005450610477705528,0.006668315399829691,0.0004522210471122794
rotated_condition_8,128,3,18,9.56357085498025e-05,0.004234722388881335,0.00010862938876969167
rotated_condition_8,128,3,19,0.00010945996699919392,0.0005452262768448792,8.671456964303527e-05
rotated_condition_8,128,3,20,0.00037705228089550706,0.0063893938628577385,0.0009187179221006294
rotated_condition_8,128,3,21,0.00023350773052192267,0.0017025497947570384,0.00018766456228947565
rotated_condition_8,128,3,22,0.00019659535363091902,0.003343790239717169,0.0002181487587837396
rotated_condition_8,128,3,23,0.00026083968973120635,0.0006475383768596858,0.00021178240703012931
rotated_condition_8,128,3,24,0.00024429114125371965,0.0010147474695490046,0.00021884971852111608
rotated_condition_8,128,3,25,3.116573754991771e-05,0.0020675642285288617,3.5017532980647864e-05
rotated_condition_8,128,3,26,0.00022478017612022867,0.001205769058109869,0.0002638802095432819
rotated_condition_8,128,3,27,0.00029561399318390666,0.0015937751146614218,0.0002735065799431518
rotated_condition_8,128,3,28,0.00027753489666995396,0.0018743506256523614,0.0002501061417847274
rotated_condition_8,128,3,29,0.00016504989008272938,0.0009476817228991127,0.00013429808159203275
rotated_condition_8,128,3,30,0.00026573210461924087,0.000572944739368223,0.00024583996953547597
rotated_condition_8,128,3,31,0.00031822435599954536,0.000850402146085133,0.000378300515987612
rotated_condition_8,128,3,32,0.0004725795581811446,0.0036210655380232225,0.0005917554748863445
rotated_condition_8,128,3,33,0.00019349294864427362,0.0018816935865197816,0.00016582582051521378
rotated_condition_8,128,3,34,0.00029286998075803643,0.0016489699769964938,0.00034601013685856387
rotated_condition_8,128,3,35,0.0001533566641405511,0.0033791842228257513,0.00012613625265847346
rotated_condition_8,128,4,0,0.0013157665628549852,0.002194362647044066,0.00193105113310714
rotated_condition_8,128,4,1,0.00040473682351451124,0.0012871413910922396,0.0005917153113030263
rotated_condition_8,128,4,2,0.00021018640880947343,0.002229244507096391,0.0002602167029267543
rotated_condition_8,128,4,3,0.0002577282214784221,0.002101262685307941,0.000335808930138896
rotated_condition_8,128,4,4,0.0009802803890415607,0.003518428127136595,0.0014474629402105059
rotated_condition_8,128,4,5,0.0004964011031241835,0.0008944377418234622,0.0007477123537286362
rotated_condition_8,128,4,6,0.0002820302408459163,0.0008482657671293908,0.00041592340853615023
rotated_condition_8,128,4,7,0.0003322929448629919,0.0007643568085544855,0.00047365030633578816
rotated_condition_8,128,4,8,0.0006870845934081658,0.0019954835968409783,0.0010262383453605193
rotated_condition_8,128,4,9,0.00021530058805892092,0.0014487012329491061,0.00030922841640038015
rotated_condition_8,128,4,10,0.0005428620227965656,0.007190261114485671,0.0006414480421114988
rotated_condition_8,128,4,11,0.001326629782751137,0.0017738223344327894,0.0019396198633011002
rotated_condition_8,128,4,12,0.00030402151084330176,0.0002767982294134183,0.0004424736370711328
rotated_condition_8,128,4,13,0.0010138999799199305,0.001216110889401423,0.001492927513569779
rotated_condition_8,128,4,14,0.0005560423265158041,0.001336439828535905,0.0008007901882901031
rotated_condition_8,128,4,15,0.0009987750827755984,0.0010000357623763576,0.0014620386365785335
rotated_condition_8,128,4,16,0.0002118686418538759,0.0018539037115150054,0.0002637816435910876
rotated_condition_8,128,4,17,0.0011503570084826639,0.0021486200731895303,0.0016983495136629445
rotated_condition_8,128,4,18,0.0002561556425346243,0.000557366856607767,0.000372313154670185
rotated_condition_8,128,4,19,0.000695867891436025,0.0009164933351259576,0.0010205343173230906
rotated_condition_8,128,4,20,0.0003001781947135438,0.000985356397887857,0.0004306947396903375
rotated_condition_8,128,4,21,0.0009417423236655953,0.001397133897052935,0.00139663320182061
rotated_condition_8,128,4,22,0.0008231539800139418,0.0007230392733694676,0.0011974039763637278
rotated_condition_8,128,4,23,0.0003552868798218222,0.0005641039632763194,0.000518773479171978
rotated_condition_8,128,4,24,0.00038217941635354866,0.0015345245804804664,0.0005512600335487127
rotated_condition_8,128,4,25,0.0008774013122859061,0.002126539903704201,0.0012911974060547228
rotated_condition_8,128,4,26,0.00035495541752092143,0.0017356263236092287,0.00048470197653066295
rotated_condition_8,128,4,27,0.0004359840555439887,0.001774596816375955,0.0006130580640813063
rotated_condition_8,128,4,28,0.0008508314563523213,0.0003468725885434952,0.0012445147164201918
rotated_condition_8,128,4,29,0.00030682088662086567,0.002719151366387563,0.00041568034476191615
rotated_condition_8,128,4,30,0.00028091076230445143,0.0010446614189411644,0.00037777065090512953
rotated_condition_8,128,4,31,0.0005549124494213027,0.003379620756308728,0.0008228898387397411
rotated_condition_8,128,4,32,0.0004931631855402654,0.0020499134419013475,0.0007223971376378874
rotated_condition_8,128,4,33,0.0007674731676551471,0.008009398701925718,0.001118446315888525
rotated_condition_8,128,4,34,0.001247465687938438,0.005030018819776225,0.0018172682654534107
rotated_condition_8,128,4,35,0.00025175343245529126,0.0028038641312078307,0.0003707525868762058
rotated_condition_8,128,5,0,0.0004384710682161043,0.001322812884438321,0.0007628662107103254
rotated_condition_8,128,5,1,0.00047008430180225713,0.0008668374576356627,0.0008037987549100431
rotated_condition_8,128,5,2,0.0005147696838893025,0.0014977431639427532,0.0008735100761403713
rotated_condition_8,128,5,3,0.0005827042959918764,0.0005214602948251135,0.0010628153223519632
rotated_condition_8,128,5,4,0.001015396520839502,0.008690346972954455,0.0013393664371608575
rotated_condition_8,128,5,5,0.0006373498187188169,0.001954500923301376,0.001149617952476221
rotated_condition_8,128,5,6,0.0005068826918160046,0.00010967001372389292,0.0009644392188066023
rotated_condition_8,128,5,7,0.0006437152635579476,0.0013730106918693906,0.001088266317826387
rotated_condition_8,128,5,8,0.0005756182100863807,0.0019233208646496761,0.0011370052068281438
rotated_condition_8,128,5,9,0.0004022113096552387,0.0015862701750826262,0.0007490908066201165
rotated_condition_8,128,5,10,0.0005141285324293202,0.00019993671572376227,0.0008813606316671973
rotated_condition_8,128,5,11,0.0004974503656208808,0.0023238251550714143,0.0007955874389025642
rotated_condition_8,128,5,12,0.0005818335389275992,0.0008472287421619195,0.0010573602579527577
rotated_condition_8,128,5,13,0.0006258247131042411,0.0009780110484522535,0.0010659148425006548
rotated_condition_8,128,5,14,0.0007543706950683415,0.0026959136827625642,0.0011949954200128501
rotated_condition_8,128,5,15,0.0006774959423916659,0.001027131548941914,0.0010196691222212975
rotated_condition_8,128,5,16,0.0005091138442973066,0.0020886513813537446,0.0008407167972572995
rotated_condition_8,128,5,17,0.0006339923153550774,0.0011668858349461369,0.000968273065331843
rotated_condition_8,128,5,18,0.00048180155726876,0.0008857454890787543,0.0009293761942636169
rotated_condition_8,128,5,19,0.0006026035021386891,0.002726706039121722,0.0013911891984877325
rotated_condition_8,128,5,20,0.0006289453322265886,0.0021926417910695484,0.0010155368675965424
rotated_condition_8,128,5,21,0.0005271822312942181,4.668958542716451e-05,0.0009167213933559493
rotated_condition_8,128,5,22,0.0005906357928520377,0.00069568557476016,0.0009587905930484018
rotated_condition_8,128,5,23,0.0005445065660559323,0.0003075823717382575,0.0009020999172766051
rotated_condition_8,128,5,24,0.0005377648727150089,0.0014595475785378607,0.0008462644704020374
rotated_condition_8,128,5,25,0.0008778837002728235,0.00435599057946674,0.0013138484146636808
rotated_condition_8,128,5,26,0.0007462033840886077,0.0015051759044161523,0.0010472985654450455
rotated_condition_8,128,5,27,0.0005134496915137076,0.00013987594391267304,0.0008834783547775989
rotated_condition_8,128,5,28,0.00045870113011876304,0.0008269954837902953,0.0008208757835903885
rotated_condition_8,128,5,29,0.0005362266601087334,0.0013432716718965241,0.0010260401213405953
rotated_condition_8,128,5,30,0.0005114081265084826,0.00041906832148315366,0.0009971867541798372
rotated_condition_8,128,5,31,0.0005181439800871895,0.0015604751300092455,0.0008680888516730716
rotated_condition_8,128,5,32,0.0006472937790986881,0.001734688169743351,0.0010511473733330714
rotated_condition_8,128,5,33,0.0007606390817979606,0.005572556595013809,0.001109301255585884
rotated_condition_8,128,5,34,0.0005646150347871116,0.001723983189572272,0.0012636784353823737
rotated_condition_8,128,5,35,0.0005246379084292773,0.0012947089498011638,0.0010081950323868542
rotated_condition_8,128,6,0,0.00037779979110018233,0.0021487686599042134,0.0003716517901654541
rotated_condition_8,128,6,1,0.00012718126427556156,0.008979524628291229,0.00015389981616853717
rotated_condition_8,128,6,2,0.00023479205734246156,0.0006245293011660167,0.00024240427475346623
rotated_condition_8,128,6,3,0.0002920543027317465,0.0025230312231998837,0.0003028652837151262
rotated_condition_8,128,6,4,6.914849293384185e-05,0.0020169325532181995,0.0001351094620065992
rotated_condition_8,128,6,5,0.0006308198300616288,0.0012264636159126552,0.000671908155090436
rotated_condition_8,128,6,6,0.00017750452238192872,0.00034892283572539014,0.00016887008681290534
rotated_condition_8,128,6,7,0.00012039473547196279,0.003021990656047187,0.0001288737654193956
rotated_condition_8,128,6,8,0.00010866597937838235,0.000908113986635399,0.00010942082962227636
rotated_condition_8,128,6,9,0.0006924778196068051,0.001964812618748219,0.0007343895105158399
rotated_condition_8,128,6,10,0.00029649724504119963,0.0001388350268133256,0.00029635949602888263
rotated_condition_8,128,6,11,0.0002592175499726663,0.001548758585858946,0.00024284040892789353
rotated_condition_8,128,6,12,2.6120459086608122e-05,0.004086780844143653,0.00013259635874112642
rotated_condition_8,128,6,13,0.0001833287215163101,0.0002713076369254396,0.00018176834700245115
rotated_condition_8,128,6,14,0.00044108999935584187,0.002006620495125082,0.0004553248839976586
rotated_condition_8,128,6,15,0.00045505852069405514,0.004427682336119138,0.0005202248911690093
rotated_condition_8,128,6,16,0.00030704531325674225,0.001398921073981776,0.00031638226597406664
rotated_condition_8,128,6,17,6.331689083867063e-05,0.0011537423416610824,0.00010388847926972051
rotated_condition_8,128,6,18,0.000562460993369289,0.003541819254079288,0.0005397706526725968
rotated_condition_8,128,6,19,0.0004049426735285265,0.003298825191199158,0.000468719453721678
rotated_condition_8,128,6,20,0.00034416422380435064,0.0022368860116698634,0.00034186421473597086
rotated_condition_8,128,6,21,1.2825474098371521e-05,0.003997264942508069,2.8302195191341786e-05
rotated_condition_8,128,6,22,0.00019208981105231363,0.0022285015038369126,0.00024539334209044804
rotated_condition_8,128,6,23,0.0008681163088222673,0.003744656340563566,0.0009760102457060985
rotated_condition_8,128,6,24,0.00035200145843079176,0.0009580055280519287,0.00034981955656421016
rotated_condition_8,128,6,25,5.339109058676857e-05,0.0041447978162026285,0.00013121186069027301
rotated_condition_8,128,6,26,0.00037503027605148586,0.0012913295731596425,0.0003938854813968041
rotated_condition_8,128,6,27,0.00013520267920254315,0.002188577293790531,0.00017206863477061513
rotated_condition_8,128,6,28,0.0001085589103489868,0.0028133393273975143,0.0002331793616729202
rotated_condition_8,128,6,29,0.00011336770641147951,0.0006857236890335904,0.00015630260078393997
rotated_condition_8,128,6,30,0.0005142637812050217,0.0024782320665299095,0.0005538252676864878
rotated_condition_8,128,6,31,6.9916298430256e-05,0.0028420766737448904,0.00010898547267758356
rotated_condition_8,128,6,32,9.28015642004541e-05,0.0015142756342265418,9.946845324288915e-05
rotated_condition_8,128,6,33,0.00013317124301330673,0.0010792135374765892,0.00019113862861475678
rotated_condition_8,128,6,34,6.294175221183907e-05,0.004697298395543839,0.00036947909539053676
rotated_condition_8,128,6,35,0.0008619236402948664,0.0023111049649353573,0.0009302361793170443
rotated_condition_8,128,7,0,0.002820364811617232,0.006866741616748767,0.0030661922385195276
rotated_condition_8,128,7,1,0.00262058753930045,0.002406502303755035,0.002790134172936942
rotated_condition_8,128,7,2,0.0022679564477376688,0.0006633813850075372,0.002416718753876844
rotated_condition_8,128,7,3,0.0020845959101322576,0.012654144356815661,0.00199754981577739
rotated_condition_8,128,7,4,0.004011242934518971,0.008214328973842238,0.004461960340601442
rotated_condition_8,128,7,5,0.0029218291146483354,0.002559630866162042,0.0029745376766295633
rotated_condition_8,128,7,6,0.0029795647303256663,0.0031124412631165703,0.003111694918884694
rotated_condition_8,128,7,7,0.001617787207436591,0.00577134069871503,0.001959114186777607
rotated_condition_8,128,7,8,0.0021784174172520365,0.0030342266777784264,0.0023841676037187768
rotated_condition_8,128,7,9,0.003504313244481871,0.0017676375751004498,0.003653020637497253
rotated_condition_8,128,7,10,0.0019375759113018597,0.0035579841517054977,0.002032487117640154
rotated_condition_8,128,7,11,0.00267019268421541,0.004421470689294768,0.0028560847364833978
rotated_condition_8,128,7,12,0.0015489531263920336,0.0035629063703203844,0.0017727828396305212
rotated_condition_8,128,7,13,0.0019073944465495107,0.008403116669200801,0.0018188674937037793
rotated_condition_8,128,7,14,0.0028024339607835994,0.0013533984379647153,0.003037867270353647
rotated_condition_8,128,7,15,0.0010593824283347977,0.009490710770205378,0.0014401830051044748
rotated_condition_8,128,7,16,0.003034592030586129,0.0038005034054787177,0.003078686283033071
rotated_condition_8,128,7,17,0.0010491902242818877,0.011053726391144278,0.001426875778745438
rotated_condition_8,128,7,18,0.004164002535298585,0.004665973640672342,0.004387708606078184
rotated_condition_8,128,7,19,0.004696325697559272,0.0030131325260819566,0.005001521441913917
rotated_condition_8,128,7,20,0.004900015134087451,0.0031257322503420197,0.005403082720557265
rotated_condition_8,128,7,21,0.0022505265776797184,0.001404927391759975,0.0022419334659070454
rotated_condition_8,128,7,22,0.0019015229900219966,0.008081484513155676,0.0022624186220718723
rotated_condition_8,128,7,23,0.004444715294536446,0.002934189562346071,0.00470076218056251
rotated_condition_8,128,7,24,0.003756583079034137,0.00201883295317018,0.0038171088472387
rotated_condition_8,128,7,25,0.0010694541741404096,0.004653257224620004,0.001235851976693581
rotated_condition_8,128,7,26,0.001416772404654453,0.004145308937261044,0.0016075646819824032
rotated_condition_8,128,7,27,0.0033418058085921813,0.0101772800094049,0.0036677507721847593
rotated_condition_8,128,7,28,0.0021572972509689477,0.010216416738508347,0.002152641343414788
rotated_condition_8,128,7,29,0.0019622462434053427,0.007602189382005231,0.002097792141953453
rotated_condition_8,128,7,30,0.00151019322746676,0.0027442293260713773,0.0015774140724106828
rotated_condition_8,128,7,31,0.004988590371696454,0.0037816003121304174,0.005284801196737059
rotated_condition_8,128,7,32,0.002042142777456634,0.006592125916382894,0.002368539901105973
rotated_condition_8,128,7,33,0.004098636248552922,0.0020589191307328726,0.004247080481390165
rotated_condition_8,128,7,34,0.001288485904058793,0.0049559367137153145,0.0015183046052320672
rotated_condition_8,128,7,35,0.0021264473655840375,0.004151369547321277,0.0022206997554525968
rotated_condition_8,256,0,0,0.00019109552601882763,0.0004926053673055038,0.0004412494831318349
rotated_condition_8,256,0,1,0.0006682248213515516,0.001290679145428195,0.0007901929856986775
rotated_condition_8,256,0,2,0.00023173485217464795,0.0002927763730635218,0.0004444027172984726
rotated_condition_8,256,0,3,0.0003008081446897637,0.000796854606677703,0.00036774808555874465
rotated_condition_8,256,0,4,0.0002509640506676715,0.00048439187145074406,0.0003430258617621375
rotated_condition_8,256,0,5,0.000374167812694053,0.0008432785780157387,0.0007295946425911968
rotated_condition_8,256,0,6,0.00025851855454635193,0.0013052956217636468,0.0003526668776725973
rotated_condition_8,256,0,7,0.00026055028778993253,0.0013577564774944597,0.00023020400821401862
rotated_condition_8,256,0,8,0.00036862479097448883,0.0014588420468815734,0.0008194531272878397
rotated_condition_8,256,0,9,0.0003453571769130147,0.0014775396370450224,0.0002487522985554568
rotated_condition_8,256,0,10,0.0003727072218170266,0.0012680743005412565,0.0002853385470733514
rotated_condition_8,256,0,11,0.000324818600039475,0.00015764803846162037,0.0004299682052235779
rotated_condition_8,256,0,12,0.0003622522739443727,0.0008447395912585883,0.0007147140892804855
rotated_condition_8,256,0,13,0.00016454936342013315,0.0010603598933010276,0.0003798253021364602
rotated_condition_8,256,0,14,0.0004554900973649401,0.001255240622784521,0.0007921107395160491
rotated_condition_8,256,0,15,0.00017020344088318484,0.0006427394758240566,0.0004215581196605666
rotated_condition_8,256,0,16,0.0005236368471602127,0.001092123213066377,0.0008100304809250421
rotated_condition_8,256,0,17,0.0006334192425221948,0.0015818976941573426,0.0006975378265369241
rotated_condition_8,256,0,18,0.0002089252883979166,0.001394331931146725,0.00024269105460002647
rotated_condition_8,256,0,19,0.0006607258604913262,0.0011513408623647133,0.0007507130910663691
rotated_condition_8,256,0,20,0.00020512537313527201,0.0005889962359701046,0.0005011493751202606
rotated_condition_8,256,0,21,0.00037107489582975846,0.0021408743230735576,0.00036217880943572206
rotated_condition_8,256,0,22,0.00017676410511829234,0.0013613587581332216,0.000470116145758918
rotated_condition_8,256,0,23,0.0001390692239843645,0.0005907578227148087,0.0003658070462437665
rotated_condition_8,256,0,24,0.00048573801397269083,0.0005051197317979053,0.0005462790398541451
rotated_condition_8,256,0,25,0.0003264580084267078,0.0005689847496013554,0.000533115090837182
rotated_condition_8,256,0,26,0.0004775689306864398,0.0007810235094070322,0.0006556574798015843
rotated_condition_8,256,0,27,0.000228661377466345,0.001764017988867456,0.0002215432794669448
rotated_condition_8,256,0,28,0.0005027676591521594,0.0006504978819044761,0.0006168580492600493
rotated_condition_8,256,0,29,0.0003857385292415416,0.0012965800443499728,0.0007776705690701329
rotated_condition_8,256,0,30,0.0003700150701153855,0.0026270955505670567,0.0006701690757766424
rotated_condition_8,256,0,31,0.0005117458364172652,0.0010529652333054447,0.0007452050127481154
rotated_condition_8,256,0,32,0.0002537280173543316,0.00013400345200008227,0.0003876248040319278
rotated_condition_8,256,0,33,0.0005932851146296604,0.0008567852263383081,0.000773372287253577
rotated_condition_8,256,0,34,0.00032679480805581826,0.0009392171174559793,0.0004968363703851908
rotated_condition_8,256,0,35,0.0004211981054539158,0.0007889607805769952,0.0005612102477351866
rotated_condition_8,256,1,0,0.00030063089371981514,0.00015036283559763614,0.000339220699266964
rotated_condition_8,256,1,1,0.00014064225762848624,0.0004529761841096868,0.00021430575913194462
rotated_condition_8,256,1,2,0.0003305840133978832,8.19043911226365e-05,0.00036070204064061546
rotated_condition_8,256,1,3,9.464691734028217e-05,0.000862053729930215,0.0001760930947842108
rotated_condition_8,256,1,4,0.00041456372372374864,9.497088419116878e-05,0.0004184470862025896
rotated_condition_8,256,1,5,0.0005255464813396306,0.00040165738585218596,0.0005522293228518418
rotated_condition_8,256,1,6,0.00021117485905053322,0.00047456883110317394,0.00027305495874508544
rotated_condition_8,256,1,7,0.00023512091257029688,5.491951629363825e-05,0.00028903873556605943
rotated_condition_8,256,1,8,0.000324366577964344,3.00297686074856e-05,0.0003538474344665541
rotated_condition_8,256,1,9,0.00027648671895756053,0.0001541039239017149,0.00032224971512589804
rotated_condition_8,256,1,10,0.00018863115232737977,0.00038319228733666095,0.000246464014348782
rotated_condition_8,256,1,11,0.0002467626101564938,0.00015355794049672937,0.00030124041777213225
rotated_condition_8,256,1,12,0.0005701551890950107,0.0011375897361292427,0.0005675266264360429
rotated_condition_8,256,1,13,0.00022332669512967716,0.0001757497293987113,0.00027710522498113673
rotated_condition_8,256,1,14,0.0003747783342128401,0.00015228109651348225,0.00039295989036411123
rotated_condition_8,256,1,15,0.0003409285066032385,8.932454623361316e-05,0.00036596326485485286
rotated_condition_8,256,1,16,0.00044938730696963535,0.0002562557382351483,0.0004604752926578973
rotated_condition_8,256,1,17,0.00022901297554485316,0.0001688400739551415,0.0002856022065875223
rotated_condition_8,256,1,18,0.00014914006767855267,0.00023332884435261082,0.00021664196719297044
rotated_condition_8,256,1,19,0.0004956834711316974,0.00024228383876965997,0.0004520630984471496
rotated_condition_8,256,1,20,0.00028390122137345714,2.4671580786224152e-05,0.00032411994084640533
rotated_condition_8,256,1,21,0.0005389708833978937,0.00030753253486969553,0.0005070566890797115
rotated_condition_8,256,1,22,0.00048777113825080616,0.00021743001017315034,0.0004647261453456378
rotated_condition_8,256,1,23,0.00039915436442956794,0.0001160888233557341,0.0003930282911397073
rotated_condition_8,256,1,24,0.0003708752177488629,0.0005636741349620369,0.0003763811200113164
rotated_condition_8,256,1,25,0.0002934253291751548,7.940254253637925e-05,0.00033242133315320815
rotated_condition_8,256,1,26,0.00038828566195239344,1.0785136169358554e-05,0.0004001486811993876
rotated_condition_8,256,1,27,0.0005101063179794745,0.0005816101364724846,0.00044960198158823414
rotated_condition_8,256,1,28,0.0003724213925423699,8.795480050029272e-06,0.0003904473717867539
rotated_condition_8,256,1,29,0.0003067536577940843,9.661264321269252e-05,0.0003416739365976387
rotated_condition_8,256,1,30,0.00025449088706251926,4.783076922377519e-05,0.0003045213930500322
rotated_condition_8,256,1,31,0.0004635072882500405,0.00017573648891095015,0.00045251951526425213
rotated_condition_8,256,1,32,0.00035656338257925116,0.00024136911902382046,0.0003821546201953089
rotated_condition_8,256,1,33,0.00035470087273892274,0.0005029148045605452,0.0003700343332352398
rotated_condition_8,256,1,34,0.00036286604295057115,0.0003554466392864235,0.0003730626912597603
rotated_condition_8,256,1,35,7.100432929888e-05,0.0006638456375255763,0.000130006272567726
rotated_condition_8,256,2,0,0.0007889090492073621,0.00130530238374309,0.0009340445229594692
rotated_condition_8,256,2,1,0.0011211226543531186,0.0011856277028046537,0.00122609161389596
rotated_condition_8,256,2,2,0.0010602573872927107,0.0009033225931841236,0.0012099387725716753
rotated_condition_8,256,2,3,0.0012875549789166615,0.0008086443403049243,0.0013397463092249375
rotated_condition_8,256,2,4,0.001100564427897412,0.0006510040889454048,0.0012190414255243613
rotated_condition_8,256,2,5,0.0012669308342744658,0.002010483754710288,0.001372272097788612
rotated_condition_8,256,2,6,0.0007575908778795399,0.0016262183146697772,0.0010126389110433865
rotated_condition_8,256,2,7,0.0008680385707026024,0.0006992523068530666,0.0010007538579763643
rotated_condition_8,256,2,8,0.0014104054660116039,0.0010901443401074064,0.0015277642539371183
rotated_condition_8,256,2,9,0.0010380754099296248,0.0005995772820421792,0.0011920064402592618
rotated_condition_8,256,2,10,0.0011582973770624208,0.00016440262439138459,0.0012412253622725506
rotated_condition_8,256,2,11,0.0008140942238877095,0.000839251912995837,0.0010392678432441967
rotated_condition_8,256,2,12,0.0006393320937664027,0.0020674863693299185,0.0008706036612987898
rotated_condition_8,256,2,13,0.0007118979297609902,0.0010811355141643548,0.0008829562164829284
rotated_condition_8,256,2,14,0.0013401745495835954,0.0001923624211218714,0.0014239225408349022
rotated_condition_8,256,2,15,0.0009901177038405028,0.0007826575602837945,0.0010944149411984535
rotated_condition_8,256,2,16,0.0009309569337184985,0.0012365466380938994,0.001121226685622619
rotated_condition_8,256,2,17,0.0010741993770427454,0.0002618857006845241,0.001190822156185612
rotated_condition_8,256,2,18,0.0035519708338885786,0.004211093602395976,0.00324264516556037
rotated_condition_8,256,2,19,0.0007798846292911537,0.002140571167941178,0.0009273066746760492
rotated_condition_8,256,2,20,0.0009495511334479474,0.0014058347806778719,0.001153462560412148
rotated_condition_8,256,2,21,0.0007974975609578406,0.0006152430886269577,0.0009415471430679003
rotated_condition_8,256,2,22,0.0030946506738626714,0.00234545203031383,0.0029862188932804224
rotated_condition_8,256,2,23,0.0015252783178160059,0.0012398703478676758,0.0015274472339885839
rotated_condition_8,256,2,24,0.0015650878937822743,0.0002768619534152491,0.0015862036009370829
rotated_condition_8,256,2,25,0.0010772689026420097,0.0004545877819219972,0.0012045302186199716
rotated_condition_8,256,2,26,0.0008413219868297781,0.00037041150335460253,0.0010074970482801945
rotated_condition_8,256,2,27,0.0008194561132340934,0.00023434984303780158,0.0009830233799823763
rotated_condition_8,256,2,28,0.0019468971047486789,0.0009379529213771907,0.0019419670614493011
rotated_condition_8,256,2,29,0.0007201097470612191,0.0020022216154224524,0.0009782532519370863
rotated_condition_8,256,2,30,0.0009601479666835333,0.0010922311522678883,0.0011466575394211993
rotated_condition_8,256,2,31,0.0009306779916240896,0.00012584065812334052,0.0010612288356980396
rotated_condition_8,256,2,32,0.0015241523858691233,0.00039139310034926587,0.00156962404615171
rotated_condition_8,256,2,33,0.0008734271540413612,0.0014941706689477422,0.000995771356921947
rotated_condition_8,256,2,34,0.0006735293229689556,0.003486516955106854,0.0007865826696692862
rotated_condition_8,256,2,35,0.0016836672931767119,0.001443952947375441,0.0016860940359692952
rotated_condition_8,256,3,0,0.0038624498141001345,0.0008767596520962968,0.0026751774963868604
rotated_condition_8,256,3,1,0.00394466263513652,0.0005390067361206025,0.002657269241842317
rotated_condition_8,256,3,2,0.004824636835537018,0.001187955768657237,0.0028986626859962925
rotated_condition_8,256,3,3,0.00447385780920773,0.000446972643148672,0.0028404408926499735
rotated_condition_8,256,3,4,0.004161970867560223,0.0008021410909168578,0.0026506703989157662
rotated_condition_8,256,3,5,0.004247394482234799,0.0016613565726447078,0.0028902131155840883
rotated_condition_8,256,3,6,0.005813750099693738,0.0007711316785207902,0.003612715999006184
rotated_condition_8,256,3,7,0.003818669591965653,0.0007760517547892018,0.002472655834208036
rotated_condition_8,256,3,8,0.0052823415428922054,0.0003408987854092931,0.003346166938623002
rotated_condition_8,256,3,9,0.004890867512790322,0.0014927197941777852,0.00300086654757325
rotated_condition_8,256,3,10,0.004597130676933591,0.000685294805254841,0.0029178807358553466
rotated_condition_8,256,3,11,0.0035967796863873042,0.0011654738055267245,0.002598272013966247
rotated_condition_8,256,3,12,0.005215926551749187,0.0010085921896612975,0.003316587824734543
rotated_condition_8,256,3,13,0.004366210202452817,0.0002569039288121796,0.0028661877599036284
rotated_condition_8,256,3,14,0.005591779409390762,0.0005523877403981585,0.003535687178684791
rotated_condition_8,256,3,15,0.004871644105852914,0.0002795216523251784,0.0031477268049956864
rotated_condition_8,256,3,16,0.004319845070918123,0.0005518184887273287,0.0026572226872926216
rotated_condition_8,256,3,17,0.006026318226951744,0.0005807035177038422,0.0039591997952306114
rotated_condition_8,256,3,18,0.004294791976398723,0.0015002993334670826,0.00298336820073306
rotated_condition_8,256,3,19,0.0055496045296999485,0.0003411057685766216,0.003555065477837798
rotated_condition_8,256,3,20,0.004479925948180304,0.0005523655113593084,0.0027945882356711594
rotated_condition_8,256,3,21,0.004388295079434403,0.0008660814594976904,0.002833056371408203
rotated_condition_8,256,3,22,0.005012665376841235,0.0009117171916204308,0.003154660693814275
rotated_condition_8,256,3,23,0.005048478610888503,0.0006053863619652105,0.0030840939331475553
rotated_condition_8,256,3,24,0.006627948975049844,0.0007864681703497224,0.004327505028032064
rotated_condition_8,256,3,25,0.003700403832961316,0.0018015397835818713,0.0024826398369432088
rotated_condition_8,256,3,26,0.004257607205248212,0.0012650097507762707,0.0027486495584481984
rotated_condition_8,256,3,27,0.004746032375646631,0.0002445170450266691,0.003059435126952146
rotated_condition_8,256,3,28,0.005389781239728225,0.00020814841134018556,0.00336754240253498
rotated_condition_8,256,3,29,0.00460983003112694,0.00020431144729754882,0.0029361385731797927
rotated_condition_8,256,3,30,0.00403343431953662,0.0009153857600261564,0.0027478760421870254
rotated_condition_8,256,3,31,0.003847763992122669,0.0006403549230832669,0.0026111780174869134
rotated_condition_8,256,3,32,0.004432933318452351,0.0003065253520945452,0.0028441286687105882
rotated_condition_8,256,3,33,0.005536521205347383,0.000663616125211228,0.0036423416003853715
rotated_condition_8,256,3,34,0.003886916733392722,0.0006963576172339427,0.0025902898843447987
rotated_condition_8,256,3,35,0.004948234991725458,1.649942401059502e-05,0.003126733734816157
rotated_condition_8,256,4,0,0.001125634795527659,0.0006788656720849598,0.0012685552719588302
rotated_condition_8,256,4,1,0.0016248542126387074,0.00010286524395098631,0.0020812840201977264
rotated_condition_8,256,4,2,0.001696551218416996,0.00026242031777218473,0.002252855809629778
rotated_condition_8,256,4,3,0.0014595178588028555,0.00036706402159740334,0.0018379471057578612
rotated_condition_8,256,4,4,0.0015102113946177493,0.0007224553605158994,0.0020192234648460754
rotated_condition_8,256,4,5,0.0011629932824030475,0.0012431081310800393,0.0012930425582490753
rotated_condition_8,256,4,6,0.0014743412505198524,8.146733881395638e-05,0.0018785364011853936
rotated_condition_8,256,4,7,0.0016746157950904446,0.00042536702954456076,0.002097167167909482
rotated_condition_8,256,4,8,0.0018677484245834544,0.001626334537505304,0.0026638953644347926
rotated_condition_8,256,4,9,0.0011715155426195798,0.0006270583166789123,0.0013738473967073225
rotated_condition_8,256,4,10,0.0017185558919764555,0.0008323883474536098,0.002326013091136411
rotated_condition_8,256,4,11,0.0013486216352174719,0.0003911781831499663,0.0015702677042734117
rotated_condition_8,256,4,12,0.001533654602129565,0.0001434275241275841,0.0018938606551730595
rotated_condition_8,256,4,13,0.001458574377542585,0.0008331383099356228,0.0018895663977480629
rotated_condition_8,256,4,14,0.001656209937319964,0.0015431312361150092,0.002342763403201399
rotated_condition_8,256,4,15,0.0012110434382156582,0.00034450758008115724,0.0013624488683138432
rotated_condition_8,256,4,16,0.0013883449377097867,0.0001426621289576267,0.0016798470587829101
rotated_condition_8,256,4,17,0.0012594632095699182,0.0008089478097210105,0.0014877529878086296
rotated_condition_8,256,4,18,0.0015401317983074851,0.0004731381521766519,0.0020006026439236
rotated_condition_8,256,4,19,0.0015859338302880582,0.0004434268393605519,0.001962823157110373
rotated_condition_8,256,4,20,0.0013770559431977307,0.0010047397675594467,0.0016906185536802725
rotated_condition_8,256,4,21,0.00148932441090658,0.00016584047404130117,0.0018935909703050257
rotated_condition_8,256,4,22,0.0013128353204647553,0.0007147866040076956,0.00145075124450884
rotated_condition_8,256,4,23,0.0014342561506213184,1.3486818589071576e-05,0.0017419161816832449
rotated_condition_8,256,4,24,0.0012057544167090287,0.0006126893173277967,0.0013580608485034957
rotated_condition_8,256,4,25,0.0012216506131005624,0.0011002790239609075,0.0016285997971383598
rotated_condition_8,256,4,26,0.0010565201656763563,0.0009904719031558094,0.0012016428770036725
rotated_condition_8,256,4,27,0.0009417023664225457,0.0016189763968150555,0.0009344934141527656
rotated_condition_8,256,4,28,0.0012080099870410985,0.0010862533195269634,0.0016081876916303026
rotated_condition_8,256,4,29,0.0014367953779815235,0.0002686025503685946,0.0018009390923624936
rotated_condition_8,256,4,30,0.0016073266105957305,0.0004255759317096536,0.0020249641750400053
rotated_condition_8,256,4,31,0.001433278284271047,0.00027500855208783463,0.0018765069056343165
rotated_condition_8,256,4,32,0.0012501088891551833,0.00014704901672551264,0.0014386278410497763
rotated_condition_8,256,4,33,0.0016633519620582924,0.0003004363510679325,0.002110133963661113
rotated_condition_8,256,4,34,0.0011367521167878277,0.001469389655271444,0.0014216571572465016
rotated_condition_8,256,4,35,0.0012940234832547806,0.00010873105764097565,0.0014827213853381743
rotated_condition_8,256,5,0,0.00016493805711991427,0.000787108413505936,0.00015456287511547045
rotated_condition_8,256,5,1,0.0003112519939189191,0.0011674522990693325,0.0005929521815242407
rotated_condition_8,256,5,2,0.00012551234690127977,0.0007637932101710568,0.00012951498271871842
rotated_condition_8,256,5,3,0.000209618663711651,0.0005194463273521364,0.00015977117793735052
rotated_condition_8,256,5,4,0.0002365250467841701,9.336145123284382e-05,0.0003245100770840371
rotated_condition_8,256,5,5,0.0001339629835405423,0.0007611219622234355,9.719531205839412e-05
rotated_condition_8,256,5,6,0.0001537685851218146,0.0011697896094808888,0.0001554908651726026
rotated_condition_8,256,5,7,0.0002042897221665569,0.00032420314758071275,0.00026670231851234113
rotated_condition_8,256,5,8,0.00018884937651692242,0.0008447822122950035,0.00015402140509407814
rotated_condition_8,256,5,9,0.00013375936235040007,0.0010145746630882723,0.00013521634407787471
rotated_condition_8,256,5,10,0.0002443074228040188,8.073867644296459e-05,0.0002557648501942161
rotated_condition_8,256,5,11,0.0005764980736152721,0.0031496985988962558,0.0016339464634248615
rotated_condition_8,256,5,12,0.0002478194101647015,0.0006170328205919147,0.0003087161001319722
rotated_condition_8,256,5,13,0.00026086878225497047,0.000513846872146182,0.0002331101241700922
rotated_condition_8,256,5,14,0.00021087870164187273,0.0009028663737787729,0.00045140122444925485
rotated_condition_8,256,5,15,0.00027226371899984785,0.0007125127721447048,0.0004285391944298942
rotated_condition_8,256,5,16,0.0002149243377471077,0.00016014764741455114,0.0001781234961957101
rotated_condition_8,256,5,17,0.00017261316388769558,0.0006214548596145222,0.0003117614334769612
rotated_condition_8,256,5,18,0.00020062322861343914,0.0003262580794459713,0.00018816654376272842
rotated_condition_8,256,5,19,0.00021320642733468073,0.0004479679484748397,0.0002777907827945967
rotated_condition_8,256,5,20,0.0002972963340645863,0.0006649473530959951,0.0002841482764621641
rotated_condition_8,256,5,21,0.00021883431327861616,0.00027668655207092755,0.0001873897835414573
rotated_condition_8,256,5,22,0.0002779378439165511,0.0008597657723896687,0.00047323203799525025
rotated_condition_8,256,5,23,0.000363971910808408,0.0008455069208616595,0.00035248566421220876
rotated_condition_8,256,5,24,0.00023484820380348102,4.740727431188077e-05,0.00019850467993410897
rotated_condition_8,256,5,25,0.0002392606813474375,0.0015647752505120694,0.0002991529881109155
rotated_condition_8,256,5,26,0.00025265971797677674,0.00040930710987811467,0.00027338264660667886
rotated_condition_8,256,5,27,0.00011270975447608966,0.0007890170427552561,8.66390095838904e-05
rotated_condition_8,256,5,28,0.00024650595743988253,0.00019834845868810388,0.00020035742624313453
rotated_condition_8,256,5,29,0.0002401548387152963,4.877759346283555e-05,0.0002984423897145062
rotated_condition_8,256,5,30,0.00025371074126762463,0.00463685291649938,0.001001973211262605
rotated_condition_8,256,5,31,0.00021586411545616285,9.871527937902692e-05,0.0001657407316657133
rotated_condition_8,256,5,32,0.0002865754799145571,0.00048754359455540367,0.00037962889872254107
rotated_condition_8,256,5,33,0.0002150936545867021,8.993026885919508e-05,0.0002202308758260237
rotated_condition_8,256,5,34,0.0002775334582845435,0.0002427346776440777,0.0002549469750145234
rotated_condition_8,256,5,35,0.00042262703404622235,0.0019905139103218775,0.00119794351570292
rotated_condition_8,256,6,0,0.0004523733317087156,0.003195837253319146,0.0004883627496961266
rotated_condition_8,256,6,1,0.0005930439510930057,0.0031496686647543935,0.0006573373063217826
rotated_condition_8,256,6,2,0.00023781592588034123,0.00011257489862203315,0.0002178707268394543
rotated_condition_8,256,6,3,0.00048813069328948434,0.0018174044647031368,0.0004418171190119173
rotated_condition_8,256,6,4,0.00019023844139520453,0.0003454109327935956,0.00017789245602106018
rotated_condition_8,256,6,5,0.0004062417861994016,0.0010510997144634862,0.0004150921456536663
rotated_condition_8,256,6,6,0.0003918251664567215,0.0014230418488676252,0.0003464807589070759
rotated_condition_8,256,6,7,0.00031515506292091204,0.0011009613584956124,0.0003190779829804242
rotated_condition_8,256,6,8,0.0005402530515337185,0.0009445611166798938,0.0007482477702100939
rotated_condition_8,256,6,9,0.0003505834538824746,0.0010371848179462802,0.0005500378429848448
rotated_condition_8,256,6,10,0.00043329044184909217,0.001337688343461975,0.0006753957934931694
rotated_condition_8,256,6,11,0.00015670867785710102,0.0004640567589463343,0.00016386215861656058
rotated_condition_8,256,6,12,0.00041216587570463444,0.0007186588736536872,0.0005301191346835267
rotated_condition_8,256,6,13,0.0002585843883635282,0.00232803620772145,0.00018707940503627765
rotated_condition_8,256,6,14,0.0005183243653011822,0.0010463674773124566,0.000779970588906429
rotated_condition_8,256,6,15,0.0001423425717440117,0.0007752806415413313,0.0001261088706068393
rotated_condition_8,256,6,16,0.0004920422937906816,0.0028845633362282208,0.0005168877209751905
rotated_condition_8,256,6,17,0.0004987442875252135,0.0009510067462221718,0.0006496841836808256
rotated_condition_8,256,6,18,0.00019264025014726545,0.00022548166128216686,0.0002240882163686276
rotated_condition_8,256,6,19,0.0006598096826199599,0.005586999407036853,0.0008694441426175682
rotated_condition_8,256,6,20,0.00018511451974520082,0.0006745245848472328,0.00019839437583880022
rotated_condition_8,256,6,21,0.00025310130016221674,0.00046408208912020063,0.0003021040540215505
rotated_condition_8,256,6,22,0.0004704373801302725,0.0011585440574646785,0.0005087851311524747
rotated_condition_8,256,6,23,0.000200164979421318,0.0003494680859723944,0.0002001220731985599
rotated_condition_8,256,6,24,0.00024982820636131444,0.0006981955881423298,0.00025924189231198885
rotated_condition_8,256,6,25,0.00024628947463208614,0.0005413868992362545,0.00030025658260486864
rotated_condition_8,256,6,26,0.0002088804761215391,0.0006449333911759042,0.00026662093948673745
rotated_condition_8,256,6,27,0.00029192787178922527,0.0011448693043497782,0.00023857282560161763
rotated_condition_8,256,6,28,0.000974594131565355,0.0033266461851077416,0.0013680591863620593
rotated_condition_8,256,6,29,0.0003278826345633321,0.0007664085509904441,0.0003226578236180443
rotated_condition_8,256,6,30,0.00023476813512019932,0.0002426879882750353,0.00027669780710648154
rotated_condition_8,256,6,31,0.0007678458984704513,0.005924431638187316,0.0009389267055454145
rotated_condition_8,256,6,32,0.0002873438000063949,0.000530114859188116,0.0003020034027591426
rotated_condition_8,256,6,33,0.00017036035302499995,0.0003174936499790558,0.00018809104372463916
rotated_condition_8,256,6,34,0.00018739891598731274,0.0013608916779032348,0.000239566011808345
rotated_condition_8,256,6,35,0.0002463050865746316,0.00011985579865436623,0.0002821007738870862
rotated_condition_8,256,7,0,0.0010376534471633308,0.0004632136832544867,0.0011627675896921366
rotated_condition_8,256,7,1,0.0007840479711017335,0.0006840211842797677,0.0009198344415171514
rotated_condition_8,256,7,2,0.0006847754116467951,0.0014235921644826376,0.0007610463171348205
rotated_condition_8,256,7,3,0.0009011050180256265,0.0024547708037786107,0.00093224684199563
rotated_condition_8,256,7,4,0.0005028402914234843,0.001476198488088719,0.0007775682378586129
rotated_condition_8,256,7,5,0.0008344028722626385,0.002490235582011467,0.001150610981500101
rotated_condition_8,256,7,6,0.0005625536338470011,0.006292340579031707,0.0006781938121208156
rotated_condition_8,256,7,7,0.0005765570019858716,0.002112319079464425,0.0009420200544457799
rotated_condition_8,256,7,8,0.0011463362254665256,0.0012085494927847184,0.0012556449694967721
rotated_condition_8,256,7,9,0.00086118798174506,0.00019715886031993295,0.000979872810869857
rotated_condition_8,256,7,10,0.0004740003593692091,0.0021067759382209453,0.0008265332660911353
rotated_condition_8,256,7,11,0.000893067560924158,0.006196744254113646,0.0010068746906298491
rotated_condition_8,256,7,12,0.0010050420495245156,0.0021673621971301854,0.0012296239968037897
rotated_condition_8,256,7,13,0.0007843624732921473,0.0005927939002758735,0.0009337408731344426
rotated_condition_8,256,7,14,0.0008192099041165783,0.00028772471586730364,0.0009009625164660286
rotated_condition_8,256,7,15,0.0008403919636647418,4.5748514051406805e-05,0.0009044607520612757
rotated_condition_8,256,7,16,0.0009379600175448211,0.0009597026283499476,0.0011261873616999895
rotated_condition_8,256,7,17,0.0011002185142400152,0.003913837277738941,0.0011667195641345456
rotated_condition_8,256,7,18,0.001032141753323933,0.0016270509990853363,0.001390625393745719
rotated_condition_8,256,7,19,0.0008770156713240815,0.00042483618017274044,0.000930843128567803
rotated_condition_8,256,7,20,0.000874223156035384,0.001103506172553819,0.0010435516882196273
rotated_condition_8,256,7,21,0.0010391972682841275,0.00039021301335666916,0.0011573969342124017
rotated_condition_8,256,7,22,0.0008434577745454275,7.232866193028457e-05,0.0009490689088433797
rotated_condition_8,256,7,23,0.0010574739477242547,0.000651126578475085,0.0011767135624053636
rotated_condition_8,256,7,24,0.0009957263958367433,0.0005326657144016889,0.0010843749417065013
rotated_condition_8,256,7,25,0.0006374396554203793,0.0023819687798432793,0.0007940333418977067
rotated_condition_8,256,7,26,0.000747768949281232,0.00029669917840965775,0.0007879782073571436
rotated_condition_8,256,7,27,0.001157116894642997,0.0009254717773874387,0.0013117505977757163
rotated_condition_8,256,7,28,0.0004984628255590164,0.0015043274832484963,0.0006992260219133708
rotated_condition_8,256,7,29,0.0007392769498911169,0.00045642112571144195,0.0007671503901379552
rotated_condition_8,256,7,30,0.000846831736137489,0.0008070983186074885,0.0010351873950425461
rotated_condition_8,256,7,31,0.0010926922087129735,0.0007056609515020665,0.0011994754766780956
rotated_condition_8,256,7,32,0.0010117515176493806,0.002262822097531014,0.0012686129646678505
rotated_condition_8,256,7,33,0.0006853887031414774,0.0002510953911674193,0.0008381515252120371
rotated_condition_8,256,7,34,0.0008816218998872873,0.0004523843055361343,0.0009670196491358522
rotated_condition_8,256,7,35,0.0009269430911494183,0.0016992383770092897,0.0009662714999529908
rotated_condition_8,512,0,0,0.00020472366803398785,0.0003802950635597166,0.0005035312950578824
rotated_condition_8,512,0,1,0.0002439916842001032,0.0001625234511815247,0.0005728762267884214
rotated_condition_8,512,0,2,0.00018789236788070696,0.0003047692595383599,0.0004887362856176106
rotated_condition_8,512,0,3,0.00026122005863944795,0.0005748082318944642,0.0006483688692205046
rotated_condition_8,512,0,4,0.00016448347370955877,0.00014524034781152506,0.0004539909270440969
rotated_condition_8,512,0,5,0.0002783601828898673,0.0003687985215219196,0.0006181182170108722
rotated_condition_8,512,0,6,0.0002547186578055141,0.00039332690051450335,0.0005727057188236193
rotated_condition_8,512,0,7,0.00028404461346889293,0.0003734300096770768,0.0006288694006351541
rotated_condition_8,512,0,8,0.00019434919966297216,0.00048543574421118355,0.0005105376806592905
rotated_condition_8,512,0,9,0.00027631742995477896,0.00010080694973182064,0.0006306923313974351
rotated_condition_8,512,0,10,0.0003356538106170973,0.0007825433976551774,0.0006805343772161994
rotated_condition_8,512,0,11,0.00015431229215192937,0.0004087598466108969,0.00042100662369578884
rotated_condition_8,512,0,12,0.00035606632554687693,0.0009295267135631884,0.000634041478350493
rotated_condition_8,512,0,13,0.0003485925938839516,0.0001523835841134028,0.0007360939964828856
rotated_condition_8,512,0,14,0.00020269850978004784,0.0009168777024863538,0.0005197079961016272
rotated_condition_8,512,0,15,0.00027908062680344814,0.0007309411997334578,0.0006285162193178557
rotated_condition_8,512,0,16,0.0002562380443654979,0.0005470891064638466,0.000599370764624864
rotated_condition_8,512,0,17,0.00023636558923795933,0.00042301164745888516,0.0005769689571859342
rotated_condition_8,512,0,18,0.0006077325877104848,0.0009029447911772196,0.0011030916303451876
rotated_condition_8,512,0,19,0.00030293553649395435,0.00026640813544110157,0.0006659915801335667
rotated_condition_8,512,0,20,0.0001316992358620216,0.0005206840521420914,0.00040226780378589113
rotated_condition_8,512,0,21,0.0003971680857926196,0.0006597826675563334,0.0008443248284875862
rotated_condition_8,512,0,22,0.0002247899952820532,0.00013612588284671925,0.000521912370066155
rotated_condition_8,512,0,23,0.0002020717414073814,0.00023237501996765386,0.0004882909082607236
rotated_condition_8,512,0,24,0.0002030214022975905,0.0010386010206325344,0.0005549278794887525
rotated_condition_8,512,0,25,0.00017924634219947783,9.878200583598426e-05,0.00047574737825338087
rotated_condition_8,512,0,26,0.0001400721926781241,0.00037335700818483275,0.0004260969663568452
rotated_condition_8,512,0,27,0.00019456957944792336,0.00013779216517070835,0.0005061646915229688
rotated_condition_8,512,0,28,0.0002110814629099196,0.00015733917552702512,0.0005084333375760799
rotated_condition_8,512,0,29,0.0001645122669639488,0.0004806278129277902,0.00041072034959451864
rotated_condition_8,512,0,30,0.00031586730031594367,0.00029875816218312206,0.000686316300556337
rotated_condition_8,512,0,31,0.0002870717766085211,0.0001592814610873705,0.0006473486687385117
rotated_condition_8,512,0,32,0.0003309708129122917,0.0009921969576861687,0.00066967837987445
rotated_condition_8,512,0,33,0.00032302296160424253,0.00020664349366751147,0.0007012911000622446
rotated_condition_8,512,0,34,0.00026448543787202104,0.000549312423835912,0.0006209356212432484
rotated_condition_8,512,0,35,0.00018487703237443968,0.0006577982641689965,0.0004852553622148757
rotated_condition_8,512,1,0,0.0002853830473493855,0.0003702007191260264,0.0004930063100565702
rotated_condition_8,512,1,1,0.00016946840102210816,0.00029348211214925225,0.00037334293882292796
rotated_condition_8,512,1,2,0.00017297343319143762,0.0001632187380662738,0.0003649935767926802
rotated_condition_8,512,1,3,0.00016865112776860537,7.868163149464786e-05,0.00037571194461128853
rotated_condition_8,512,1,4,0.00013060074742436782,0.00016745323098087472,0.0003349851922582565
rotated_condition_8,512,1,5,0.00014252520001939933,0.0001322907586383329,0.0003507740704398207
rotated_condition_8,512,1,6,0.00020224622088654498,0.00014427024609856725,0.0004146538592525482
rotated_condition_8,512,1,7,0.0001833782337766965,0.0007182015949447814,0.0003109885461703716
rotated_condition_8,512,1,8,0.00017108076347072823,1.5336073827468702e-05,0.0003766145546578192
rotated_condition_8,512,1,9,0.00017911956318446425,6.034209156675081e-05,0.0003779974644809656
rotated_condition_8,512,1,10,0.00025605921346588765,0.00041787024624143743,0.00043112690544016923
rotated_condition_8,512,1,11,0.0001675169988229352,8.528687234037819e-05,0.00037328090834513807
rotated_condition_8,512,1,12,0.00017692873287395534,0.0001258562488967056,0.00038192716230907867
rotated_condition_8,512,1,13,0.00017360476091951286,0.0001128817030054584,0.0003709485610041766
rotated_condition_8,512,1,14,0.00026742106937308936,0.00020729691066614567,0.0004526466431925619
rotated_condition_8,512,1,15,0.00012747505114468877,0.0001539736879935585,0.0002951150495390402
rotated_condition_8,512,1,16,0.00018549676998073556,0.00010190603977397361,0.0003651100276892922
rotated_condition_8,512,1,17,0.0001439165681691251,0.0001214006159330311,0.0003173536451469742
rotated_condition_8,512,1,18,0.00015375105352669624,5.197409928597029e-05,0.00034638166875829206
rotated_condition_8,512,1,19,0.0001739481703600031,2.0732220818055787e-05,0.00037848503264650114
rotated_condition_8,512,1,20,0.00011472709540614997,0.00036797167723839674,0.00024690400813679033
rotated_condition_8,512,1,21,0.00013459103870481137,0.00033522830375793284,0.0003304182869852878
rotated_condition_8,512,1,22,0.0002576633868111255,0.0003103513402201444,0.0004485821980480574
rotated_condition_8,512,1,23,0.000165354097966059,6.242139909528715e-05,0.0003575995182288039
rotated_condition_8,512,1,24,0.00021270413649581525,9.581954533237095e-05,0.00041988235803591694
rotated_condition_8,512,1,25,0.00012350518975089739,0.00024598884368411307,0.00028004193197560734
rotated_condition_8,512,1,26,0.00015910072913071318,6.037861146279344e-06,0.00035994670698108596
rotated_condition_8,512,1,27,0.00014544382375952883,0.0005066485484747813,0.00036207257046741654
rotated_condition_8,512,1,28,0.00012568704419835936,9.192532884450649e-05,0.00032566577986214865
rotated_condition_8,512,1,29,0.00019936204325560016,0.00042301361887721946,0.00039478048937932164
rotated_condition_8,512,1,30,0.00020105913384115118,0.00018563595086043165,0.0003715525073779195
rotated_condition_8,512,1,31,0.0001487816882457918,7.5751314361292e-05,0.00036256128925952574
rotated_condition_8,512,1,32,0.00011879453436719085,0.00010585171111250096,0.0003080233083460693
rotated_condition_8,512,1,33,0.0001328618431234034,8.144578138285762e-05,0.0003175440043081651
rotated_condition_8,512,1,34,0.00015726987474906726,0.00013017335234318466,0.0003214455548948404
rotated_condition_8,512,1,35,0.00016550045408353744,0.00018259352981788438,0.00037827701149008904
rotated_condition_8,512,2,0,0.0005039223248697257,0.0008877007951750094,0.0009024517406661837
rotated_condition_8,512,2,1,0.0002443194771956769,0.0008319788098455447,0.0004854517586332514
rotated_condition_8,512,2,2,0.0002863497800483216,0.00037451773736385974,0.0004878365803750767
rotated_condition_8,512,2,3,0.00021196103720101152,6.118975765484345e-05,0.000377192997539565
rotated_condition_8,512,2,4,0.0003737035921588586,0.00040795739120674454,0.0006798233028501306
rotated_condition_8,512,2,5,0.0004925353861572122,0.0005600835771403065,0.0008679624903057638
rotated_condition_8,512,2,6,0.00031951574455140917,0.0002451069430946062,0.0005730173156074238
rotated_condition_8,512,2,7,0.0004742678113405157,0.0004346412616743384,0.0008164976642578606
rotated_condition_8,512,2,8,0.0003654171916011691,0.0009716077255826839,0.0006048327149287915
rotated_condition_8,512,2,9,0.0003046310485953024,0.0002702208675389041,0.0005206854081581493
rotated_condition_8,512,2,10,0.0003245656488605542,0.00037255759269475724,0.0005737588546399462
rotated_condition_8,512,2,11,0.0004790871641287955,0.0010014900151604576,0.0007551837910033341
rotated_condition_8,512,2,12,0.0002966627056042105,0.0008508891542321954,0.0005009764258923036
rotated_condition_8,512,2,13,0.00035362606428713525,0.00013603562515212856,0.0006004256969613863
rotated_condition_8,512,2,14,0.00021795477781636548,0.0009172938656015572,0.00040550112374908276
rotated_condition_8,512,2,15,0.0007807662108981669,0.002151177590046703,0.001292950350761975
rotated_condition_8,512,2,16,0.00012531446775811546,0.0006037203271875401,0.0002223872818195665
rotated_condition_8,512,2,17,0.0003533598722778111,0.0009263585120849751,0.0005734633273972601
rotated_condition_8,512,2,18,0.0003141755363329004,0.0005483403090673122,0.0005896307088225992
rotated_condition_8,512,2,19,0.0002116897934999824,0.00031281483183749544,0.0003645992710439845
rotated_condition_8,512,2,20,0.0004756575326866496,0.000568226445748937,0.0007971135630466103
rotated_condition_8,512,2,21,0.00038734314544322204,0.0006498259384583643,0.0006406258249797257
rotated_condition_8,512,2,22,0.0004786492188708754,0.0004963088115648535,0.0008294035139958435
rotated_condition_8,512,2,23,0.00043429606880970856,0.00042647638671324407,0.0007136476314397386
rotated_condition_8,512,2,24,0.000502293458580128,0.0005436432169515707,0.0008709979484579492
rotated_condition_8,512,2,25,0.00018299500765631762,0.00025553327399568243,0.000326574213706506
rotated_condition_8,512,2,26,0.00028259045929419365,0.0003565054246930619,0.0005051732006851702
rotated_condition_8,512,2,27,0.000619548936831807,0.000766978512258211,0.0010124548889371772
rotated_condition_8,512,2,28,0.00020341326666525425,0.0011980616353731643,0.00037809666211663525
rotated_condition_8,512,2,29,0.0005122740924186927,0.0006351671579427941,0.0008833572995358473
rotated_condition_8,512,2,30,0.00028882838807122433,0.002743258320469279,0.00045668918335521147
rotated_condition_8,512,2,31,0.0002816460751114881,4.018489095602065e-05,0.0004940060874859353
rotated_condition_8,512,2,32,0.0003673847978773809,0.0008484785262304279,0.0006673234647434393
rotated_condition_8,512,2,33,0.00018601543789606483,0.0005995707568774418,0.0003110026665046514
rotated_condition_8,512,2,34,0.0003720764798098079,0.000328509013209775,0.0006233697742241775
rotated_condition_8,512,2,35,0.00025635831581353167,0.0007979473404756774,0.00048784019034294363
rotated_condition_8,512,3,0,0.0014130076893042287,0.0009704892636946336,0.002286325004094384
rotated_condition_8,512,3,1,0.0016257077759911248,0.00022228931472727408,0.002311192751430455
rotated_condition_8,512,3,2,0.0015863509179314117,0.0004602794346987845,0.0021741510984446383
rotated_condition_8,512,3,3,0.0015167877160929652,0.0002228585610842093,0.0020811099431844184
rotated_condition_8,512,3,4,0.0015658174326029844,0.00014979266344158356,0.0020549874744002746
rotated_condition_8,512,3,5,0.001538400113506661,0.0004129580502754681,0.002272900041041262
rotated_condition_8,512,3,6,0.0014828651727329357,0.00032257308590871037,0.001915199595594298
rotated_condition_8,512,3,7,0.0014839291522039048,0.00023229885703466278,0.002122535069000975
rotated_condition_8,512,3,8,0.0014379164822790847,0.00039629528908462686,0.0017538127885889667
rotated_condition_8,512,3,9,0.001615632473181183,0.0003259832492473262,0.002187801652835798
rotated_condition_8,512,3,10,0.0015771549347115422,0.00045051475106338965,0.0021645046472281515
rotated_condition_8,512,3,11,0.0014869089452735928,0.00041331875431805743,0.0020193474221106376
rotated_condition_8,512,3,12,0.0015004794795976245,0.00018902055579777898,0.002124038758391336
rotated_condition_8,512,3,13,0.0015458695159216813,0.00038339589239680773,0.0021389574022073502
rotated_condition_8,512,3,14,0.0013971704577561343,0.0005059463080763335,0.001863559407907317
rotated_condition_8,512,3,15,0.0016032976503701658,0.0005411683303945946,0.002280364813444618
rotated_condition_8,512,3,16,0.0014422094083516813,0.00010105258320843038,0.0018768273066758399
rotated_condition_8,512,3,17,0.0014645096670083666,0.0018370796610441453,0.0027321439909127818
rotated_condition_8,512,3,18,0.0014435181619943727,0.0013172407541800365,0.0021292225593632875
rotated_condition_8,512,3,19,0.0016549169549792667,0.0007364659897959172,0.0022930789718568004
rotated_condition_8,512,3,20,0.0014906696028143351,0.0004336921315117934,0.0022509079418432444
rotated_condition_8,512,3,21,0.0015089940393730567,0.0002069907580091097,0.0020806216742963956
rotated_condition_8,512,3,22,0.001513773764244676,0.0001795188448717465,0.0019727885960520468
rotated_condition_8,512,3,23,0.0016179650415897766,0.0009319223137755242,0.0025063775260084804
rotated_condition_8,512,3,24,0.0015416261147124404,7.226533861902202e-05,0.0020923051395795545
rotated_condition_8,512,3,25,0.001517898638814954,0.0002786901728571681,0.0020770606638021846
rotated_condition_8,512,3,26,0.0016525100908928545,0.0006677298593933969,0.0021649324989268244
rotated_condition_8,512,3,27,0.001562005572881053,0.00039697875364506387,0.0022858235205291317
rotated_condition_8,512,3,28,0.0015049884115440363,0.00018804670943590684,0.0020883242573399427
rotated_condition_8,512,3,29,0.001549883803390161,0.00017628349980383103,0.0021344481343968835
rotated_condition_8,512,3,30,0.0015695361142433785,0.0005293065607901592,0.0023573166918628265
rotated_condition_8,512,3,31,0.0014062211736346685,0.0023801182704614007,0.002243541678338271
rotated_condition_8,512,3,32,0.0015800141846804947,0.0001306290017198542,0.0021955414363342344
rotated_condition_8,512,3,33,0.0015712331514070041,0.0005568871176989086,0.002368541591426505
rotated_condition_8,512,3,34,0.0016485960527748687,0.0009006572656117145,0.002078993849897548
rotated_condition_8,512,3,35,0.0014518249641462004,0.0001911234969363873,0.0018313937842952147
rotated_condition_8,512,4,0,0.0005057021330656247,0.0003126727062585158,0.0007558906463016042
rotated_condition_8,512,4,1,0.00042310608089354997,0.0012641093397153622,0.0006312931237008651
rotated_condition_8,512,4,2,0.0007802640835629294,0.0005349576840737141,0.001100491375186639
rotated_condition_8,512,4,3,0.0015238130847830952,0.0017004970629986215,0.0019011452992551748
rotated_condition_8,512,4,4,0.0005280764805461066,0.0008549814640231659,0.0007042410811592701
rotated_condition_8,512,4,5,0.0009257952543657102,0.00032078977086454443,0.0012470226877445212
rotated_condition_8,512,4,6,0.0005267107672459421,0.0001525465143237067,0.0007846868302684381
rotated_condition_8,512,4,7,0.0006690685249723086,0.0004014637636107302,0.0009948861483133798
rotated_condition_8,512,4,8,0.0006546355536513422,0.00016011926351846393,0.0009666891736325483
rotated_condition_8,512,4,9,0.0008235566781087412,0.00024117517548050106,0.0011622121044011853
rotated_condition_8,512,4,10,0.0007288359136172099,0.0007596617462023963,0.0009995649836514343
rotated_condition_8,512,4,11,0.0006243258883420891,0.0003459351740667986,0.0009819701083617197
rotated_condition_8,512,4,12,0.0005277537104224759,0.00019971559948883853,0.0008417018273479582
rotated_condition_8,512,4,13,0.00046855683111295154,0.001239901749759229,0.0007053867154148883
rotated_condition_8,512,4,14,0.0006699260406361218,2.4276146496116212e-05,0.0010195147350329408
rotated_condition_8,512,4,15,0.0006522168077392114,0.000788273427461828,0.000962849710381539
rotated_condition_8,512,4,16,0.0006170141170941143,0.0002064159725689289,0.0008261459488776177
rotated_condition_8,512,4,17,0.0008589531049184536,0.0002900572155635746,0.0013237218667857124
rotated_condition_8,512,4,18,0.0005888580583932345,0.0003968150552903367,0.0009045181106419356
rotated_condition_8,512,4,19,0.0006170875322754637,0.0001877447546078919,0.0008954668874122418
rotated_condition_8,512,4,20,0.0005001845180857123,0.0004658100607052612,0.000680019829050997
rotated_condition_8,512,4,21,0.0006923992114320392,0.00018660243526939487,0.0010729932854709543
rotated_condition_8,512,4,22,0.0006103418277267109,0.0006511086203202256,0.0008281961357986956
rotated_condition_8,512,4,23,0.0006192271568295875,0.0002257276311416026,0.000848948429843679
rotated_condition_8,512,4,24,0.0006122873746914275,0.0002301145561772182,0.000856034125854259
rotated_condition_8,512,4,25,0.0006924398459053631,0.001475692686153091,0.0011580357849359131
rotated_condition_8,512,4,26,0.0012155502324860453,0.0011089503371208723,0.0016662269485409652
rotated_condition_8,512,4,27,0.0004978434472705987,0.0002455645093132723,0.0007582069630903926
rotated_condition_8,512,4,28,0.0008269815597558153,0.0008686646943185394,0.0011090412425643808
rotated_condition_8,512,4,29,0.0006568923788296464,0.0009706688022778778,0.0011323232529189065
rotated_condition_8,512,4,30,0.0005182044005650042,0.00014033776176716775,0.0007504522920873187
rotated_condition_8,512,4,31,0.0006329728990574387,3.935595075664752e-05,0.0009662255095830479
rotated_condition_8,512,4,32,0.0005619950669427303,0.0003907341657720924,0.0009131215178198328
rotated_condition_8,512,4,33,0.0011168209786572567,0.0009113172440908432,0.0015770155454774286
rotated_condition_8,512,4,34,0.0006708697532623762,0.00037800016393510277,0.0009855145591830794
rotated_condition_8,512,4,35,0.0004300481186492218,0.0009237445954223971,0.0006383732203463029
rotated_condition_8,512,5,0,0.0002129577814235347,0.0003211971155698651,0.0007570945375423228
rotated_condition_8,512,5,1,0.00033398125663147243,0.0005054828496374461,0.001005105476204955
rotated_condition_8,512,5,2,0.00036288138991513047,7.851776356896737e-05,0.001025110196112457
rotated_condition_8,512,5,3,0.00017859880040642763,0.0001820792071493384,0.000675656314466474
rotated_condition_8,512,5,4,0.0004691843319460011,0.0006475145710729901,0.0011832803039674717
rotated_condition_8,512,5,5,0.00017005620161889045,6.424029372278936e-05,0.0006513239260145221
rotated_condition_8,512,5,6,9.541890374578204e-05,0.00042113672787234683,0.00045439204688700087
rotated_condition_8,512,5,7,0.00031300151125677566,0.00015718180081295767,0.0009183570745744396
rotated_condition_8,512,5,8,9.840032886705466e-05,0.0005357494429296039,0.0004810215043400355
rotated_condition_8,512,5,9,0.00015421184420359913,0.00022052369828717502,0.0006123029603477114
rotated_condition_8,512,5,10,0.0002101549060559791,8.521946038794542e-05,0.000722180862641962
rotated_condition_8,512,5,11,0.00021772368690913067,0.0003803842650560177,0.0007553584353532444
rotated_condition_8,512,5,12,0.0004624799957244521,0.00023260288234208388,0.0012094059048392098
rotated_condition_8,512,5,13,0.00029081610375626427,4.800161680473631e-05,0.0008831532168763879
rotated_condition_8,512,5,14,0.00023757240574357,0.0007699744883014263,0.0007971437656886589
rotated_condition_8,512,5,15,0.000308396836340211,0.0002667096833479369,0.0009244530955601236
rotated_condition_8,512,5,16,0.0001308649250225643,0.0007790052967883475,0.0005735330238738495
rotated_condition_8,512,5,17,0.0002899651134515908,8.714075974697752e-05,0.0008918954904898124
rotated_condition_8,512,5,18,0.0003002910582609982,0.00034753929048962195,0.0008996714893409049
rotated_condition_8,512,5,19,0.0006021119806608912,0.0012021947230452974,0.0014849680679545644
rotated_condition_8,512,5,20,0.0004751971307370635,0.001153841780823184,0.0011620007678582829
rotated_condition_8,512,5,21,0.0003140160108884694,0.00018919882418371283,0.0009090794813601606
rotated_condition_8,512,5,22,0.00020046291239037928,0.00017962774880691572,0.000704218304962187
rotated_condition_8,512,5,23,0.00010083567582211272,0.000290733364133294,0.0004976798889876172
rotated_condition_8,512,5,24,0.0003466904320480412,0.0008228084057292819,0.001044284516931116
rotated_condition_8,512,5,25,0.0001436652177874176,0.00045371926920081246,0.0005754625708489702
rotated_condition_8,512,5,26,0.0005589951434789724,0.0007853721606694437,0.00132261064435054
rotated_condition_8,512,5,27,0.0002739218304590948,0.0003272872855005003,0.0008701559712939259
rotated_condition_8,512,5,28,0.00011920201815122651,0.00021498013477196738,0.0005472927371428691
rotated_condition_8,512,5,29,8.755547167798653e-05,0.0002620836930814392,0.0004410284360339797
rotated_condition_8,512,5,30,0.00024822245269786155,9.322822886672574e-05,0.0008192671129227238
rotated_condition_8,512,5,31,0.00024978843341654075,0.0002183122127479476,0.0008092273722799123
rotated_condition_8,512,5,32,0.0003658106116961722,0.0005466055902079269,0.001065846549179825
rotated_condition_8,512,5,33,0.00016179258510949583,0.00032127234978119375,0.0006507001601772251
rotated_condition_8,512,5,34,0.0002274706320085359,0.0005291988668272779,0.0007800710637183557
rotated_condition_8,512,5,35,0.00026946481762951967,0.00012912566201959085,0.0008585043228449508
rotated_condition_8,512,6,0,0.00012009865789916492,0.0010681129843167656,0.0004379918309042665
rotated_condition_8,512,6,1,0.0001291420067224625,0.001258656825255437,0.0004631839424065314
rotated_condition_8,512,6,2,8.815504762288097e-05,0.0014154161851104912,0.0003162222636374654
rotated_condition_8,512,6,3,0.00018207289275651365,0.0008060406537572999,0.0006563912365907488
rotated_condition_8,512,6,4,0.0001453118866223811,0.00017973480207957702,0.0005621684299347016
rotated_condition_8,512,6,5,9.634111549060282e-05,0.00013529031272992641,0.00036925021930538755
rotated_condition_8,512,6,6,0.00012047090689367565,0.00037248294371346457,0.0004715411808675412
rotated_condition_8,512,6,7,0.00010622906059766811,0.0001735264707602077,0.00040171890070415245
rotated_condition_8,512,6,8,9.914186387634054e-05,0.002467845712997838,0.0003408150865586468
rotated_condition_8,512,6,9,0.00011357742938787926,0.0016479336362090267,0.0005588819491728396
rotated_condition_8,512,6,10,0.00011145319057891924,0.0012299700401868314,0.00036661929704142476
rotated_condition_8,512,6,11,9.820061280908778e-05,0.00027803752433958,0.0003881995201607079
rotated_condition_8,512,6,12,0.0001135741013032166,0.0009868253394582787,0.000509900685367524
rotated_condition_8,512,6,13,0.000248916229569295,0.0016153070628025605,0.0007703489070278164
rotated_condition_8,512,6,14,5.963025296017826e-05,0.0005768066695368375,0.0002055980924590754
rotated_condition_8,512,6,15,0.00010548461454535354,0.0005104663952803976,0.0003503445591452597
rotated_condition_8,512,6,16,0.00011984326741572948,0.00034354541825277075,0.00047420578224303066
rotated_condition_8,512,6,17,0.00014660484523434266,0.00026100502851923984,0.0005709990903538959
rotated_condition_8,512,6,18,9.060646112362432e-05,0.001550907626778167,0.0003064852943741663
rotated_condition_8,512,6,19,8.44705734787741e-05,0.0009617233698322171,0.0002779412702119624
rotated_condition_8,512,6,20,0.00018842260732839202,0.0009784755584607433,0.0008878996855391258
rotated_condition_8,512,6,21,0.0001125824891320503,0.0011642745840555772,0.00035248411353050853
rotated_condition_8,512,6,22,0.0001340881227588264,0.000538721736168828,0.0005437194312188004
rotated_condition_8,512,6,23,0.00014203536465990206,0.000426858670293223,0.0006425839070938403
rotated_condition_8,512,6,24,8.169882296841095e-05,0.005127573735879333,0.00014749270567179887
rotated_condition_8,512,6,25,8.95876416233752e-05,0.0016469711465131706,0.0003283896814426304
rotated_condition_8,512,6,26,7.203384608924818e-05,0.0007019570858250996,0.00024106563236960964
rotated_condition_8,512,6,27,0.0001414576133486693,0.00032567845281331666,0.0004734974773979761
rotated_condition_8,512,6,28,4.23828795921878e-05,0.002196974904854469,0.00020512569961931928
rotated_condition_8,512,6,29,7.573320476073132e-05,0.0012993904321318946,0.00026129995186081363
rotated_condition_8,512,6,30,0.00012477198562677082,0.0009709665810417149,0.0005976299332108974
rotated_condition_8,512,6,31,0.00013121116673979043,0.00043635553225164047,0.0004836194212997311
rotated_condition_8,512,6,32,7.018131732114031e-05,0.0008531682437454794,0.0002126327466551609
rotated_condition_8,512,6,33,6.605857355371767e-05,0.0009727115623978033,0.00023356993922115686
rotated_condition_8,512,6,34,9.385485970506854e-05,0.0008559773602121104,0.00032030141516552614
rotated_condition_8,512,6,35,7.911548903890582e-05,0.0025731886313616796,0.00022142446824569223
rotated_condition_8,512,7,0,0.0005508718944095909,0.0008483868611646917,0.0004529551899108003
rotated_condition_8,512,7,1,0.00045557969609467063,0.0009918896483528375,0.00045655519851792886
rotated_condition_8,512,7,2,0.0005898786296632512,0.00024123140262392363,0.0004919861822467598
rotated_condition_8,512,7,3,0.00044668209324670273,0.0005967542452441966,0.0004171225887703846
rotated_condition_8,512,7,4,0.00041061565984224554,0.0002980696077921086,0.00043494078623452343
rotated_condition_8,512,7,5,0.0004748285932877583,0.0013371999963569894,0.0004210142332762543
rotated_condition_8,512,7,6,0.0003423903709254268,0.0009614738291024946,0.0004174213097018377
rotated_condition_8,512,7,7,0.0003392175197288496,0.0002874480595648995,0.0004345653544455244
rotated_condition_8,512,7,8,0.0005165120503650622,0.0008559107581394825,0.00046720644766644874
rotated_condition_8,512,7,9,0.0005709307804531241,0.0005667367394688237,0.00046089714854720675
rotated_condition_8,512,7,10,0.00017773515443003345,0.0025234902238509033,0.000330431539049942
rotated_condition_8,512,7,11,0.0002275664809154994,0.0019360467022761412,0.0002973584176119727
rotated_condition_8,512,7,12,0.0003130772049613579,0.00017410411644546006,0.000398647679076926
rotated_condition_8,512,7,13,0.00035895050767046613,0.0012459087237980723,0.0003906316661497972
rotated_condition_8,512,7,14,0.00046593204654271473,0.002757380619785407,0.00043669869636099134
rotated_condition_8,512,7,15,0.0005699353602511708,0.0009870480672229632,0.000470899813484207
rotated_condition_8,512,7,16,0.00041219805890372333,0.0009681998993455098,0.00048142713332934765
rotated_condition_8,512,7,17,0.00036082053850405995,0.0002006280113521059,0.000392886032732047
rotated_condition_8,512,7,18,0.00037549670860437495,0.0010436253782778629,0.00043487167692893373
rotated_condition_8,512,7,19,0.00015677589164408355,0.0007638904880342904,0.0003235699028574698
rotated_condition_8,512,7,20,0.0006237130715286685,0.00037714003827728096,0.0004972410745252456
rotated_condition_8,512,7,21,0.00018557382200258107,0.0014127351044195399,0.00027340675409924335
rotated_condition_8,512,7,22,0.000257658712739348,0.0012376011242485334,0.0004435740499542257
rotated_condition_8,512,7,23,0.0004076896044988435,9.983401840099799e-05,0.0004191447384548848
rotated_condition_8,512,7,24,0.0004765321788851066,0.00040729264569393947,0.0004636829876222613
rotated_condition_8,512,7,25,0.00042284443160985627,0.0001439296154424534,0.00044236084964078713
rotated_condition_8,512,7,26,0.0007568174112332416,0.0023664341610462763,0.0005469733474871234
rotated_condition_8,512,7,27,0.000800524786687145,0.0009795965351552228,0.0005560549825333079
rotated_condition_8,512,7,28,9.695807614643564e-05,0.002249690415157002,0.0003146562657859778
rotated_condition_8,512,7,29,0.0006451862108771231,0.0017721643601138531,0.0005216789034276259
rotated_condition_8,512,7,30,0.00018043976827979952,0.001278340013792683,0.0003739251639688864
rotated_condition_8,512,7,31,0.0005995816861156381,0.00026352994083036395,0.0004938366258277172
rotated_condition_8,512,7,32,0.0007243307710489407,0.0011943063602243439,0.0005078951786315108
rotated_condition_8,512,7,33,0.0002862726535719357,0.000814331312770194,0.00043867402783877123
rotated_condition_8,512,7,34,0.000369340481840665,0.0005212512481348703,0.00041822231487581883
rotated_condition_8,512,7,35,0.0004374038114387683,0.0013092847122970267,0.00044133168864189437
rotated_condition_8,1024,0,0,1.238432934232867e-05,0.0005649579691554992,2.6714887372426216e-05
rotated_condition_8,1024,0,1,1.8724305533502333e-05,0.00045729015627862937,4.763739994992097e-05
rotated_condition_8,1024,0,2,2.6159299166034557e-05,0.00032990381915509064,0.0001087034631042411
rotated_condition_8,1024,0,3,2.586063414290336e-05,0.00021022309234217443,0.0001248845768002494
rotated_condition_8,1024,0,4,7.326027766837989e-05,0.00019082228350315948,0.00023810556950474966
rotated_condition_8,1024,0,5,9.955771640670502e-05,0.0002673136944280418,0.0003215017502316454
rotated_condition_8,1024,0,6,7.134705540044246e-05,0.0009846420780445775,0.00013989511049158215
rotated_condition_8,1024,0,7,2.9874361131230357e-05,0.00017801859081976044,9.212244285167778e-05
rotated_condition_8,1024,0,8,8.425830422591217e-05,0.0003690488791779856,0.00020742890188533473
rotated_condition_8,1024,0,9,0.0001046707641844979,0.0004202762377318403,0.0002818873831615989
rotated_condition_8,1024,0,10,7.113876127456073e-06,0.00035879698156031706,3.087092186426199e-05
rotated_condition_8,1024,0,11,6.473854805175519e-05,0.00022355043613250455,0.0002063643964049804
rotated_condition_8,1024,0,12,4.644694082342083e-05,0.0004359935199554569,0.00019009510775064054
rotated_condition_8,1024,0,13,8.77527640505495e-05,0.0003804679309813584,0.0002143316012692873
rotated_condition_8,1024,0,14,9.71168534768683e-05,0.0007993924059512687,0.0002442999184555453
rotated_condition_8,1024,0,15,5.977723677483096e-05,4.2047465135148346e-05,0.0002035791384003006
rotated_condition_8,1024,0,16,2.767147985918773e-05,0.0005060844028976262,5.1889477232274705e-05
rotated_condition_8,1024,0,17,0.00015760106791141239,0.0005795413316930895,0.00043128079604040317
rotated_condition_8,1024,0,18,0.00010940057131762009,0.0005634790284180669,0.0003788605758873264
rotated_condition_8,1024,0,19,0.00011557045064624328,0.0003813678829798655,0.0003051149767712059
rotated_condition_8,1024,0,20,1.857654389816361e-05,0.00037158747378444965,9.532789992284182e-05
rotated_condition_8,1024,0,21,7.524283004296094e-05,0.00022779806250994473,0.00019914964670304807
rotated_condition_8,1024,0,22,2.8525686879475832e-05,0.0003461670678999942,0.00012976111732471203
rotated_condition_8,1024,0,23,7.419358307840736e-05,0.0002298606131781972,0.00020699459291887503
rotated_condition_8,1024,0,24,5.042191906595671e-05,9.702211083030435e-05,0.0001668977074470699
rotated_condition_8,1024,0,25,7.209593507195789e-05,0.0003329258405963153,0.0002071753369631282
rotated_condition_8,1024,0,26,7.205850788061924e-05,0.00041628053813315283,0.0001752831110129759
rotated_condition_8,1024,0,27,3.9241946743764364e-05,0.00020373858913606135,0.00013048928885770435
rotated_condition_8,1024,0,28,4.304288277373678e-05,0.00022450020272239669,0.00018774895091981019
rotated_condition_8,1024,0,29,1.8490680123136067e-05,0.00011926182712732375,9.20226834946279e-05
rotated_condition_8,1024,0,30,4.064210596424086e-05,0.0004508821515742471,8.15581943006588e-05
rotated_condition_8,1024,0,31,7.224276199857408e-05,0.00023567991690002886,0.0002051444803414816
rotated_condition_8,1024,0,32,1.1339881705344297e-05,0.0009469218125682181,1.4888505967648501e-05
rotated_condition_8,1024,0,33,1.9952136140147907e-05,0.00014820451677626437,6.856923459816983e-05
rotated_condition_8,1024,0,34,8.535309062169513e-05,0.0003045537906430617,0.00022792345104952178
rotated_condition_8,1024,0,35,4.215194460247732e-05,0.0007819793666290188,6.827696526220565e-05
rotated_condition_8,1024,1,0,0.00014923890934795815,0.00010593118087073581,9.890405402992517e-05
rotated_condition_8,1024,1,1,0.00013282475972199715,0.00012950903146443344,8.762683009207288e-05
rotated_condition_8,1024,1,2,0.000207263707076693,0.0001508465321156599,0.00013292794352927432
rotated_condition_8,1024,1,3,0.00011088150282008603,0.00011458420750246176,9.797762049871766e-05
rotated_condition_8,1024,1,4,0.0002761820766524019,0.0002921091628902648,0.00020287242364071766
rotated_condition_8,1024,1,5,0.00015253790194695046,0.00016546788241436524,0.00010853031455238192
rotated_condition_8,1024,1,6,0.00015482357443456993,0.00019085206947167145,9.909303993956619e-05
rotated_condition_8,1024,1,7,0.00019701262149732067,0.0002992501771180106,0.00013152795534590722
rotated_condition_8,1024,1,8,0.0001475967083584116,0.0002732141385650852,9.129713833200376e-05
rotated_condition_8,1024,1,9,0.00013399761161210982,0.000129777569849611,0.0001028464925172827
rotated_condition_8,1024,1,10,0.00016772105029821504,0.00026026814881807225,0.0001277311305172754
rotated_condition_8,1024,1,11,0.00014753538266224886,3.8129654743012405e-05,9.878813118679387e-05
rotated_condition_8,1024,1,12,0.00012037419461604749,0.00015366167026076164,0.0001143950243417135
rotated_condition_8,1024,1,13,0.00017769874651865414,0.00015637691349878156,0.00011700742643818275
rotated_condition_8,1024,1,14,0.00023555661441457954,0.0007651872134686486,0.00015908025519630335
rotated_condition_8,1024,1,15,0.0002096868156363207,0.00027150316200030687,0.0001353574310433767
rotated_condition_8,1024,1,16,0.0001952627239143748,7.456980239658262e-05,0.0001294590301785941
rotated_condition_8,1024,1,17,0.00015877585460896852,4.6212628414671656e-05,0.00011063092929421203
rotated_condition_8,1024,1,18,0.0001728363497743822,8.154234340131049e-05,0.00011967604239275963
rotated_condition_8,1024,1,19,0.0002805804276127677,0.0005106117080645674,0.000224287652918028
rotated_condition_8,1024,1,20,0.00022483033693938286,0.0005441268325495224,0.00015502106672984033
rotated_condition_8,1024,1,21,0.00018670944037975598,5.669931628145469e-05,0.00012551358158048272
rotated_condition_8,1024,1,22,0.00018026726089640367,0.0001970973400368199,0.00012107706091790387
rotated_condition_8,1024,1,23,0.00013199179253920595,0.0002298832370229717,9.217180368977876e-05
rotated_condition_8,1024,1,24,0.00018597332323926416,0.00042806545966610904,0.00013805878871721164
rotated_condition_8,1024,1,25,0.0001967982825032629,0.0005932339617950275,0.00011583987942105548
rotated_condition_8,1024,1,26,0.00012908590363802896,0.000206947321324181,0.00010567053658601478
rotated_condition_8,1024,1,27,0.00019378822111468304,8.685706191883914e-05,0.000130002173362314
rotated_condition_8,1024,1,28,0.00012808428522722253,0.00010892780553349204,0.00010486368185094137
rotated_condition_8,1024,1,29,0.00014890892343392116,4.087319549359538e-05,9.638260518927551e-05
rotated_condition_8,1024,1,30,0.00012163753729886755,0.00013249687928578485,9.325518428902123e-05
rotated_condition_8,1024,1,31,0.0001609288095411932,4.911080613991633e-05,0.00010844533980258208
rotated_condition_8,1024,1,32,0.0001524391656251889,0.00030033364119022164,0.00010371207188190738
rotated_condition_8,1024,1,33,0.0001891470855854359,0.0001482274037464056,0.00012621981450488588
rotated_condition_8,1024,1,34,0.00014247940881091702,0.00014309196111405133,0.00010496608599133044
rotated_condition_8,1024,1,35,0.00013845216322360838,0.00024848992288978295,9.176408231706263e-05
rotated_condition_8,1024,2,0,0.00045547298558796243,0.00012508366623910442,0.0005255150524280742
rotated_condition_8,1024,2,1,0.0004495802868246246,0.0002817360314263818,0.0005461555259568882
rotated_condition_8,1024,2,2,0.00041169604781248457,0.0003066948158967916,0.0005085627896218068
rotated_condition_8,1024,2,3,0.00047346448701359627,0.00011280477260983651,0.000515184506993296
rotated_condition_8,1024,2,4,0.0006391617150382947,0.00021870150252420876,0.0006145076590265957
rotated_condition_8,1024,2,5,0.0004254337923589513,2.9038380167771465e-05,0.0005013895989684002
rotated_condition_8,1024,2,6,0.0005052596314565494,0.0002697922738351972,0.0005769850365146667
rotated_condition_8,1024,2,7,0.00034616115802648236,9.167727698184529e-05,0.0004388675153571463
rotated_condition_8,1024,2,8,0.0005060128249793473,0.00022471170807752364,0.0005643011440713317
rotated_condition_8,1024,2,9,0.0003691421044798298,0.0002974887795405433,0.000488514119922893
rotated_condition_8,1024,2,10,0.00041133873302551764,6.524454009673921e-05,0.0005021987220911539
rotated_condition_8,1024,2,11,0.00030403828021889563,0.0003298605904157853,0.000420433592127971
rotated_condition_8,1024,2,12,0.0003992351435962223,4.612403829277537e-05,0.00047732740803442867
rotated_condition_8,1024,2,13,0.0004618048784192535,6.17290589506641e-05,0.0005319196016826432
rotated_condition_8,1024,2,14,0.00044220431999501456,9.091323260613875e-05,0.0005156265317693386
rotated_condition_8,1024,2,15,0.0003859648087836701,0.00011431040452073277,0.0004700646930926058
rotated_condition_8,1024,2,16,0.00040609838713140503,4.8231887225066384e-05,0.0004806435962059238
rotated_condition_8,1024,2,17,0.0005150185795812974,6.892547505522723e-05,0.0005406709713415195
rotated_condition_8,1024,2,18,0.0003520438801616854,7.751049343299147e-05,0.0004484002916194021
rotated_condition_8,1024,2,19,0.0005406893548029272,0.00013987379450240364,0.0005477307324816835
rotated_condition_8,1024,2,20,0.0004536997811997788,6.797714335248012e-05,0.0005146021500604108
rotated_condition_8,1024,2,21,0.0005957978468585543,0.0001646072628063888,0.0005949529937696246
rotated_condition_8,1024,2,22,0.0004366254999617831,0.00036398579736698065,0.0005312950542618676
rotated_condition_8,1024,2,23,0.00043532173200139506,0.00021614100209031576,0.0005150198647385054
rotated_condition_8,1024,2,24,0.00041660186364606564,3.4374701467585034e-05,0.0004939502997268342
rotated_condition_8,1024,2,25,0.0005807244831016591,0.00012889432404956355,0.0005882735887238538
rotated_condition_8,1024,2,26,0.00043508062747970824,5.696230846832526e-06,0.000503510077385013
rotated_condition_8,1024,2,27,0.0004511685861897764,3.730329398677139e-05,0.000517720039686133
rotated_condition_8,1024,2,28,0.0003992246652555927,0.00031502190706069925,0.0004852614777945969
rotated_condition_8,1024,2,29,0.0005776629960017416,0.0002025795596295114,0.0005644428130659327
rotated_condition_8,1024,2,30,0.0003786491232946912,5.336150676029896e-05,0.0004795162677393867
rotated_condition_8,1024,2,31,0.0003307040931713967,0.0001511762783600324,0.0004296062628760185
rotated_condition_8,1024,2,32,0.00040945200943538274,9.61558332306918e-05,0.00047560002365492265
rotated_condition_8,1024,2,33,0.0004543649165916643,7.745464431340095e-05,0.0005092451547372627
rotated_condition_8,1024,2,34,0.0005043751735275409,5.346488197693524e-05,0.0005495904370795589
rotated_condition_8,1024,2,35,0.00038668659259213695,2.5865011533069998e-05,0.00047190226093925334
rotated_condition_8,1024,3,0,0.0002805398274344202,0.00014581345262248735,0.0002579612153362482
rotated_condition_8,1024,3,1,0.00031567901807345037,0.0004363362825597065,0.0003099491578837989
rotated_condition_8,1024,3,2,0.00029459138523430184,2.3140369699697673e-05,0.00025360544388807534
rotated_condition_8,1024,3,3,0.00040736925139763197,0.0005932928620393902,0.0004169637461548174
rotated_condition_8,1024,3,4,0.0003519445177760958,0.0003265512423407625,0.0003257817210196596
rotated_condition_8,1024,3,5,0.00027928319191690204,0.0005880406138280322,0.0002874325595589645
rotated_condition_8,1024,3,6,0.00033141143487136607,8.763169908919882e-05,0.0003048676123894002
rotated_condition_8,1024,3,7,0.0003249425241763623,4.424049572041455e-05,0.0002915802437065543
rotated_condition_8,1024,3,8,0.00025568289552434714,0.00029220643027410653,0.0002111635228183516
rotated_condition_8,1024,3,9,0.00030289696517589546,0.00038360349349860737,0.00034425918786460655
rotated_condition_8,1024,3,10,0.0003685741775202445,0.00017797491396301433,0.0004614849527336715
rotated_condition_8,1024,3,11,0.0002510304365779071,0.00017834406715727948,0.00019487060592055978
rotated_condition_8,1024,3,12,0.00031044057018956856,0.0001410113512704541,0.00034353167966859745
rotated_condition_8,1024,3,13,0.0002793979775241054,8.436699648968382e-05,0.0002470864272828946
rotated_condition_8,1024,3,14,0.0002639171326740842,6.29446492373648e-05,0.00021947242786963313
rotated_condition_8,1024,3,15,0.00030464975014106763,0.00034851819737880674,0.00027251073831117804
rotated_condition_8,1024,3,16,0.00041697733623574873,0.0019271984085658,0.0004055884567569952
rotated_condition_8,1024,3,17,0.0002870832011888023,0.00025195709693842086,0.0002951387134688276
rotated_condition_8,1024,3,18,0.00040709042967812905,0.0002134922633654021,0.0004865359060574448
rotated_condition_8,1024,3,19,0.0002954659661009132,0.0005119707088493205,0.00028248171483653226
rotated_condition_8,1024,3,20,0.00036961305227762795,0.00043391429574105006,0.00033411496412232824
rotated_condition_8,1024,3,21,0.00030578757270680675,0.00015244217591600694,0.00028322435494102064
rotated_condition_8,1024,3,22,0.00025499932534972476,0.0002543694880780471,0.00021628474853187322
rotated_condition_8,1024,3,23,0.0003571910213104917,0.0001585556111342096,0.0003408938090660081
rotated_condition_8,1024,3,24,0.0003177266459524944,8.944764993034474e-05,0.00031164348728605646
rotated_condition_8,1024,3,25,0.0002528841454017715,0.00012689682029470552,0.0002249704628676043
rotated_condition_8,1024,3,26,0.00035771172193491786,0.00021051846146665203,0.0003921829409450117
rotated_condition_8,1024,3,27,0.0002752699176402116,0.00013309592237967618,0.00024943317878677626
rotated_condition_8,1024,3,28,0.00038014405388688433,0.0014109730266778065,0.0006967061725047393
rotated_condition_8,1024,3,29,0.00028292845706767895,0.0006304870320232971,0.0002275560369352393
rotated_condition_8,1024,3,30,0.0003560065816995121,0.0005309590067283568,0.0003651327286701071
rotated_condition_8,1024,3,31,0.00032023056210710973,0.000425668679715362,0.00039667866601110567
rotated_condition_8,1024,3,32,0.00039722915884528694,0.0002447917211359304,0.0004205321287510519
rotated_condition_8,1024,3,33,0.00036661973725643905,0.00017518839869026234,0.0004032389568517683
rotated_condition_8,1024,3,34,0.0004108881639008158,0.0006527667741022284,0.00040356784254760815
rotated_condition_8,1024,3,35,0.00030333534225140295,0.00019239566426479675,0.00033492965370762897
rotated_condition_8,1024,4,0,0.0001848755395471709,0.00014273264321560352,0.0001978573066172859
rotated_condition_8,1024,4,1,0.0003408439187216931,0.0002476427390950235,0.0003868884313216126
rotated_condition_8,1024,4,2,0.00026055141207797334,0.00010846950390429581,0.0002766693462656302
rotated_condition_8,1024,4,3,0.0002643095650576722,0.000141213349132828,0.00028821181340153067
rotated_condition_8,1024,4,4,0.00014138999634021613,0.0002458861569322539,0.00015011976868573883
rotated_condition_8,1024,4,5,0.0002618738247179532,0.00037250364116712877,0.00028614694743095697
rotated_condition_8,1024,4,6,0.00013972465180180562,0.00025781594419281475,0.00014578792491597566
rotated_condition_8,1024,4,7,0.00028356804981806427,0.00013541244699384093,0.00030964589519942874
rotated_condition_8,1024,4,8,0.0002763010583967403,0.00012967438233714527,0.00029447700668337626
rotated_condition_8,1024,4,9,0.0002964134482741918,0.00012385677289139348,0.00031324285187718184
rotated_condition_8,1024,4,10,5.498578423227707e-05,0.0010072322645228214,7.488945731472544e-05
rotated_condition_8,1024,4,11,1.8847748784992324e-05,0.0010692421129285276,8.306756250761276e-05
rotated_condition_8,1024,4,12,0.00033441237573876993,0.00031111220986174403,0.00035484768748151045
rotated_condition_8,1024,4,13,0.0002789419156965581,0.000295074882723643,0.00030962673249909704
rotated_condition_8,1024,4,14,3.9326993709288706e-05,0.0008014298847778113,9.079435229908213e-05
rotated_condition_8,1024,4,15,0.00023267350056671075,0.00023417005154769953,0.0002511891934878962
rotated_condition_8,1024,4,16,0.000299582228913226,0.00019976273398077205,0.0003359049224143349
rotated_condition_8,1024,4,17,0.0002794434479025226,0.00025545929573286645,0.00030951110541853767
rotated_condition_8,1024,4,18,0.00022600720056877214,6.641318895143303e-05,0.0002361396540378263
rotated_condition_8,1024,4,19,0.0003398718828642187,0.00029361085740581445,0.00038202215036655816
rotated_condition_8,1024,4,20,0.00020689932443440713,0.00020191176487124315,0.00021428486996584486
rotated_condition_8,1024,4,21,0.0003549157515845162,0.00014183868039732665,0.00039361455306425496
rotated_condition_8,1024,4,22,0.00022044403395905338,0.00010961807937314902,0.0002272733933868061
rotated_condition_8,1024,4,23,0.00021625640638090984,9.513910792851771e-05,0.00023088989209782534
rotated_condition_8,1024,4,24,0.00020126517244302224,0.0002742255922884322,0.0002119939197701231
rotated_condition_8,1024,4,25,2.069807207893688e-05,0.0022017856647477616,0.00014136289974429873
rotated_condition_8,1024,4,26,0.00031143332113416127,0.0001523004781084285,0.0003383808581625076
rotated_condition_8,1024,4,27,0.00018614354485871278,3.5657547019426434e-05,0.00019704974491366507
rotated_condition_8,1024,4,28,0.00032259085793072634,0.00021347026907016467,0.0003539789170574774
rotated_condition_8,1024,4,29,0.00014427104695431046,0.0005346765278210286,0.00016947191441321616
rotated_condition_8,1024,4,30,0.00017277267581080916,0.00014474963720690113,0.00018181867926442396
rotated_condition_8,1024,4,31,0.00040786983854388347,0.000167183488169634,0.0004634741317006715
rotated_condition_8,1024,4,32,0.00017063040154140908,0.00011569207157556915,0.00017925472561378146
rotated_condition_8,1024,4,33,0.00017889691860852524,3.8819685252533464e-05,0.000191758777525227
rotated_condition_8,1024,4,34,6.121836808726162e-05,0.0004244500448900959,8.160414556466103e-05
rotated_condition_8,1024,4,35,0.0002902277952771332,4.081547144305871e-05,0.0003095615452199019
rotated_condition_8,1024,5,0,0.0003983271023289773,2.926286090278482e-05,0.00020753658289364232
rotated_condition_8,1024,5,1,0.0006271735408989531,0.0001019721795960342,0.0004752973013268018
rotated_condition_8,1024,5,2,0.00044792290374796835,2.09539824353923e-05,0.00027761221242981104
rotated_condition_8,1024,5,3,0.00029500720165186,0.00019356329546501715,0.0001343844094114148
rotated_condition_8,1024,5,4,0.0003893909843615257,0.002716677556578414,0.0004065832214090492
rotated_condition_8,1024,5,5,0.00048348151558912203,0.00021645675181003248,0.0003025744515524855
rotated_condition_8,1024,5,6,0.0003959178224206665,0.0005593821417095995,0.00020977434210391803
rotated_condition_8,1024,5,7,0.0006167750407329766,0.0001302523278398911,0.0004160037587783855
rotated_condition_8,1024,5,8,0.0005079157934762676,0.00021858874520792066,0.00042604804999758224
rotated_condition_8,1024,5,9,0.0003552676506751493,0.0001039892306501958,0.00016323724446997779
rotated_condition_8,1024,5,10,0.0004989928842678843,0.00020459780538367804,0.000390527025010024
rotated_condition_8,1024,5,11,0.0006145611931997265,0.00015174586136512203,0.0004856035608851371
rotated_condition_8,1024,5,12,0.0004548007438834398,9.882803124008187e-05,0.0002737329247290591
rotated_condition_8,1024,5,13,0.0006662976969245146,0.00012979966153801365,0.0005534872654704751
rotated_condition_8,1024,5,14,0.0002765528567401428,0.0003445856387275396,0.00012804122437113025
rotated_condition_8,1024,5,15,0.0005702275552205429,0.00010679385176887897,0.0004504484885766285
rotated_condition_8,1024,5,16,0.00032488289556441714,0.0003427809443068801,0.0001585153204825682
rotated_condition_8,1024,5,17,0.0007063810051827133,0.00014276227767936046,0.0006429825459246021
rotated_condition_8,1024,5,18,0.0004273090633234966,0.00013356181935092053,0.0002392043355377827
rotated_condition_8,1024,5,19,0.0006728977221516043,0.00024072701037107118,0.000618284359262162
rotated_condition_8,1024,5,20,0.0006416758301273637,0.00022416986849840755,0.0004155907343855469
rotated_condition_8,1024,5,21,0.00032401348319500403,0.00020696079234116258,0.00015557609516896382
rotated_condition_8,1024,5,22,0.0005765413728724693,0.00011498795249278009,0.0004043538585880112
rotated_condition_8,1024,5,23,0.00046691014998371437,8.17569165498164e-05,0.0002466611985640935
rotated_condition_8,1024,5,24,0.0003559960688112612,0.00022195639654666377,0.00019681664753487538
rotated_condition_8,1024,5,25,0.00040579884647278837,0.00011335349567270833,0.00021143547682703993
rotated_condition_8,1024,5,26,0.000465845689922423,0.00015964349928043162,0.00027020883698442564
rotated_condition_8,1024,5,27,0.00048096963077797936,0.00014138338891458435,0.0003231795545336633
rotated_condition_8,1024,5,28,0.0005285454074724248,4.188538188678841e-05,0.0003878013701687584
rotated_condition_8,1024,5,29,0.0005596181259446031,0.0001201117724869583,0.0004525436539586221
rotated_condition_8,1024,5,30,0.0004404364044500064,1.8373081031878857e-05,0.0002590353949755022
rotated_condition_8,1024,5,31,0.0004172411047086728,8.312266188871309e-05,0.00024087963971225078
rotated_condition_8,1024,5,32,0.0007475051585619452,0.0004629284603546791,0.0007984331211324443
rotated_condition_8,1024,5,33,0.0005438257222573937,0.00014226925957910923,0.000407933045777708
rotated_condition_8,1024,5,34,0.00024823136116529853,0.0004761669363943233,0.00011243322019137213
rotated_condition_8,1024,5,35,0.000447918868651916,4.822840413019994e-05,0.00027203040778577914
rotated_condition_8,1024,6,0,4.095013617908691e-05,0.00024393504676724985,7.411683643882114e-05
rotated_condition_8,1024,6,1,4.024251973088452e-05,0.00023003299284946683,9.59439838210107e-05
rotated_condition_8,1024,6,2,3.693849213308969e-05,1.3950422837564923e-05,9.595233317259453e-05
rotated_condition_8,1024,6,3,3.8745784174425924e-05,0.0001784538090063444,0.00012499705411447317
rotated_condition_8,1024,6,4,4.352423574615062e-05,0.00027183181040516186,0.00012396275464814235
rotated_condition_8,1024,6,5,0.00015359239956012964,0.0015350640689532817,0.00012870300055768444
rotated_condition_8,1024,6,6,3.627918833469829e-05,3.112488120776434e-05,8.488482452431063e-05
rotated_condition_8,1024,6,7,4.472638209078712e-05,0.00017236395979296923,7.567020756514121e-05
rotated_condition_8,1024,6,8,3.6051107762741924e-05,0.0002317621368141042,7.464119325231144e-05
rotated_condition_8,1024,6,9,5.812486090466548e-05,0.0008625967274365643,7.16751846827757e-05
rotated_condition_8,1024,6,10,2.7703286190005016e-05,0.00017798487125421744,0.00012460401570369678
rotated_condition_8,1024,6,11,4.760626570777813e-05,0.0003678726061253026,0.00011487773163485584
rotated_condition_8,1024,6,12,4.0398195690420094e-05,0.00032190820113721055,0.00011263477946277784
rotated_condition_8,1024,6,13,3.938235501160439e-05,8.855602518228896e-05,0.00011944779743132713
rotated_condition_8,1024,6,14,4.375976810499997e-05,0.0007120908032050276,0.00011449212735422255
rotated_condition_8,1024,6,15,4.1756650598713485e-05,0.00014314091454303878,0.00013059325806328756
rotated_condition_8,1024,6,16,4.209878686501972e-05,0.00013531284719622334,0.00014088316759014728
rotated_condition_8,1024,6,17,3.8584630566845506e-05,0.0001271717902773909,0.00013345378629408283
rotated_condition_8,1024,6,18,4.178965437073188e-05,6.765255871061675e-05,0.0001241450222816798
rotated_condition_8,1024,6,19,4.282645213859903e-05,0.00023679902666340192,7.71272742244934e-05
rotated_condition_8,1024,6,20,4.5396594563539634e-05,0.0003660406780790291,9.621758588080075e-05
rotated_condition_8,1024,6,21,4.463502186146035e-05,0.00017975433317293562,7.837140841512768e-05
rotated_condition_8,1024,6,22,3.067633378846238e-05,0.00021646931249543372,9.997545730245185e-05
rotated_condition_8,1024,6,23,4.0340922793654075e-05,0.00021296771834388188,9.396728987152257e-05
rotated_condition_8,1024,6,24,3.489138282090174e-05,7.932241407156208e-05,0.00010224384236647131
rotated_condition_8,1024,6,25,3.456645985018396e-05,0.00016228462098236292,9.646847772565575e-05
rotated_condition_8,1024,6,26,4.000204519526394e-05,9.559673120682475e-05,0.00012397611803349106
rotated_condition_8,1024,6,27,3.763203378144466e-05,0.00011078824991742,9.416990037911713e-05
rotated_condition_8,1024,6,28,3.9649354922286e-05,0.00016574675499306005,0.00011846550545430321
rotated_condition_8,1024,6,29,4.41508530692757e-05,0.0003956244244083947,0.00011329304227615952
rotated_condition_8,1024,6,30,3.1497686612815574e-05,0.00014251911239366655,0.00012032166660423652
rotated_condition_8,1024,6,31,7.37065046655307e-05,0.000496188723530677,7.954483179023693e-05
rotated_condition_8,1024,6,32,4.321206300353597e-05,9.259245616397892e-05,0.0001229724620213639
rotated_condition_8,1024,6,33,5.543733412954907e-05,0.0008959503515409226,7.424533052509348e-05
rotated_condition_8,1024,6,34,4.602698299071999e-05,0.00021302069558671043,0.00012252175635778584
rotated_condition_8,1024,6,35,4.955959957369248e-05,0.00021078300466011605,7.380063069751577e-05
rotated_condition_8,1024,7,0,0.00024140652395320027,7.406239536728704e-05,0.000513836176331859
rotated_condition_8,1024,7,1,0.0003031085490822473,0.00012985342548296893,0.00037539762096647916
rotated_condition_8,1024,7,2,0.0001919208337023066,0.0004041856278410737,0.000543734920247295
rotated_condition_8,1024,7,3,0.00034127690771065854,2.489093136872732e-05,0.0004425158634821603
rotated_condition_8,1024,7,4,0.0001809676565118987,0.00041182944143260765,0.00042566394196192855
rotated_condition_8,1024,7,5,0.00022897268332448662,0.00022491058657821388,0.0006314827717297175
rotated_condition_8,1024,7,6,0.00024841954464872726,0.00019542641620239317,0.0004494606670244865
rotated_condition_8,1024,7,7,0.0002900120003469017,7.141413170855177e-05,0.0005220893143848793
rotated_condition_8,1024,7,8,0.00025147272704380264,0.00010132304518237369,0.0006170306844376805
rotated_condition_8,1024,7,9,0.0002874600858693071,0.0004402044976281831,0.0007543582268391122
rotated_condition_8,1024,7,10,0.00028025587119495025,5.866973023954878e-05,0.0004853335349750446
rotated_condition_8,1024,7,11,0.00033403357368829237,0.00011531485846378324,0.00038988638422105817
rotated_condition_8,1024,7,12,0.0003193456026435652,6.760356800810658e-05,0.0005106341164386131
rotated_condition_8,1024,7,13,0.0002740194492648544,2.6531456328482035e-05,0.000521546777342122
rotated_condition_8,1024,7,14,0.00030999259654294464,0.00011391539524488681,0.0006100805913495811
rotated_condition_8,1024,7,15,0.00035154628294517597,0.00035474667555007505,0.0004210698213197696
rotated_condition_8,1024,7,16,0.00025812229165679025,0.0001295114347533898,0.0003363416781420334
rotated_condition_8,1024,7,17,0.000288172648042686,5.227533650127158e-05,0.00043531711006111447
rotated_condition_8,1024,7,18,0.00025270186153394106,0.00010925597683012641,0.0006526594784838805
rotated_condition_8,1024,7,19,0.00027501804438187857,8.557432558110029e-05,0.0004256392400122758
rotated_condition_8,1024,7,20,0.0003053644962514248,9.410490963457297e-05,0.0004666251165478571
rotated_condition_8,1024,7,21,0.00033759734637454404,3.533162512801098e-05,0.0004354390304152467
rotated_condition_8,1024,7,22,0.0003121206563618651,8.337583601087954e-05,0.0005213952803159824
rotated_condition_8,1024,7,23,0.0002731692884011251,0.00012575873837692442,0.0003760692769339715
rotated_condition_8,1024,7,24,0.0002953371893139952,6.672531789887363e-05,0.0005305194972548656
rotated_condition_8,1024,7,25,0.00023530904575498946,0.0001344511679984019,0.0004248683845467288
rotated_condition_8,1024,7,26,0.00022730718778242286,8.02332709135283e-05,0.0004921918937623824
rotated_condition_8,1024,7,27,0.0002490011744306241,0.00025370977012691956,0.0007752532353774226
rotated_condition_8,1024,7,28,0.00020032600114572302,0.0008734933839198584,0.0006065428316153593
rotated_condition_8,1024,7,29,0.0003065693459194833,4.255476964170101e-05,0.00046110342837445454
rotated_condition_8,1024,7,30,0.0002467015097284205,0.00020969890663762063,0.00048420089658446515
rotated_condition_8,1024,7,31,0.0003506718166667102,0.00011327926726017693,0.0004183001574564887
rotated_condition_8,1024,7,32,0.00020564287922826313,0.00034701466450488903,0.0003889392813511013
rotated_condition_8,1024,7,33,0.00025601552066547943,0.0001278329892017594,0.0005898800327235695
rotated_condition_8,1024,7,34,0.0003280127140296899,0.00015389382439898815,0.0004956549243306112
rotated_condition_8,1024,7,35,0.00024921394954698377,0.0005416365327427919,0.0006232716654831364
